section_id,label,sort_order,height_m,distance_m,raw_height_m,line_style,value_state
A4-01,Section 1,1,0.0,0.0,,dotted,null_fill
A4-01,Section 1,1,0.0,1.0,,dotted,null_fill
A4-01,Section 1,1,0.0,2.0,,dotted,null_fill
A4-01,Section 1,1,0.0,3.0,,dotted,null_fill
A4-01,Section 1,1,0.0,4.0,,dotted,null_fill
A4-01,Section 1,1,0.0,5.0,,dotted,null_fill
A4-01,Section 1,1,0.0,6.0,,dotted,null_fill
A4-01,Section 1,1,0.0,7.0,,dotted,null_fill
A4-01,Section 1,1,0.0,8.0,,dotted,null_fill
A4-01,Section 1,1,0.0,9.0,,dotted,null_fill
A4-01,Section 1,1,0.0,10.0,,dotted,null_fill
A4-01,Section 1,1,0.0,11.0,,dotted,null_fill
A4-01,Section 1,1,0.0,12.0,,dotted,null_fill
A4-01,Section 1,1,0.0,13.0,,dotted,null_fill
A4-01,Section 1,1,0.0,14.0,,dotted,null_fill
A4-01,Section 1,1,0.0,15.0,,dotted,null_fill
A4-01,Section 1,1,0.0,16.0,,dotted,null_fill
A4-01,Section 1,1,0.0,17.0,,dotted,null_fill
A4-01,Section 1,1,0.0,18.0,,dotted,null_fill
A4-01,Section 1,1,0.0,19.0,,dotted,null_fill
A4-01,Section 1,1,0.0,20.0,,dotted,null_fill
A4-01,Section 1,1,0.0,21.0,,dotted,null_fill
A4-01,Section 1,1,0.0,22.0,,dotted,null_fill
A4-01,Section 1,1,0.0,23.0,,dotted,null_fill
A4-01,Section 1,1,0.0,24.0,,dotted,null_fill
A4-01,Section 1,1,0.0,25.0,,dotted,null_fill
A4-01,Section 1,1,-1.999532699584961,26.0,-1.999532699584961,solid,sampled
A4-01,Section 1,1,-2.0016231536865234,27.0,-2.0016231536865234,solid,sampled
A4-01,Section 1,1,-1.9536687135696411,28.0,-1.9536687135696411,solid,sampled
A4-01,Section 1,1,-1.9332971572875977,29.0,-1.9332971572875977,solid,sampled
A4-01,Section 1,1,-1.9201958179473877,30.0,-1.9201958179473877,solid,sampled
A4-01,Section 1,1,-1.8986910581588745,31.0,-1.8986910581588745,solid,sampled
A4-01,Section 1,1,-1.9006261825561523,32.0,-1.9006261825561523,solid,sampled
A4-01,Section 1,1,-1.91636061668396,33.0,-1.91636061668396,solid,sampled
A4-01,Section 1,1,-1.904550552368164,34.0,-1.904550552368164,solid,sampled
A4-01,Section 1,1,-1.9408763647079468,35.0,-1.9408763647079468,solid,sampled
A4-01,Section 1,1,-1.9487794637680054,36.0,-1.9487794637680054,solid,sampled
A4-01,Section 1,1,-1.927064299583435,37.0,-1.927064299583435,solid,sampled
A4-01,Section 1,1,-1.931490421295166,38.0,-1.931490421295166,solid,sampled
A4-01,Section 1,1,-1.9212613105773926,39.0,-1.9212613105773926,solid,sampled
A4-01,Section 1,1,-1.8941268920898438,40.0,-1.8941268920898438,solid,sampled
A4-01,Section 1,1,-1.9540588855743408,41.0,-1.9540588855743408,solid,sampled
A4-01,Section 1,1,-1.9749066829681396,42.0,-1.9749066829681396,solid,sampled
A4-01,Section 1,1,-1.9641188383102417,43.0,-1.9641188383102417,solid,sampled
A4-01,Section 1,1,-1.9732098579406738,44.0,-1.9732098579406738,solid,sampled
A4-01,Section 1,1,-1.9686570167541504,45.0,-1.9686570167541504,solid,sampled
A4-01,Section 1,1,-1.9561070203781128,46.0,-1.9561070203781128,solid,sampled
A4-01,Section 1,1,-1.9482518434524536,47.0,-1.9482518434524536,solid,sampled
A4-01,Section 1,1,-1.9145855903625488,48.0,-1.9145855903625488,solid,sampled
A4-01,Section 1,1,-1.9009255170822144,49.0,-1.9009255170822144,solid,sampled
A4-01,Section 1,1,-1.9060297012329102,50.0,-1.9060297012329102,solid,sampled
A4-01,Section 1,1,-1.9365662336349487,51.0,-1.9365662336349487,solid,sampled
A4-01,Section 1,1,-2.071596384048462,52.0,-2.071596384048462,solid,sampled
A4-01,Section 1,1,-2.116844415664673,53.0,-2.116844415664673,solid,sampled
A4-01,Section 1,1,-2.224457263946533,54.0,-2.224457263946533,solid,sampled
A4-01,Section 1,1,-2.079428195953369,55.0,-2.079428195953369,solid,sampled
A4-01,Section 1,1,-2.0521318912506104,56.0,-2.0521318912506104,solid,sampled
A4-01,Section 1,1,-2.073561668395996,57.0,-2.073561668395996,solid,sampled
A4-01,Section 1,1,-2.132469892501831,58.0,-2.132469892501831,solid,sampled
A4-01,Section 1,1,-2.074038028717041,59.0,-2.074038028717041,solid,sampled
A4-01,Section 1,1,-2.0673038959503174,60.0,-2.0673038959503174,solid,sampled
A4-01,Section 1,1,-2.1342520713806152,61.0,-2.1342520713806152,solid,sampled
A4-01,Section 1,1,-2.204723834991455,62.0,-2.204723834991455,solid,sampled
A4-01,Section 1,1,-2.1319780349731445,63.0,-2.1319780349731445,solid,sampled
A4-01,Section 1,1,-2.1373119354248047,64.0,-2.1373119354248047,solid,sampled
A4-01,Section 1,1,-2.173727512359619,65.0,-2.173727512359619,solid,sampled
A4-01,Section 1,1,-2.199878215789795,66.0,-2.199878215789795,solid,sampled
A4-01,Section 1,1,-2.2255005836486816,67.0,-2.2255005836486816,solid,sampled
A4-01,Section 1,1,-2.2558321952819824,68.0,-2.2558321952819824,solid,sampled
A4-01,Section 1,1,-2.2900495529174805,69.0,-2.2900495529174805,solid,sampled
A4-01,Section 1,1,-2.284527063369751,70.0,-2.284527063369751,solid,sampled
A4-01,Section 1,1,-2.271940231323242,71.0,-2.271940231323242,solid,sampled
A4-01,Section 1,1,-2.2756781578063965,72.0,-2.2756781578063965,solid,sampled
A4-01,Section 1,1,-2.2585291862487793,73.0,-2.2585291862487793,solid,sampled
A4-01,Section 1,1,-2.3013076782226562,74.0,-2.3013076782226562,solid,sampled
A4-01,Section 1,1,-2.3037984371185303,75.0,-2.3037984371185303,solid,sampled
A4-01,Section 1,1,-2.222940683364868,76.0,-2.222940683364868,solid,sampled
A4-01,Section 1,1,-2.2224647998809814,77.0,-2.2224647998809814,solid,sampled
A4-01,Section 1,1,-2.2588071823120117,78.0,-2.2588071823120117,solid,sampled
A4-01,Section 1,1,-2.324847936630249,79.0,-2.324847936630249,solid,sampled
A4-01,Section 1,1,-2.3151681423187256,80.0,-2.3151681423187256,solid,sampled
A4-01,Section 1,1,-2.4447519779205322,81.0,-2.4447519779205322,solid,sampled
A4-01,Section 1,1,-2.5823142528533936,82.0,-2.5823142528533936,solid,sampled
A4-01,Section 1,1,-2.565154552459717,83.0,-2.565154552459717,solid,sampled
A4-01,Section 1,1,-2.482060432434082,84.0,-2.482060432434082,solid,sampled
A4-01,Section 1,1,-2.348492383956909,85.0,-2.348492383956909,solid,sampled
A4-01,Section 1,1,-2.4309401512145996,86.0,-2.4309401512145996,solid,sampled
A4-01,Section 1,1,-2.402933120727539,87.0,-2.402933120727539,solid,sampled
A4-01,Section 1,1,-2.4770114421844482,88.0,-2.4770114421844482,solid,sampled
A4-01,Section 1,1,-2.463099479675293,89.0,-2.463099479675293,solid,sampled
A4-01,Section 1,1,-2.562199831008911,90.0,-2.562199831008911,solid,sampled
A4-01,Section 1,1,-2.5958662033081055,91.0,-2.5958662033081055,solid,sampled
A4-01,Section 1,1,-2.660703420639038,92.0,-2.660703420639038,solid,sampled
A4-01,Section 1,1,-2.4301645755767822,93.0,-2.4301645755767822,solid,sampled
A4-01,Section 1,1,-2.453518867492676,94.0,-2.453518867492676,solid,sampled
A4-01,Section 1,1,-2.4689488410949707,95.0,-2.4689488410949707,solid,sampled
A4-01,Section 1,1,-2.3376541137695312,96.0,-2.3376541137695312,solid,sampled
A4-01,Section 1,1,-2.3807144165039062,97.0,-2.3807144165039062,solid,sampled
A4-01,Section 1,1,-2.4017136096954346,98.0,-2.4017136096954346,solid,sampled
A4-01,Section 1,1,-2.3330695629119873,99.0,-2.3330695629119873,solid,sampled
A4-01,Section 1,1,-2.4133951663970947,100.0,-2.4133951663970947,solid,sampled
A4-01,Section 1,1,-2.5203614234924316,101.0,-2.5203614234924316,solid,sampled
A4-01,Section 1,1,-2.3821730613708496,102.0,-2.3821730613708496,solid,sampled
A4-01,Section 1,1,-2.226273775100708,103.0,-2.226273775100708,solid,sampled
A4-01,Section 1,1,-2.4635910987854004,104.0,-2.4635910987854004,solid,sampled
A4-01,Section 1,1,-2.33034348487854,105.0,-2.33034348487854,solid,sampled
A4-01,Section 1,1,-2.5674901008605957,106.0,-2.5674901008605957,solid,sampled
A4-01,Section 1,1,-2.371239423751831,107.0,-2.371239423751831,solid,sampled
A4-01,Section 1,1,-2.31549072265625,108.0,-2.31549072265625,solid,sampled
A4-01,Section 1,1,-2.416201591491699,109.0,-2.416201591491699,solid,sampled
A4-01,Section 1,1,-2.433744192123413,110.0,-2.433744192123413,solid,sampled
A4-01,Section 1,1,-2.5734965801239014,111.0,-2.5734965801239014,solid,sampled
A4-01,Section 1,1,-2.6335225105285645,112.0,-2.6335225105285645,solid,sampled
A4-01,Section 1,1,-2.484654426574707,113.0,-2.484654426574707,solid,sampled
A4-01,Section 1,1,-2.3670554161071777,114.0,-2.3670554161071777,solid,sampled
A4-01,Section 1,1,-2.4818215370178223,115.0,-2.4818215370178223,solid,sampled
A4-01,Section 1,1,-2.351856231689453,116.0,-2.351856231689453,solid,sampled
A4-01,Section 1,1,-2.3321471214294434,117.0,-2.3321471214294434,solid,sampled
A4-01,Section 1,1,-2.201519727706909,118.0,-2.201519727706909,solid,sampled
A4-01,Section 1,1,-2.1926536560058594,119.0,-2.1926536560058594,solid,sampled
A4-01,Section 1,1,-2.231846332550049,120.0,-2.231846332550049,solid,sampled
A4-01,Section 1,1,-2.32611083984375,121.0,-2.32611083984375,solid,sampled
A4-01,Section 1,1,-2.4221858978271484,122.0,-2.4221858978271484,solid,sampled
A4-01,Section 1,1,-2.1290364265441895,123.0,-2.1290364265441895,solid,sampled
A4-01,Section 1,1,-2.067363977432251,124.0,-2.067363977432251,solid,sampled
A4-01,Section 1,1,-2.0661139488220215,125.0,-2.0661139488220215,solid,sampled
A4-01,Section 1,1,-2.0429697036743164,126.0,-2.0429697036743164,solid,sampled
A4-01,Section 1,1,-2.0678606033325195,127.0,-2.0678606033325195,solid,sampled
A4-01,Section 1,1,-2.1174731254577637,128.0,-2.1174731254577637,solid,sampled
A4-01,Section 1,1,-2.045325756072998,129.0,-2.045325756072998,solid,sampled
A4-01,Section 1,1,-2.1158981323242188,130.0,-2.1158981323242188,solid,sampled
A4-01,Section 1,1,-2.147700548171997,131.0,-2.147700548171997,solid,sampled
A4-01,Section 1,1,-2.1001758575439453,132.0,-2.1001758575439453,solid,sampled
A4-01,Section 1,1,-2.0526397228240967,133.0,-2.0526397228240967,solid,sampled
A4-01,Section 1,1,-1.9840261936187744,134.0,-1.9840261936187744,solid,sampled
A4-01,Section 1,1,-1.8641526699066162,135.0,-1.8641526699066162,solid,sampled
A4-01,Section 1,1,-1.8315187692642212,136.0,-1.8315187692642212,solid,sampled
A4-01,Section 1,1,-1.7984246015548706,137.0,-1.7984246015548706,solid,sampled
A4-01,Section 1,1,-1.7702229022979736,138.0,-1.7702229022979736,solid,sampled
A4-01,Section 1,1,-1.7810337543487549,139.0,-1.7810337543487549,solid,sampled
A4-01,Section 1,1,-1.8636939525604248,140.0,-1.8636939525604248,solid,sampled
A4-01,Section 1,1,-1.9652442932128906,141.0,-1.9652442932128906,solid,sampled
A4-01,Section 1,1,-2.0751421451568604,142.0,-2.0751421451568604,solid,sampled
A4-01,Section 1,1,-1.8922139406204224,143.0,-1.8922139406204224,solid,sampled
A4-01,Section 1,1,-1.798708200454712,144.0,-1.798708200454712,solid,sampled
A4-01,Section 1,1,-1.7537121772766113,145.0,-1.7537121772766113,solid,sampled
A4-01,Section 1,1,-1.9058430194854736,146.0,-1.9058430194854736,solid,sampled
A4-01,Section 1,1,-1.987511157989502,147.0,-1.987511157989502,solid,sampled
A4-01,Section 1,1,-1.7154673337936401,148.0,-1.7154673337936401,solid,sampled
A4-01,Section 1,1,-1.7370073795318604,149.0,-1.7370073795318604,solid,sampled
A4-01,Section 1,1,-1.6916804313659668,150.0,-1.6916804313659668,solid,sampled
A4-01,Section 1,1,-1.6731748580932617,151.0,-1.6731748580932617,solid,sampled
A4-01,Section 1,1,-1.6167048215866089,152.0,-1.6167048215866089,solid,sampled
A4-01,Section 1,1,-1.631211280822754,153.0,-1.631211280822754,solid,sampled
A4-01,Section 1,1,-1.6509861946105957,154.0,-1.6509861946105957,solid,sampled
A4-01,Section 1,1,-1.6817843914031982,155.0,-1.6817843914031982,solid,sampled
A4-01,Section 1,1,-1.7659485340118408,156.0,-1.7659485340118408,solid,sampled
A4-01,Section 1,1,-1.6571056842803955,157.0,-1.6571056842803955,solid,sampled
A4-01,Section 1,1,-1.6544272899627686,158.0,-1.6544272899627686,solid,sampled
A4-01,Section 1,1,-1.564262866973877,159.0,-1.564262866973877,solid,sampled
A4-01,Section 1,1,-1.512727975845337,160.0,-1.512727975845337,solid,sampled
A4-01,Section 1,1,-1.4818189144134521,161.0,-1.4818189144134521,solid,sampled
A4-01,Section 1,1,-1.4538078308105469,162.0,-1.4538078308105469,solid,sampled
A4-01,Section 1,1,-1.4799120426177979,163.0,-1.4799120426177979,solid,sampled
A4-01,Section 1,1,-1.5199800729751587,164.0,-1.5199800729751587,solid,sampled
A4-01,Section 1,1,-1.5331122875213623,165.0,-1.5331122875213623,solid,sampled
A4-01,Section 1,1,-1.658515453338623,166.0,-1.658515453338623,solid,sampled
A4-01,Section 1,1,-1.675156831741333,167.0,-1.675156831741333,solid,sampled
A4-01,Section 1,1,-1.6393152475357056,168.0,-1.6393152475357056,solid,sampled
A4-01,Section 1,1,-1.6253684759140015,169.0,-1.6253684759140015,solid,sampled
A4-01,Section 1,1,-1.557226538658142,170.0,-1.557226538658142,solid,sampled
A4-01,Section 1,1,-1.5378323793411255,171.0,-1.5378323793411255,solid,sampled
A4-01,Section 1,1,-1.6349756717681885,172.0,-1.6349756717681885,solid,sampled
A4-01,Section 1,1,-1.7223206758499146,173.0,-1.7223206758499146,solid,sampled
A4-01,Section 1,1,-1.6974780559539795,174.0,-1.6974780559539795,solid,sampled
A4-01,Section 1,1,-1.6903584003448486,175.0,-1.6903584003448486,solid,sampled
A4-01,Section 1,1,-1.5365099906921387,176.0,-1.5365099906921387,solid,sampled
A4-01,Section 1,1,-1.6454408168792725,177.0,-1.6454408168792725,solid,sampled
A4-01,Section 1,1,-1.6634269952774048,178.0,-1.6634269952774048,solid,sampled
A4-01,Section 1,1,-1.6533164978027344,179.0,-1.6533164978027344,solid,sampled
A4-01,Section 1,1,-1.549116611480713,180.0,-1.549116611480713,solid,sampled
A4-01,Section 1,1,-1.5509649515151978,181.0,-1.5509649515151978,solid,sampled
A4-01,Section 1,1,-1.6377692222595215,182.0,-1.6377692222595215,solid,sampled
A4-01,Section 1,1,-1.6647963523864746,183.0,-1.6647963523864746,solid,sampled
A4-01,Section 1,1,-1.6882658004760742,184.0,-1.6882658004760742,solid,sampled
A4-01,Section 1,1,-1.663773536682129,185.0,-1.663773536682129,solid,sampled
A4-01,Section 1,1,-1.6758346557617188,186.0,-1.6758346557617188,solid,sampled
A4-01,Section 1,1,-1.7556238174438477,187.0,-1.7556238174438477,solid,sampled
A4-01,Section 1,1,-1.672035574913025,188.0,-1.672035574913025,solid,sampled
A4-01,Section 1,1,-1.628597617149353,189.0,-1.628597617149353,solid,sampled
A4-01,Section 1,1,-1.6489057540893555,190.0,-1.6489057540893555,solid,sampled
A4-01,Section 1,1,-1.602353811264038,191.0,-1.602353811264038,solid,sampled
A4-01,Section 1,1,-1.619386911392212,192.0,-1.619386911392212,solid,sampled
A4-01,Section 1,1,-1.6258440017700195,193.0,-1.6258440017700195,solid,sampled
A4-01,Section 1,1,-1.6468091011047363,194.0,-1.6468091011047363,solid,sampled
A4-01,Section 1,1,-1.7088415622711182,195.0,-1.7088415622711182,solid,sampled
A4-01,Section 1,1,-1.7165658473968506,196.0,-1.7165658473968506,solid,sampled
A4-01,Section 1,1,-1.6270747184753418,197.0,-1.6270747184753418,solid,sampled
A4-01,Section 1,1,-1.5064910650253296,198.0,-1.5064910650253296,solid,sampled
A4-01,Section 1,1,-1.464598536491394,199.0,-1.464598536491394,solid,sampled
A4-01,Section 1,1,-1.4818345308303833,200.0,-1.4818345308303833,solid,sampled
A4-01,Section 1,1,-1.5763144493103027,201.0,-1.5763144493103027,solid,sampled
A4-01,Section 1,1,-1.6177760362625122,202.0,-1.6177760362625122,solid,sampled
A4-01,Section 1,1,-1.7227656841278076,203.0,-1.7227656841278076,solid,sampled
A4-01,Section 1,1,-1.7003438472747803,204.0,-1.7003438472747803,solid,sampled
A4-01,Section 1,1,-1.601611614227295,205.0,-1.601611614227295,solid,sampled
A4-01,Section 1,1,-1.6409858465194702,206.0,-1.6409858465194702,solid,sampled
A4-01,Section 1,1,-1.6274683475494385,207.0,-1.6274683475494385,solid,sampled
A4-01,Section 1,1,-1.6720945835113525,208.0,-1.6720945835113525,solid,sampled
A4-01,Section 1,1,-1.5945638418197632,209.0,-1.5945638418197632,solid,sampled
A4-01,Section 1,1,-1.5898770093917847,210.0,-1.5898770093917847,solid,sampled
A4-01,Section 1,1,-1.6274844408035278,211.0,-1.6274844408035278,solid,sampled
A4-01,Section 1,1,-1.5587596893310547,212.0,-1.5587596893310547,solid,sampled
A4-01,Section 1,1,-1.6093860864639282,213.0,-1.6093860864639282,solid,sampled
A4-01,Section 1,1,-1.652953028678894,214.0,-1.652953028678894,solid,sampled
A4-01,Section 1,1,-1.6335558891296387,215.0,-1.6335558891296387,solid,sampled
A4-01,Section 1,1,-1.6396527290344238,216.0,-1.6396527290344238,solid,sampled
A4-01,Section 1,1,-1.6293988227844238,217.0,-1.6293988227844238,solid,sampled
A4-01,Section 1,1,-1.6838202476501465,218.0,-1.6838202476501465,solid,sampled
A4-01,Section 1,1,-1.6344866752624512,219.0,-1.6344866752624512,solid,sampled
A4-01,Section 1,1,-1.4209398031234741,220.0,-1.4209398031234741,solid,sampled
A4-01,Section 1,1,-1.4400221109390259,221.0,-1.4400221109390259,solid,sampled
A4-01,Section 1,1,-1.4528117179870605,222.0,-1.4528117179870605,solid,sampled
A4-01,Section 1,1,-1.5058581829071045,223.0,-1.5058581829071045,solid,sampled
A4-01,Section 1,1,-1.6369786262512207,224.0,-1.6369786262512207,solid,sampled
A4-01,Section 1,1,-1.7238695621490479,225.0,-1.7238695621490479,solid,sampled
A4-01,Section 1,1,-1.5791475772857666,226.0,-1.5791475772857666,solid,sampled
A4-01,Section 1,1,-1.592644214630127,227.0,-1.592644214630127,solid,sampled
A4-01,Section 1,1,-1.4718965291976929,228.0,-1.4718965291976929,solid,sampled
A4-01,Section 1,1,-1.4625608921051025,229.0,-1.4625608921051025,solid,sampled
A4-01,Section 1,1,-1.472865104675293,230.0,-1.472865104675293,solid,sampled
A4-01,Section 1,1,-1.5726888179779053,231.0,-1.5726888179779053,solid,sampled
A4-01,Section 1,1,-1.5250757932662964,232.0,-1.5250757932662964,solid,sampled
A4-01,Section 1,1,-1.5438910722732544,233.0,-1.5438910722732544,solid,sampled
A4-01,Section 1,1,-1.5611469745635986,234.0,-1.5611469745635986,solid,sampled
A4-01,Section 1,1,-1.3735452890396118,235.0,-1.3735452890396118,solid,sampled
A4-01,Section 1,1,-1.3833041191101074,236.0,-1.3833041191101074,solid,sampled
A4-01,Section 1,1,-1.3660718202590942,237.0,-1.3660718202590942,solid,sampled
A4-01,Section 1,1,-1.4250609874725342,238.0,-1.4250609874725342,solid,sampled
A4-01,Section 1,1,-1.3696473836898804,239.0,-1.3696473836898804,solid,sampled
A4-01,Section 1,1,-1.4547648429870605,240.0,-1.4547648429870605,solid,sampled
A4-01,Section 1,1,-1.4622690677642822,241.0,-1.4622690677642822,solid,sampled
A4-01,Section 1,1,-1.355495810508728,242.0,-1.355495810508728,solid,sampled
A4-01,Section 1,1,-1.3264660835266113,243.0,-1.3264660835266113,solid,sampled
A4-01,Section 1,1,-1.5133998394012451,244.0,-1.5133998394012451,solid,sampled
A4-01,Section 1,1,-1.4377176761627197,245.0,-1.4377176761627197,solid,sampled
A4-01,Section 1,1,-1.3378369808197021,246.0,-1.3378369808197021,solid,sampled
A4-01,Section 1,1,-1.276405930519104,247.0,-1.276405930519104,solid,sampled
A4-01,Section 1,1,-1.2781119346618652,248.0,-1.2781119346618652,solid,sampled
A4-01,Section 1,1,-1.3026357889175415,249.0,-1.3026357889175415,solid,sampled
A4-01,Section 1,1,-1.2702906131744385,250.0,-1.2702906131744385,solid,sampled
A4-01,Section 1,1,-1.315227746963501,251.0,-1.315227746963501,solid,sampled
A4-01,Section 1,1,-1.3956712484359741,252.0,-1.3956712484359741,solid,sampled
A4-01,Section 1,1,-1.4476641416549683,253.0,-1.4476641416549683,solid,sampled
A4-01,Section 1,1,-1.3327739238739014,254.0,-1.3327739238739014,solid,sampled
A4-01,Section 1,1,-1.2524760961532593,255.0,-1.2524760961532593,solid,sampled
A4-01,Section 1,1,-1.2282319068908691,256.0,-1.2282319068908691,solid,sampled
A4-01,Section 1,1,-1.2473009824752808,257.0,-1.2473009824752808,solid,sampled
A4-01,Section 1,1,-1.3266276121139526,258.0,-1.3266276121139526,solid,sampled
A4-01,Section 1,1,-1.3176021575927734,259.0,-1.3176021575927734,solid,sampled
A4-01,Section 1,1,-1.1873105764389038,260.0,-1.1873105764389038,solid,sampled
A4-01,Section 1,1,-1.1242170333862305,261.0,-1.1242170333862305,solid,sampled
A4-01,Section 1,1,-1.0773879289627075,262.0,-1.0773879289627075,solid,sampled
A4-01,Section 1,1,-1.0703011751174927,263.0,-1.0703011751174927,solid,sampled
A4-01,Section 1,1,-1.1165064573287964,264.0,-1.1165064573287964,solid,sampled
A4-01,Section 1,1,-1.124903917312622,265.0,-1.124903917312622,solid,sampled
A4-01,Section 1,1,-1.0989670753479004,266.0,-1.0989670753479004,solid,sampled
A4-01,Section 1,1,-1.021554708480835,267.0,-1.021554708480835,solid,sampled
A4-01,Section 1,1,-0.9977165460586548,268.0,-0.9977165460586548,solid,sampled
A4-01,Section 1,1,-1.0524137020111084,269.0,-1.0524137020111084,solid,sampled
A4-01,Section 1,1,-1.0502500534057617,270.0,-1.0502500534057617,solid,sampled
A4-01,Section 1,1,-1.0023524761199951,271.0,-1.0023524761199951,solid,sampled
A4-01,Section 1,1,-0.8590724468231201,272.0,-0.8590724468231201,solid,sampled
A4-01,Section 1,1,-0.7927583456039429,273.0,-0.7927583456039429,solid,sampled
A4-01,Section 1,1,-0.7748348712921143,274.0,-0.7748348712921143,solid,sampled
A4-01,Section 1,1,-0.8588472008705139,275.0,-0.8588472008705139,solid,sampled
A4-01,Section 1,1,-0.9089487791061401,276.0,-0.9089487791061401,solid,sampled
A4-01,Section 1,1,-0.7926517128944397,277.0,-0.7926517128944397,solid,sampled
A4-01,Section 1,1,-0.7433509230613708,278.0,-0.7433509230613708,solid,sampled
A4-01,Section 1,1,-0.6999998092651367,279.0,-0.6999998092651367,solid,sampled
A4-01,Section 1,1,-0.7412641048431396,280.0,-0.7412641048431396,solid,sampled
A4-01,Section 1,1,-0.8502843976020813,281.0,-0.8502843976020813,solid,sampled
A4-01,Section 1,1,-0.7695211172103882,282.0,-0.7695211172103882,solid,sampled
A4-01,Section 1,1,-0.6687692403793335,283.0,-0.6687692403793335,solid,sampled
A4-01,Section 1,1,-0.5836222767829895,284.0,-0.5836222767829895,solid,sampled
A4-01,Section 1,1,-0.6348150372505188,285.0,-0.6348150372505188,solid,sampled
A4-01,Section 1,1,-0.6252285838127136,286.0,-0.6252285838127136,solid,sampled
A4-01,Section 1,1,-0.6297061443328857,287.0,-0.6297061443328857,solid,sampled
A4-01,Section 1,1,-0.6092395782470703,288.0,-0.6092395782470703,solid,sampled
A4-01,Section 1,1,-0.5433013439178467,289.0,-0.5433013439178467,solid,sampled
A4-01,Section 1,1,-0.5896366834640503,290.0,-0.5896366834640503,solid,sampled
A4-01,Section 1,1,-0.7146986126899719,291.0,-0.7146986126899719,solid,sampled
A4-01,Section 1,1,-0.6688573360443115,292.0,-0.6688573360443115,solid,sampled
A4-01,Section 1,1,-0.4992372989654541,293.0,-0.4992372989654541,solid,sampled
A4-01,Section 1,1,-0.5189646482467651,294.0,-0.5189646482467651,solid,sampled
A4-01,Section 1,1,-0.4266434907913208,295.0,-0.4266434907913208,solid,sampled
A4-01,Section 1,1,-0.46257704496383667,296.0,-0.46257704496383667,solid,sampled
A4-01,Section 1,1,-0.3632389307022095,297.0,-0.3632389307022095,solid,sampled
A4-01,Section 1,1,-0.4783151149749756,298.0,-0.4783151149749756,solid,sampled
A4-01,Section 1,1,-0.46642935276031494,299.0,-0.46642935276031494,solid,sampled
A4-01,Section 1,1,-0.3130149841308594,300.0,-0.3130149841308594,solid,sampled
A4-01,Section 1,1,-0.20783695578575134,301.0,-0.20783695578575134,solid,sampled
A4-01,Section 1,1,-0.28279566764831543,302.0,-0.28279566764831543,solid,sampled
A4-01,Section 1,1,-0.257938414812088,303.0,-0.257938414812088,solid,sampled
A4-01,Section 1,1,-0.18686172366142273,304.0,-0.18686172366142273,solid,sampled
A4-01,Section 1,1,-0.23402804136276245,305.0,-0.23402804136276245,solid,sampled
A4-01,Section 1,1,-0.09393122792243958,306.0,-0.09393122792243958,solid,sampled
A4-01,Section 1,1,-0.00676727294921875,307.0,-0.00676727294921875,solid,sampled
A4-01,Section 1,1,-0.04404473304748535,308.0,-0.04404473304748535,solid,sampled
A4-01,Section 1,1,-0.12671345472335815,309.0,-0.12671345472335815,solid,sampled
A4-01,Section 1,1,0.03823181986808777,310.0,0.03823181986808777,solid,sampled
A4-01,Section 1,1,0.11801958084106445,311.0,0.11801958084106445,solid,sampled
A4-01,Section 1,1,0.10587692260742188,312.0,0.10587692260742188,solid,sampled
A4-01,Section 1,1,0.12680482864379883,313.0,0.12680482864379883,solid,sampled
A4-01,Section 1,1,0.15528909862041473,314.0,0.15528909862041473,solid,sampled
A4-01,Section 1,1,0.08298683166503906,315.0,0.08298683166503906,solid,sampled
A4-01,Section 1,1,0.023064494132995605,316.0,0.023064494132995605,solid,sampled
A4-01,Section 1,1,0.15122240781784058,317.0,0.15122240781784058,solid,sampled
A4-01,Section 1,1,0.16284692287445068,318.0,0.16284692287445068,solid,sampled
A4-01,Section 1,1,0.2319297343492508,319.0,0.2319297343492508,solid,sampled
A4-01,Section 1,1,0.2928485870361328,320.0,0.2928485870361328,solid,sampled
A4-01,Section 1,1,0.278375506401062,321.0,0.278375506401062,solid,sampled
A4-01,Section 1,1,0.3161925673484802,322.0,0.3161925673484802,solid,sampled
A4-01,Section 1,1,0.42279183864593506,323.0,0.42279183864593506,solid,sampled
A4-01,Section 1,1,0.4532758891582489,324.0,0.4532758891582489,solid,sampled
A4-01,Section 1,1,0.48747509717941284,325.0,0.48747509717941284,solid,sampled
A4-01,Section 1,1,0.5244932174682617,326.0,0.5244932174682617,solid,sampled
A4-01,Section 1,1,0.4806501567363739,327.0,0.4806501567363739,solid,sampled
A4-01,Section 1,1,0.4956025779247284,328.0,0.4956025779247284,solid,sampled
A4-01,Section 1,1,0.5600144267082214,329.0,0.5600144267082214,solid,sampled
A4-01,Section 1,1,0.5779466032981873,330.0,0.5779466032981873,solid,sampled
A4-01,Section 1,1,0.6366332769393921,331.0,0.6366332769393921,solid,sampled
A4-01,Section 1,1,0.5025439858436584,332.0,0.5025439858436584,solid,sampled
A4-01,Section 1,1,0.5593385696411133,333.0,0.5593385696411133,solid,sampled
A4-01,Section 1,1,0.4681372344493866,334.0,0.4681372344493866,solid,sampled
A4-01,Section 1,1,0.5343551635742188,335.0,0.5343551635742188,solid,sampled
A4-01,Section 1,1,0.6200802326202393,336.0,0.6200802326202393,solid,sampled
A4-01,Section 1,1,0.7001954317092896,337.0,0.7001954317092896,solid,sampled
A4-01,Section 1,1,0.7557361125946045,338.0,0.7557361125946045,solid,sampled
A4-01,Section 1,1,0.7150322198867798,339.0,0.7150322198867798,solid,sampled
A4-01,Section 1,1,0.6246046423912048,340.0,0.6246046423912048,solid,sampled
A4-01,Section 1,1,0.8319270610809326,341.0,0.8319270610809326,solid,sampled
A4-01,Section 1,1,0.8676063418388367,342.0,0.8676063418388367,solid,sampled
A4-01,Section 1,1,0.9106255769729614,343.0,0.9106255769729614,solid,sampled
A4-01,Section 1,1,0.9646122455596924,344.0,0.9646122455596924,solid,sampled
A4-01,Section 1,1,0.9875669479370117,345.0,0.9875669479370117,solid,sampled
A4-01,Section 1,1,1.066148042678833,346.0,1.066148042678833,solid,sampled
A4-01,Section 1,1,1.067664623260498,347.0,1.067664623260498,solid,sampled
A4-01,Section 1,1,1.050397515296936,348.0,1.050397515296936,solid,sampled
A4-01,Section 1,1,0.9999673962593079,349.0,0.9999673962593079,solid,sampled
A4-01,Section 1,1,0.9487497806549072,350.0,0.9487497806549072,solid,sampled
A4-01,Section 1,1,1.0289225578308105,351.0,1.0289225578308105,solid,sampled
A4-01,Section 1,1,1.0543620586395264,352.0,1.0543620586395264,solid,sampled
A4-01,Section 1,1,1.1216449737548828,353.0,1.1216449737548828,solid,sampled
A4-01,Section 1,1,1.1169164180755615,354.0,1.1169164180755615,solid,sampled
A4-01,Section 1,1,1.057389736175537,355.0,1.057389736175537,solid,sampled
A4-01,Section 1,1,0.9970560669898987,356.0,0.9970560669898987,solid,sampled
A4-01,Section 1,1,1.0478259325027466,357.0,1.0478259325027466,solid,sampled
A4-01,Section 1,1,1.029503345489502,358.0,1.029503345489502,solid,sampled
A4-01,Section 1,1,0.9928610324859619,359.0,0.9928610324859619,solid,sampled
A4-01,Section 1,1,1.062002420425415,360.0,1.062002420425415,solid,sampled
A4-01,Section 1,1,1.1026840209960938,361.0,1.1026840209960938,solid,sampled
A4-01,Section 1,1,1.1107224225997925,362.0,1.1107224225997925,solid,sampled
A4-01,Section 1,1,1.1064318418502808,363.0,1.1064318418502808,solid,sampled
A4-01,Section 1,1,1.1165920495986938,364.0,1.1165920495986938,solid,sampled
A4-01,Section 1,1,1.1261874437332153,365.0,1.1261874437332153,solid,sampled
A4-01,Section 1,1,1.1341421604156494,366.0,1.1341421604156494,solid,sampled
A4-01,Section 1,1,1.1403405666351318,367.0,1.1403405666351318,solid,sampled
A4-01,Section 1,1,1.1565885543823242,368.0,1.1565885543823242,solid,sampled
A4-01,Section 1,1,1.1660921573638916,369.0,1.1660921573638916,solid,sampled
A4-01,Section 1,1,1.1625938415527344,370.0,1.1625938415527344,solid,sampled
A4-01,Section 1,1,1.154475212097168,371.0,1.154475212097168,solid,sampled
A4-01,Section 1,1,1.1714648008346558,372.0,1.1714648008346558,solid,sampled
A4-01,Section 1,1,1.1429059505462646,373.0,1.1429059505462646,solid,sampled
A4-01,Section 1,1,1.1516999006271362,374.0,1.1516999006271362,solid,sampled
A4-01,Section 1,1,1.151071548461914,375.0,1.151071548461914,solid,sampled
A4-01,Section 1,1,1.1594181060791016,376.0,1.1594181060791016,solid,sampled
A4-01,Section 1,1,1.1566905975341797,377.0,1.1566905975341797,solid,sampled
A4-01,Section 1,1,1.1484558582305908,378.0,1.1484558582305908,solid,sampled
A4-01,Section 1,1,1.0205409526824951,379.0,1.0205409526824951,solid,sampled
A4-01,Section 1,1,0.92377769947052,380.0,0.92377769947052,solid,sampled
A4-01,Section 1,1,0.7789425849914551,381.0,0.7789425849914551,solid,sampled
A4-01,Section 1,1,0.5344914197921753,382.0,0.5344914197921753,solid,sampled
A4-01,Section 1,1,0.27520743012428284,383.0,0.27520743012428284,solid,sampled
A4-01,Section 1,1,0.002214193344116211,384.0,0.002214193344116211,solid,sampled
A4-01,Section 1,1,-0.22710201144218445,385.0,-0.22710201144218445,solid,sampled
A4-01,Section 1,1,-0.4369567930698395,386.0,-0.4369567930698395,solid,sampled
A4-01,Section 1,1,-0.6342372298240662,387.0,-0.6342372298240662,solid,sampled
A4-01,Section 1,1,-0.8505250215530396,388.0,-0.8505250215530396,solid,sampled
A4-01,Section 1,1,-1.1160814762115479,389.0,-1.1160814762115479,solid,sampled
A4-01,Section 1,1,-1.3337574005126953,390.0,-1.3337574005126953,solid,sampled
A4-01,Section 1,1,-1.562604546546936,391.0,-1.562604546546936,solid,sampled
A4-01,Section 1,1,-1.7189364433288574,392.0,-1.7189364433288574,solid,sampled
A4-01,Section 1,1,-1.9160614013671875,393.0,-1.9160614013671875,solid,sampled
A4-01,Section 1,1,-2.0710880756378174,394.0,-2.0710880756378174,solid,sampled
A4-01,Section 1,1,-2.284562826156616,395.0,-2.284562826156616,solid,sampled
A4-01,Section 1,1,-2.4655613899230957,396.0,-2.4655613899230957,solid,sampled
A4-01,Section 1,1,-2.6430282592773438,397.0,-2.6430282592773438,solid,sampled
A4-01,Section 1,1,-2.7227978706359863,398.0,-2.7227978706359863,solid,sampled
A4-01,Section 1,1,-2.8520822525024414,399.0,-2.8520822525024414,solid,sampled
A4-01,Section 1,1,-2.9819741249084473,400.0,-2.9819741249084473,solid,sampled
A4-01,Section 1,1,-3.0,401.0,-3.0599091053009033,solid,water_floor
A4-01,Section 1,1,-3.0,402.0,-3.5011043548583984,solid,water_floor
A4-01,Section 1,1,-3.0,403.0,-5.084840774536133,solid,water_floor
A4-01,Section 1,1,-3.0,404.0,-12.904216766357422,solid,water_floor
A4-01,Section 1,1,-3.0,405.0,-4.341056823730469,solid,water_floor
A4-01,Section 1,1,-3.0,406.0,-18.033489227294922,solid,water_floor
A4-01,Section 1,1,-3.0,407.0,-19.404550552368164,solid,water_floor
A4-01,Section 1,1,-3.0,408.0,-20.24706268310547,solid,water_floor
A4-01,Section 1,1,-3.0,409.0,-25.763355255126953,solid,water_floor
A4-01,Section 1,1,-3.0,410.0,-17.996898651123047,solid,water_floor
A4-01,Section 1,1,-3.0,411.0,-13.83839225769043,solid,water_floor
A4-01,Section 1,1,-3.0,412.0,-19.489971160888672,solid,water_floor
A4-01,Section 1,1,-3.0,413.0,-22.568538665771484,solid,water_floor
A4-01,Section 1,1,-3.0,414.0,-19.35332679748535,solid,water_floor
A4-01,Section 1,1,-3.0,415.0,-16.92399024963379,solid,water_floor
A4-01,Section 1,1,-3.0,416.0,-24.46935272216797,solid,water_floor
A4-01,Section 1,1,-3.0,417.0,-21.261363983154297,solid,water_floor
A4-01,Section 1,1,-3.0,418.0,-24.33884048461914,solid,water_floor
A4-01,Section 1,1,-3.0,419.0,-19.861343383789062,solid,water_floor
A4-01,Section 1,1,-3.0,420.0,-16.176218032836914,solid,water_floor
A4-01,Section 1,1,-3.0,421.0,-16.318824768066406,solid,water_floor
A4-01,Section 1,1,-3.0,422.0,-11.05879020690918,solid,water_floor
A4-01,Section 1,1,-3.0,423.0,-21.22173500061035,solid,water_floor
A4-01,Section 1,1,-3.0,424.0,-23.14206886291504,solid,water_floor
A4-01,Section 1,1,-3.0,425.0,-18.476987838745117,solid,water_floor
A4-01,Section 1,1,-3.0,426.0,-23.740997314453125,solid,water_floor
A4-01,Section 1,1,-3.0,427.0,-21.152982711791992,solid,water_floor
A4-01,Section 1,1,-3.0,428.0,-20.950422286987305,solid,water_floor
A4-01,Section 1,1,-3.0,429.0,-22.043107986450195,solid,water_floor
A4-01,Section 1,1,-3.0,430.0,-16.207059860229492,solid,water_floor
A4-01,Section 1,1,-3.0,431.0,-20.94210433959961,solid,water_floor
A4-01,Section 1,1,-3.0,432.0,-15.89361572265625,solid,water_floor
A4-01,Section 1,1,-3.0,433.0,-17.755512237548828,solid,water_floor
A4-01,Section 1,1,-3.0,434.0,-21.126728057861328,solid,water_floor
A4-01,Section 1,1,-3.0,435.0,-3.3850691318511963,solid,water_floor
A4-01,Section 1,1,-2.9313485622406006,436.0,-2.9313485622406006,solid,sampled
A4-01,Section 1,1,-2.869088649749756,437.0,-2.869088649749756,solid,sampled
A4-01,Section 1,1,-2.85140061378479,438.0,-2.85140061378479,solid,sampled
A4-01,Section 1,1,-2.9146153926849365,439.0,-2.9146153926849365,solid,sampled
A4-01,Section 1,1,-2.9089951515197754,440.0,-2.9089951515197754,solid,sampled
A4-01,Section 1,1,-2.996502161026001,441.0,-2.996502161026001,solid,sampled
A4-01,Section 1,1,-2.833102226257324,442.0,-2.833102226257324,solid,sampled
A4-01,Section 1,1,-2.765293598175049,443.0,-2.765293598175049,solid,sampled
A4-01,Section 1,1,-2.8403377532958984,444.0,-2.8403377532958984,solid,sampled
A4-01,Section 1,1,-2.7816450595855713,445.0,-2.7816450595855713,solid,sampled
A4-01,Section 1,1,-2.7699055671691895,446.0,-2.7699055671691895,solid,sampled
A4-01,Section 1,1,-2.7449889183044434,447.0,-2.7449889183044434,solid,sampled
A4-01,Section 1,1,-2.7417478561401367,448.0,-2.7417478561401367,solid,sampled
A4-01,Section 1,1,-2.7303194999694824,449.0,-2.7303194999694824,solid,sampled
A4-01,Section 1,1,-2.726010799407959,450.0,-2.726010799407959,solid,sampled
A4-01,Section 1,1,-2.702866554260254,451.0,-2.702866554260254,solid,sampled
A4-01,Section 1,1,-2.7086939811706543,452.0,-2.7086939811706543,solid,sampled
A4-01,Section 1,1,-2.7043654918670654,453.0,-2.7043654918670654,solid,sampled
A4-01,Section 1,1,-2.73177433013916,454.0,-2.73177433013916,solid,sampled
A4-01,Section 1,1,-2.7694878578186035,455.0,-2.7694878578186035,solid,sampled
A4-01,Section 1,1,-2.805177688598633,456.0,-2.805177688598633,solid,sampled
A4-01,Section 1,1,-2.7427148818969727,457.0,-2.7427148818969727,solid,sampled
A4-01,Section 1,1,-2.708620071411133,458.0,-2.708620071411133,solid,sampled
A4-01,Section 1,1,-2.642918348312378,459.0,-2.642918348312378,solid,sampled
A4-01,Section 1,1,-2.631582736968994,460.0,-2.631582736968994,solid,sampled
A4-01,Section 1,1,-2.5703842639923096,461.0,-2.5703842639923096,solid,sampled
A4-01,Section 1,1,-2.5023794174194336,462.0,-2.5023794174194336,solid,sampled
A4-01,Section 1,1,-2.444040536880493,463.0,-2.444040536880493,solid,sampled
A4-01,Section 1,1,-2.391731023788452,464.0,-2.391731023788452,solid,sampled
A4-01,Section 1,1,-2.351367235183716,465.0,-2.351367235183716,solid,sampled
A4-01,Section 1,1,-2.3326406478881836,466.0,-2.3326406478881836,solid,sampled
A4-01,Section 1,1,-2.3129990100860596,467.0,-2.3129990100860596,solid,sampled
A4-01,Section 1,1,-2.287050724029541,468.0,-2.287050724029541,solid,sampled
A4-01,Section 1,1,-2.256014108657837,469.0,-2.256014108657837,solid,sampled
A4-01,Section 1,1,-2.235525131225586,470.0,-2.235525131225586,solid,sampled
A4-01,Section 1,1,-2.2462964057922363,471.0,-2.2462964057922363,solid,sampled
A4-01,Section 1,1,-2.214188814163208,472.0,-2.214188814163208,solid,sampled
A4-01,Section 1,1,-2.2221572399139404,473.0,-2.2221572399139404,solid,sampled
A4-01,Section 1,1,-2.239565372467041,474.0,-2.239565372467041,solid,sampled
A4-01,Section 1,1,-2.36543345451355,475.0,-2.36543345451355,solid,sampled
A4-01,Section 1,1,-2.424182891845703,476.0,-2.424182891845703,solid,sampled
A4-01,Section 1,1,-2.5571088790893555,477.0,-2.5571088790893555,solid,sampled
A4-01,Section 1,1,-2.532130241394043,478.0,-2.532130241394043,solid,sampled
A4-01,Section 1,1,-2.4245288372039795,479.0,-2.4245288372039795,solid,sampled
A4-01,Section 1,1,-2.3540854454040527,480.0,-2.3540854454040527,solid,sampled
A4-01,Section 1,1,-2.3439788818359375,481.0,-2.3439788818359375,solid,sampled
A4-01,Section 1,1,-2.320009231567383,482.0,-2.320009231567383,solid,sampled
A4-01,Section 1,1,-2.425952434539795,483.0,-2.425952434539795,solid,sampled
A4-01,Section 1,1,-2.4699583053588867,484.0,-2.4699583053588867,solid,sampled
A4-01,Section 1,1,-2.3444302082061768,485.0,-2.3444302082061768,solid,sampled
A4-01,Section 1,1,-2.3589084148406982,486.0,-2.3589084148406982,solid,sampled
A4-01,Section 1,1,-2.3868048191070557,487.0,-2.3868048191070557,solid,sampled
A4-01,Section 1,1,-2.368001937866211,488.0,-2.368001937866211,solid,sampled
A4-01,Section 1,1,-2.305170774459839,489.0,-2.305170774459839,solid,sampled
A4-01,Section 1,1,-2.2763330936431885,490.0,-2.2763330936431885,solid,sampled
A4-01,Section 1,1,-2.2870798110961914,491.0,-2.2870798110961914,solid,sampled
A4-01,Section 1,1,-2.2844223976135254,492.0,-2.2844223976135254,solid,sampled
A4-01,Section 1,1,-2.265367031097412,493.0,-2.265367031097412,solid,sampled
A4-01,Section 1,1,-2.2373695373535156,494.0,-2.2373695373535156,solid,sampled
A4-01,Section 1,1,-2.1987226009368896,495.0,-2.1987226009368896,solid,sampled
A4-01,Section 1,1,-2.1932928562164307,496.0,-2.1932928562164307,solid,sampled
A4-01,Section 1,1,-2.2280876636505127,497.0,-2.2280876636505127,solid,sampled
A4-01,Section 1,1,-2.2957241535186768,498.0,-2.2957241535186768,solid,sampled
A4-01,Section 1,1,-2.2688090801239014,499.0,-2.2688090801239014,solid,sampled
A4-01,Section 1,1,-2.270967960357666,500.0,-2.270967960357666,solid,sampled
A4-01,Section 1,1,-2.2251453399658203,501.0,-2.2251453399658203,solid,sampled
A4-01,Section 1,1,-2.185889959335327,502.0,-2.185889959335327,solid,sampled
A4-01,Section 1,1,-2.2349772453308105,503.0,-2.2349772453308105,solid,sampled
A4-01,Section 1,1,-2.313015937805176,504.0,-2.313015937805176,solid,sampled
A4-01,Section 1,1,-2.3581666946411133,505.0,-2.3581666946411133,solid,sampled
A4-01,Section 1,1,-2.3594436645507812,506.0,-2.3594436645507812,solid,sampled
A4-01,Section 1,1,-2.386117935180664,507.0,-2.386117935180664,solid,sampled
A4-01,Section 1,1,-2.466599702835083,508.0,-2.466599702835083,solid,sampled
A4-01,Section 1,1,-2.448974609375,509.0,-2.448974609375,solid,sampled
A4-01,Section 1,1,-2.356621742248535,510.0,-2.356621742248535,solid,sampled
A4-01,Section 1,1,-2.311150074005127,511.0,-2.311150074005127,solid,sampled
A4-01,Section 1,1,-2.15264630317688,512.0,-2.15264630317688,solid,sampled
A4-01,Section 1,1,-2.0414249897003174,513.0,-2.0414249897003174,solid,sampled
A4-01,Section 1,1,-2.029872179031372,514.0,-2.029872179031372,solid,sampled
A4-01,Section 1,1,-1.997700810432434,515.0,-1.997700810432434,solid,sampled
A4-01,Section 1,1,-1.9220126867294312,516.0,-1.9220126867294312,solid,sampled
A4-01,Section 1,1,-1.9283770322799683,517.0,-1.9283770322799683,solid,sampled
A4-01,Section 1,1,-1.9459654092788696,518.0,-1.9459654092788696,solid,sampled
A4-01,Section 1,1,-2.063755512237549,519.0,-2.063755512237549,solid,sampled
A4-01,Section 1,1,-2.187882661819458,520.0,-2.187882661819458,solid,sampled
A4-01,Section 1,1,-2.223745107650757,521.0,-2.223745107650757,solid,sampled
A4-01,Section 1,1,-2.190300941467285,522.0,-2.190300941467285,solid,sampled
A4-01,Section 1,1,-2.2648098468780518,523.0,-2.2648098468780518,solid,sampled
A4-01,Section 1,1,-2.221463441848755,524.0,-2.221463441848755,solid,sampled
A4-01,Section 1,1,-2.148062229156494,525.0,-2.148062229156494,solid,sampled
A4-01,Section 1,1,-2.1511144638061523,526.0,-2.1511144638061523,solid,sampled
A4-01,Section 1,1,-2.281290292739868,527.0,-2.281290292739868,solid,sampled
A4-01,Section 1,1,-2.2589101791381836,528.0,-2.2589101791381836,solid,sampled
A4-01,Section 1,1,-1.9911518096923828,529.0,-1.9911518096923828,solid,sampled
A4-01,Section 1,1,-1.9060951471328735,530.0,-1.9060951471328735,solid,sampled
A4-01,Section 1,1,-2.0168888568878174,531.0,-2.0168888568878174,solid,sampled
A4-01,Section 1,1,-1.9812276363372803,532.0,-1.9812276363372803,solid,sampled
A4-01,Section 1,1,-1.9690556526184082,533.0,-1.9690556526184082,solid,sampled
A4-01,Section 1,1,-2.0026698112487793,534.0,-2.0026698112487793,solid,sampled
A4-01,Section 1,1,-2.1516032218933105,535.0,-2.1516032218933105,solid,sampled
A4-01,Section 1,1,-2.2066855430603027,536.0,-2.2066855430603027,solid,sampled
A4-01,Section 1,1,-2.2091259956359863,537.0,-2.2091259956359863,solid,sampled
A4-01,Section 1,1,-2.1579437255859375,538.0,-2.1579437255859375,solid,sampled
A4-01,Section 1,1,-2.1093528270721436,539.0,-2.1093528270721436,solid,sampled
A4-01,Section 1,1,-2.2016003131866455,540.0,-2.2016003131866455,solid,sampled
A4-01,Section 1,1,-2.2543630599975586,541.0,-2.2543630599975586,solid,sampled
A4-01,Section 1,1,-2.333627939224243,542.0,-2.333627939224243,solid,sampled
A4-01,Section 1,1,-2.417555809020996,543.0,-2.417555809020996,solid,sampled
A4-01,Section 1,1,-2.449409008026123,544.0,-2.449409008026123,solid,sampled
A4-01,Section 1,1,-2.5047779083251953,545.0,-2.5047779083251953,solid,sampled
A4-01,Section 1,1,-2.5710384845733643,546.0,-2.5710384845733643,solid,sampled
A4-01,Section 1,1,-2.546816110610962,547.0,-2.546816110610962,solid,sampled
A4-01,Section 1,1,-2.5992960929870605,548.0,-2.5992960929870605,solid,sampled
A4-01,Section 1,1,-2.6422622203826904,549.0,-2.6422622203826904,solid,sampled
A4-01,Section 1,1,-2.7130401134490967,550.0,-2.7130401134490967,solid,sampled
A4-01,Section 1,1,-2.733086585998535,551.0,-2.733086585998535,solid,sampled
A4-01,Section 1,1,-2.737165689468384,552.0,-2.737165689468384,solid,sampled
A4-01,Section 1,1,-2.709975242614746,553.0,-2.709975242614746,solid,sampled
A4-01,Section 1,1,-2.7942733764648438,554.0,-2.7942733764648438,solid,sampled
A4-01,Section 1,1,-2.6123669147491455,555.0,-2.6123669147491455,solid,sampled
A4-01,Section 1,1,-2.612433671951294,556.0,-2.612433671951294,solid,sampled
A4-01,Section 1,1,-2.7568271160125732,557.0,-2.7568271160125732,solid,sampled
A4-01,Section 1,1,-2.803112506866455,558.0,-2.803112506866455,solid,sampled
A4-01,Section 1,1,-2.8054707050323486,559.0,-2.8054707050323486,solid,sampled
A4-01,Section 1,1,-2.945138454437256,560.0,-2.945138454437256,solid,sampled
A4-01,Section 1,1,-3.0,561.0,-3.159569501876831,solid,water_floor
A4-01,Section 1,1,-3.0,562.0,-3.3254754543304443,solid,water_floor
A4-01,Section 1,1,-3.0,563.0,-3.1965794563293457,solid,water_floor
A4-01,Section 1,1,-3.0,564.0,-3.3086304664611816,solid,water_floor
A4-01,Section 1,1,-3.0,565.0,-3.1870856285095215,solid,water_floor
A4-01,Section 1,1,-3.0,566.0,-3.227393627166748,solid,water_floor
A4-01,Section 1,1,-3.0,567.0,-3.1500070095062256,solid,water_floor
A4-01,Section 1,1,-3.0,568.0,-3.197543144226074,solid,water_floor
A4-01,Section 1,1,-3.0,569.0,-3.1067566871643066,solid,water_floor
A4-01,Section 1,1,-3.0,570.0,-3.1664702892303467,solid,water_floor
A4-01,Section 1,1,-3.0,571.0,-3.1162474155426025,solid,water_floor
A4-01,Section 1,1,-3.0,572.0,-3.1358752250671387,solid,water_floor
A4-01,Section 1,1,0.0,573.0,,dotted,null_fill
A4-01,Section 1,1,0.0,574.0,,dotted,null_fill
A4-01,Section 1,1,0.0,575.0,,dotted,null_fill
A4-01,Section 1,1,0.0,576.0,,dotted,null_fill
A4-01,Section 1,1,0.0,577.0,,dotted,null_fill
A4-01,Section 1,1,0.0,578.0,,dotted,null_fill
A4-01,Section 1,1,0.0,579.0,,dotted,null_fill
A4-01,Section 1,1,0.0,580.0,,dotted,null_fill
A4-01,Section 1,1,0.0,581.0,,dotted,null_fill
A4-01,Section 1,1,0.0,582.0,,dotted,null_fill
A4-01,Section 1,1,0.0,583.0,,dotted,null_fill
A4-01,Section 1,1,0.0,584.0,,dotted,null_fill
A4-01,Section 1,1,0.0,585.0,,dotted,null_fill
A4-01,Section 1,1,0.0,586.0,,dotted,null_fill
A4-01,Section 1,1,0.0,587.0,,dotted,null_fill
A4-01,Section 1,1,0.0,588.0,,dotted,null_fill
A4-01,Section 1,1,0.0,589.0,,dotted,null_fill
A4-01,Section 1,1,0.0,590.0,,dotted,null_fill
A4-01,Section 1,1,0.0,591.0,,dotted,null_fill
A4-01,Section 1,1,0.0,592.0,,dotted,null_fill
A4-01,Section 1,1,0.0,593.0,,dotted,null_fill
A4-01,Section 1,1,0.0,594.0,,dotted,null_fill
A4-01,Section 1,1,0.0,595.0,,dotted,null_fill
A4-01,Section 1,1,0.0,596.0,,dotted,null_fill
A4-01,Section 1,1,0.0,597.0,,dotted,null_fill
A4-01,Section 1,1,0.0,598.0,,dotted,null_fill
A4-01,Section 1,1,0.0,599.0,,dotted,null_fill
A4-01,Section 1,1,0.0,600.0,,dotted,null_fill
A4-01,Section 1,1,0.0,601.0,,dotted,null_fill
A4-01,Section 1,1,0.0,602.0,,dotted,null_fill
A4-01,Section 1,1,0.0,603.0,,dotted,null_fill
A4-01,Section 1,1,0.0,604.0,,dotted,null_fill
A4-01,Section 1,1,0.0,605.0,,dotted,null_fill
A4-01,Section 1,1,0.0,606.0,,dotted,null_fill
A4-01,Section 1,1,0.0,607.0,,dotted,null_fill
A4-01,Section 1,1,0.0,608.0,,dotted,null_fill
A4-01,Section 1,1,0.0,609.0,,dotted,null_fill
A4-01,Section 1,1,0.0,610.0,,dotted,null_fill
A4-01,Section 1,1,0.0,611.0,,dotted,null_fill
A4-02,Section 2,2,0.0,0.0,,dotted,null_fill
A4-02,Section 2,2,0.0,1.0,,dotted,null_fill
A4-02,Section 2,2,0.0,2.0,,dotted,null_fill
A4-02,Section 2,2,0.0,3.0,,dotted,null_fill
A4-02,Section 2,2,0.0,4.0,,dotted,null_fill
A4-02,Section 2,2,0.0,5.0,,dotted,null_fill
A4-02,Section 2,2,0.0,6.0,,dotted,null_fill
A4-02,Section 2,2,0.0,7.0,,dotted,null_fill
A4-02,Section 2,2,0.0,8.0,,dotted,null_fill
A4-02,Section 2,2,0.0,9.0,,dotted,null_fill
A4-02,Section 2,2,0.0,10.0,,dotted,null_fill
A4-02,Section 2,2,0.0,11.0,,dotted,null_fill
A4-02,Section 2,2,0.0,12.0,,dotted,null_fill
A4-02,Section 2,2,0.0,13.0,,dotted,null_fill
A4-02,Section 2,2,0.0,14.0,,dotted,null_fill
A4-02,Section 2,2,0.0,15.0,,dotted,null_fill
A4-02,Section 2,2,0.0,16.0,,dotted,null_fill
A4-02,Section 2,2,0.0,17.0,,dotted,null_fill
A4-02,Section 2,2,0.0,18.0,,dotted,null_fill
A4-02,Section 2,2,0.0,19.0,,dotted,null_fill
A4-02,Section 2,2,0.0,20.0,,dotted,null_fill
A4-02,Section 2,2,0.0,21.0,,dotted,null_fill
A4-02,Section 2,2,0.0,22.0,,dotted,null_fill
A4-02,Section 2,2,0.0,23.0,,dotted,null_fill
A4-02,Section 2,2,0.0,24.0,,dotted,null_fill
A4-02,Section 2,2,0.0,25.0,,dotted,null_fill
A4-02,Section 2,2,0.0,26.0,,dotted,null_fill
A4-02,Section 2,2,0.0,27.0,,dotted,null_fill
A4-02,Section 2,2,0.0,28.0,,dotted,null_fill
A4-02,Section 2,2,0.0,29.0,,dotted,null_fill
A4-02,Section 2,2,0.0,30.0,,dotted,null_fill
A4-02,Section 2,2,0.0,31.0,,dotted,null_fill
A4-02,Section 2,2,0.0,32.0,,dotted,null_fill
A4-02,Section 2,2,0.0,33.0,,dotted,null_fill
A4-02,Section 2,2,0.0,34.0,,dotted,null_fill
A4-02,Section 2,2,0.0,35.0,,dotted,null_fill
A4-02,Section 2,2,0.0,36.0,,dotted,null_fill
A4-02,Section 2,2,0.0,37.0,,dotted,null_fill
A4-02,Section 2,2,0.0,38.0,,dotted,null_fill
A4-02,Section 2,2,0.0,39.0,,dotted,null_fill
A4-02,Section 2,2,0.0,40.0,,dotted,null_fill
A4-02,Section 2,2,0.0,41.0,,dotted,null_fill
A4-02,Section 2,2,0.0,42.0,,dotted,null_fill
A4-02,Section 2,2,0.0,43.0,,dotted,null_fill
A4-02,Section 2,2,0.0,44.0,,dotted,null_fill
A4-02,Section 2,2,0.0,45.0,,dotted,null_fill
A4-02,Section 2,2,0.4767891466617584,46.0,0.4767891466617584,solid,sampled
A4-02,Section 2,2,0.4886377155780792,47.0,0.4886377155780792,solid,sampled
A4-02,Section 2,2,0.5336977243423462,48.0,0.5336977243423462,solid,sampled
A4-02,Section 2,2,0.4639780521392822,49.0,0.4639780521392822,solid,sampled
A4-02,Section 2,2,0.48679882287979126,50.0,0.48679882287979126,solid,sampled
A4-02,Section 2,2,0.48282021284103394,51.0,0.48282021284103394,solid,sampled
A4-02,Section 2,2,0.4285954236984253,52.0,0.4285954236984253,solid,sampled
A4-02,Section 2,2,0.419121652841568,53.0,0.419121652841568,solid,sampled
A4-02,Section 2,2,0.3962976336479187,54.0,0.3962976336479187,solid,sampled
A4-02,Section 2,2,0.459014892578125,55.0,0.459014892578125,solid,sampled
A4-02,Section 2,2,0.4240347743034363,56.0,0.4240347743034363,solid,sampled
A4-02,Section 2,2,0.39660531282424927,57.0,0.39660531282424927,solid,sampled
A4-02,Section 2,2,0.38276082277297974,58.0,0.38276082277297974,solid,sampled
A4-02,Section 2,2,0.4050597548484802,59.0,0.4050597548484802,solid,sampled
A4-02,Section 2,2,0.3614751100540161,60.0,0.3614751100540161,solid,sampled
A4-02,Section 2,2,0.3730389177799225,61.0,0.3730389177799225,solid,sampled
A4-02,Section 2,2,0.34705018997192383,62.0,0.34705018997192383,solid,sampled
A4-02,Section 2,2,0.41943061351776123,63.0,0.41943061351776123,solid,sampled
A4-02,Section 2,2,0.44064784049987793,64.0,0.44064784049987793,solid,sampled
A4-02,Section 2,2,0.47173792123794556,65.0,0.47173792123794556,solid,sampled
A4-02,Section 2,2,0.48254263401031494,66.0,0.48254263401031494,solid,sampled
A4-02,Section 2,2,0.4696584939956665,67.0,0.4696584939956665,solid,sampled
A4-02,Section 2,2,0.42872416973114014,68.0,0.42872416973114014,solid,sampled
A4-02,Section 2,2,0.41441214084625244,69.0,0.41441214084625244,solid,sampled
A4-02,Section 2,2,0.4543231129646301,70.0,0.4543231129646301,solid,sampled
A4-02,Section 2,2,0.43585309386253357,71.0,0.43585309386253357,solid,sampled
A4-02,Section 2,2,0.4494657516479492,72.0,0.4494657516479492,solid,sampled
A4-02,Section 2,2,0.46228843927383423,73.0,0.46228843927383423,solid,sampled
A4-02,Section 2,2,0.3848651051521301,74.0,0.3848651051521301,solid,sampled
A4-02,Section 2,2,0.43185508251190186,75.0,0.43185508251190186,solid,sampled
A4-02,Section 2,2,0.49463951587677,76.0,0.49463951587677,solid,sampled
A4-02,Section 2,2,0.4903678894042969,77.0,0.4903678894042969,solid,sampled
A4-02,Section 2,2,0.5019124150276184,78.0,0.5019124150276184,solid,sampled
A4-02,Section 2,2,0.4897642433643341,79.0,0.4897642433643341,solid,sampled
A4-02,Section 2,2,0.507757842540741,80.0,0.507757842540741,solid,sampled
A4-02,Section 2,2,0.4572998583316803,81.0,0.4572998583316803,solid,sampled
A4-02,Section 2,2,0.44758766889572144,82.0,0.44758766889572144,solid,sampled
A4-02,Section 2,2,0.381061851978302,83.0,0.381061851978302,solid,sampled
A4-02,Section 2,2,0.42151933908462524,84.0,0.42151933908462524,solid,sampled
A4-02,Section 2,2,0.401944100856781,85.0,0.401944100856781,solid,sampled
A4-02,Section 2,2,0.4297444224357605,86.0,0.4297444224357605,solid,sampled
A4-02,Section 2,2,0.4042610824108124,87.0,0.4042610824108124,solid,sampled
A4-02,Section 2,2,0.290300190448761,88.0,0.290300190448761,solid,sampled
A4-02,Section 2,2,0.37752795219421387,89.0,0.37752795219421387,solid,sampled
A4-02,Section 2,2,0.4256061315536499,90.0,0.4256061315536499,solid,sampled
A4-02,Section 2,2,0.4102590084075928,91.0,0.4102590084075928,solid,sampled
A4-02,Section 2,2,0.36444756388664246,92.0,0.36444756388664246,solid,sampled
A4-02,Section 2,2,0.43767049908638,93.0,0.43767049908638,solid,sampled
A4-02,Section 2,2,0.41512954235076904,94.0,0.41512954235076904,solid,sampled
A4-02,Section 2,2,0.38826024532318115,95.0,0.38826024532318115,solid,sampled
A4-02,Section 2,2,0.3457556664943695,96.0,0.3457556664943695,solid,sampled
A4-02,Section 2,2,0.38496994972229004,97.0,0.38496994972229004,solid,sampled
A4-02,Section 2,2,0.4065953195095062,98.0,0.4065953195095062,solid,sampled
A4-02,Section 2,2,0.4215903878211975,99.0,0.4215903878211975,solid,sampled
A4-02,Section 2,2,0.39257103204727173,100.0,0.39257103204727173,solid,sampled
A4-02,Section 2,2,0.3890441656112671,101.0,0.3890441656112671,solid,sampled
A4-02,Section 2,2,0.3354640007019043,102.0,0.3354640007019043,solid,sampled
A4-02,Section 2,2,0.31162261962890625,103.0,0.31162261962890625,solid,sampled
A4-02,Section 2,2,0.34100574254989624,104.0,0.34100574254989624,solid,sampled
A4-02,Section 2,2,0.38724708557128906,105.0,0.38724708557128906,solid,sampled
A4-02,Section 2,2,0.3693527579307556,106.0,0.3693527579307556,solid,sampled
A4-02,Section 2,2,0.3851589858531952,107.0,0.3851589858531952,solid,sampled
A4-02,Section 2,2,0.3836801052093506,108.0,0.3836801052093506,solid,sampled
A4-02,Section 2,2,0.33619391918182373,109.0,0.33619391918182373,solid,sampled
A4-02,Section 2,2,0.3214648962020874,110.0,0.3214648962020874,solid,sampled
A4-02,Section 2,2,0.3279281258583069,111.0,0.3279281258583069,solid,sampled
A4-02,Section 2,2,0.31348633766174316,112.0,0.31348633766174316,solid,sampled
A4-02,Section 2,2,0.32546430826187134,113.0,0.32546430826187134,solid,sampled
A4-02,Section 2,2,0.2930939793586731,114.0,0.2930939793586731,solid,sampled
A4-02,Section 2,2,0.33345067501068115,115.0,0.33345067501068115,solid,sampled
A4-02,Section 2,2,0.34104183316230774,116.0,0.34104183316230774,solid,sampled
A4-02,Section 2,2,0.3221111297607422,117.0,0.3221111297607422,solid,sampled
A4-02,Section 2,2,0.30663228034973145,118.0,0.30663228034973145,solid,sampled
A4-02,Section 2,2,0.3298332393169403,119.0,0.3298332393169403,solid,sampled
A4-02,Section 2,2,0.36861366033554077,120.0,0.36861366033554077,solid,sampled
A4-02,Section 2,2,0.36035558581352234,121.0,0.36035558581352234,solid,sampled
A4-02,Section 2,2,0.29106277227401733,122.0,0.29106277227401733,solid,sampled
A4-02,Section 2,2,0.26684147119522095,123.0,0.26684147119522095,solid,sampled
A4-02,Section 2,2,0.3280982971191406,124.0,0.3280982971191406,solid,sampled
A4-02,Section 2,2,0.3707757592201233,125.0,0.3707757592201233,solid,sampled
A4-02,Section 2,2,0.3609737753868103,126.0,0.3609737753868103,solid,sampled
A4-02,Section 2,2,0.3119707703590393,127.0,0.3119707703590393,solid,sampled
A4-02,Section 2,2,0.2705627381801605,128.0,0.2705627381801605,solid,sampled
A4-02,Section 2,2,0.23694461584091187,129.0,0.23694461584091187,solid,sampled
A4-02,Section 2,2,0.1817467212677002,130.0,0.1817467212677002,solid,sampled
A4-02,Section 2,2,0.14105987548828125,131.0,0.14105987548828125,solid,sampled
A4-02,Section 2,2,0.06743364036083221,132.0,0.06743364036083221,solid,sampled
A4-02,Section 2,2,-0.0621202290058136,133.0,-0.0621202290058136,solid,sampled
A4-02,Section 2,2,-0.048056572675704956,134.0,-0.048056572675704956,solid,sampled
A4-02,Section 2,2,-0.005586981773376465,135.0,-0.005586981773376465,solid,sampled
A4-02,Section 2,2,0.04242813587188721,136.0,0.04242813587188721,solid,sampled
A4-02,Section 2,2,0.12571054697036743,137.0,0.12571054697036743,solid,sampled
A4-02,Section 2,2,0.15553903579711914,138.0,0.15553903579711914,solid,sampled
A4-02,Section 2,2,0.1602921187877655,139.0,0.1602921187877655,solid,sampled
A4-02,Section 2,2,0.1739027500152588,140.0,0.1739027500152588,solid,sampled
A4-02,Section 2,2,0.17385533452033997,141.0,0.17385533452033997,solid,sampled
A4-02,Section 2,2,0.1708512008190155,142.0,0.1708512008190155,solid,sampled
A4-02,Section 2,2,0.13324415683746338,143.0,0.13324415683746338,solid,sampled
A4-02,Section 2,2,0.11519250273704529,144.0,0.11519250273704529,solid,sampled
A4-02,Section 2,2,0.04648704081773758,145.0,0.04648704081773758,solid,sampled
A4-02,Section 2,2,-0.09202028810977936,146.0,-0.09202028810977936,solid,sampled
A4-02,Section 2,2,-0.1686469316482544,147.0,-0.1686469316482544,solid,sampled
A4-02,Section 2,2,-0.165876105427742,148.0,-0.165876105427742,solid,sampled
A4-02,Section 2,2,-0.14042478799819946,149.0,-0.14042478799819946,solid,sampled
A4-02,Section 2,2,-0.12945115566253662,150.0,-0.12945115566253662,solid,sampled
A4-02,Section 2,2,-0.11954429745674133,151.0,-0.11954429745674133,solid,sampled
A4-02,Section 2,2,-0.12203212082386017,152.0,-0.12203212082386017,solid,sampled
A4-02,Section 2,2,-0.13127855956554413,153.0,-0.13127855956554413,solid,sampled
A4-02,Section 2,2,-0.1476757824420929,154.0,-0.1476757824420929,solid,sampled
A4-02,Section 2,2,-0.14822566509246826,155.0,-0.14822566509246826,solid,sampled
A4-02,Section 2,2,-0.1708812713623047,156.0,-0.1708812713623047,solid,sampled
A4-02,Section 2,2,-0.1561734527349472,157.0,-0.1561734527349472,solid,sampled
A4-02,Section 2,2,-0.17008331418037415,158.0,-0.17008331418037415,solid,sampled
A4-02,Section 2,2,-0.17245301604270935,159.0,-0.17245301604270935,solid,sampled
A4-02,Section 2,2,-0.21231606602668762,160.0,-0.21231606602668762,solid,sampled
A4-02,Section 2,2,-0.22830677032470703,161.0,-0.22830677032470703,solid,sampled
A4-02,Section 2,2,-0.2584940195083618,162.0,-0.2584940195083618,solid,sampled
A4-02,Section 2,2,-0.28288519382476807,163.0,-0.28288519382476807,solid,sampled
A4-02,Section 2,2,-0.29510611295700073,164.0,-0.29510611295700073,solid,sampled
A4-02,Section 2,2,-0.29487746953964233,165.0,-0.29487746953964233,solid,sampled
A4-02,Section 2,2,-0.3063666820526123,166.0,-0.3063666820526123,solid,sampled
A4-02,Section 2,2,-0.3633842468261719,167.0,-0.3633842468261719,solid,sampled
A4-02,Section 2,2,-0.41099298000335693,168.0,-0.41099298000335693,solid,sampled
A4-02,Section 2,2,-0.45154309272766113,169.0,-0.45154309272766113,solid,sampled
A4-02,Section 2,2,-0.5302265882492065,170.0,-0.5302265882492065,solid,sampled
A4-02,Section 2,2,-0.5665852427482605,171.0,-0.5665852427482605,solid,sampled
A4-02,Section 2,2,-0.5810447931289673,172.0,-0.5810447931289673,solid,sampled
A4-02,Section 2,2,-0.6031361222267151,173.0,-0.6031361222267151,solid,sampled
A4-02,Section 2,2,-0.621026337146759,174.0,-0.621026337146759,solid,sampled
A4-02,Section 2,2,-0.6244362592697144,175.0,-0.6244362592697144,solid,sampled
A4-02,Section 2,2,-0.6320812702178955,176.0,-0.6320812702178955,solid,sampled
A4-02,Section 2,2,-0.6323451995849609,177.0,-0.6323451995849609,solid,sampled
A4-02,Section 2,2,-0.630193829536438,178.0,-0.630193829536438,solid,sampled
A4-02,Section 2,2,-0.6437338590621948,179.0,-0.6437338590621948,solid,sampled
A4-02,Section 2,2,-0.667153000831604,180.0,-0.667153000831604,solid,sampled
A4-02,Section 2,2,-0.6567751169204712,181.0,-0.6567751169204712,solid,sampled
A4-02,Section 2,2,-0.6464215517044067,182.0,-0.6464215517044067,solid,sampled
A4-02,Section 2,2,-0.6696795225143433,183.0,-0.6696795225143433,solid,sampled
A4-02,Section 2,2,-0.7258260250091553,184.0,-0.7258260250091553,solid,sampled
A4-02,Section 2,2,-0.7538558840751648,185.0,-0.7538558840751648,solid,sampled
A4-02,Section 2,2,-0.6705117225646973,186.0,-0.6705117225646973,solid,sampled
A4-02,Section 2,2,-0.7226154804229736,187.0,-0.7226154804229736,solid,sampled
A4-02,Section 2,2,-0.7340903282165527,188.0,-0.7340903282165527,solid,sampled
A4-02,Section 2,2,-0.719890296459198,189.0,-0.719890296459198,solid,sampled
A4-02,Section 2,2,-0.6632788181304932,190.0,-0.6632788181304932,solid,sampled
A4-02,Section 2,2,-0.9206736087799072,191.0,-0.9206736087799072,solid,sampled
A4-02,Section 2,2,-0.8726778030395508,192.0,-0.8726778030395508,solid,sampled
A4-02,Section 2,2,-0.7956027984619141,193.0,-0.7956027984619141,solid,sampled
A4-02,Section 2,2,-0.8697775602340698,194.0,-0.8697775602340698,solid,sampled
A4-02,Section 2,2,-0.9766348004341125,195.0,-0.9766348004341125,solid,sampled
A4-02,Section 2,2,-1.0173653364181519,196.0,-1.0173653364181519,solid,sampled
A4-02,Section 2,2,-0.8892945647239685,197.0,-0.8892945647239685,solid,sampled
A4-02,Section 2,2,-0.8753976821899414,198.0,-0.8753976821899414,solid,sampled
A4-02,Section 2,2,-0.8133918046951294,199.0,-0.8133918046951294,solid,sampled
A4-02,Section 2,2,-0.8510327339172363,200.0,-0.8510327339172363,solid,sampled
A4-02,Section 2,2,-0.9368918538093567,201.0,-0.9368918538093567,solid,sampled
A4-02,Section 2,2,-1.142539381980896,202.0,-1.142539381980896,solid,sampled
A4-02,Section 2,2,-1.0444124937057495,203.0,-1.0444124937057495,solid,sampled
A4-02,Section 2,2,-1.117229700088501,204.0,-1.117229700088501,solid,sampled
A4-02,Section 2,2,-1.2547461986541748,205.0,-1.2547461986541748,solid,sampled
A4-02,Section 2,2,-1.0273195505142212,206.0,-1.0273195505142212,solid,sampled
A4-02,Section 2,2,-0.9460529088973999,207.0,-0.9460529088973999,solid,sampled
A4-02,Section 2,2,-0.8721653819084167,208.0,-0.8721653819084167,solid,sampled
A4-02,Section 2,2,-0.8080461025238037,209.0,-0.8080461025238037,solid,sampled
A4-02,Section 2,2,-0.6698991656303406,210.0,-0.6698991656303406,solid,sampled
A4-02,Section 2,2,-0.633231520652771,211.0,-0.633231520652771,solid,sampled
A4-02,Section 2,2,-0.6185137033462524,212.0,-0.6185137033462524,solid,sampled
A4-02,Section 2,2,-0.6063454747200012,213.0,-0.6063454747200012,solid,sampled
A4-02,Section 2,2,-0.5744931697845459,214.0,-0.5744931697845459,solid,sampled
A4-02,Section 2,2,-0.5571554899215698,215.0,-0.5571554899215698,solid,sampled
A4-02,Section 2,2,-0.5278427600860596,216.0,-0.5278427600860596,solid,sampled
A4-02,Section 2,2,-0.4947555661201477,217.0,-0.4947555661201477,solid,sampled
A4-02,Section 2,2,-0.5209157466888428,218.0,-0.5209157466888428,solid,sampled
A4-02,Section 2,2,-0.5474681854248047,219.0,-0.5474681854248047,solid,sampled
A4-02,Section 2,2,-0.5391928553581238,220.0,-0.5391928553581238,solid,sampled
A4-02,Section 2,2,-0.5362544059753418,221.0,-0.5362544059753418,solid,sampled
A4-02,Section 2,2,-0.5233075618743896,222.0,-0.5233075618743896,solid,sampled
A4-02,Section 2,2,-0.5411017537117004,223.0,-0.5411017537117004,solid,sampled
A4-02,Section 2,2,-0.5703052282333374,224.0,-0.5703052282333374,solid,sampled
A4-02,Section 2,2,-0.5720974206924438,225.0,-0.5720974206924438,solid,sampled
A4-02,Section 2,2,-0.5430408716201782,226.0,-0.5430408716201782,solid,sampled
A4-02,Section 2,2,-0.5018376708030701,227.0,-0.5018376708030701,solid,sampled
A4-02,Section 2,2,-0.5105522871017456,228.0,-0.5105522871017456,solid,sampled
A4-02,Section 2,2,-0.5229215621948242,229.0,-0.5229215621948242,solid,sampled
A4-02,Section 2,2,-0.5359205007553101,230.0,-0.5359205007553101,solid,sampled
A4-02,Section 2,2,-0.4398205280303955,231.0,-0.4398205280303955,solid,sampled
A4-02,Section 2,2,-0.49416863918304443,232.0,-0.49416863918304443,solid,sampled
A4-02,Section 2,2,-0.512732982635498,233.0,-0.512732982635498,solid,sampled
A4-02,Section 2,2,-0.5081148743629456,234.0,-0.5081148743629456,solid,sampled
A4-02,Section 2,2,-0.47353315353393555,235.0,-0.47353315353393555,solid,sampled
A4-02,Section 2,2,-0.43841227889060974,236.0,-0.43841227889060974,solid,sampled
A4-02,Section 2,2,-0.4285373389720917,237.0,-0.4285373389720917,solid,sampled
A4-02,Section 2,2,-0.4740843176841736,238.0,-0.4740843176841736,solid,sampled
A4-02,Section 2,2,-0.5363538265228271,239.0,-0.5363538265228271,solid,sampled
A4-02,Section 2,2,-0.4581238627433777,240.0,-0.4581238627433777,solid,sampled
A4-02,Section 2,2,-0.5114743709564209,241.0,-0.5114743709564209,solid,sampled
A4-02,Section 2,2,-0.537390947341919,242.0,-0.537390947341919,solid,sampled
A4-02,Section 2,2,-0.4960777461528778,243.0,-0.4960777461528778,solid,sampled
A4-02,Section 2,2,-0.4530677795410156,244.0,-0.4530677795410156,solid,sampled
A4-02,Section 2,2,-0.43237078189849854,245.0,-0.43237078189849854,solid,sampled
A4-02,Section 2,2,-0.5015081167221069,246.0,-0.5015081167221069,solid,sampled
A4-02,Section 2,2,-0.4942381978034973,247.0,-0.4942381978034973,solid,sampled
A4-02,Section 2,2,-0.49223393201828003,248.0,-0.49223393201828003,solid,sampled
A4-02,Section 2,2,-0.5380240678787231,249.0,-0.5380240678787231,solid,sampled
A4-02,Section 2,2,-0.643773078918457,250.0,-0.643773078918457,solid,sampled
A4-02,Section 2,2,-0.540425181388855,251.0,-0.540425181388855,solid,sampled
A4-02,Section 2,2,-0.5176548957824707,252.0,-0.5176548957824707,solid,sampled
A4-02,Section 2,2,-0.5528214573860168,253.0,-0.5528214573860168,solid,sampled
A4-02,Section 2,2,-0.5049563050270081,254.0,-0.5049563050270081,solid,sampled
A4-02,Section 2,2,-0.48459529876708984,255.0,-0.48459529876708984,solid,sampled
A4-02,Section 2,2,-0.4824194312095642,256.0,-0.4824194312095642,solid,sampled
A4-02,Section 2,2,-0.5016274452209473,257.0,-0.5016274452209473,solid,sampled
A4-02,Section 2,2,-0.5459578037261963,258.0,-0.5459578037261963,solid,sampled
A4-02,Section 2,2,-0.5251346826553345,259.0,-0.5251346826553345,solid,sampled
A4-02,Section 2,2,-0.5467971563339233,260.0,-0.5467971563339233,solid,sampled
A4-02,Section 2,2,-0.5250566005706787,261.0,-0.5250566005706787,solid,sampled
A4-02,Section 2,2,-0.5098299980163574,262.0,-0.5098299980163574,solid,sampled
A4-02,Section 2,2,-0.5459501147270203,263.0,-0.5459501147270203,solid,sampled
A4-02,Section 2,2,-0.5696094632148743,264.0,-0.5696094632148743,solid,sampled
A4-02,Section 2,2,-0.537489652633667,265.0,-0.537489652633667,solid,sampled
A4-02,Section 2,2,-0.5484820604324341,266.0,-0.5484820604324341,solid,sampled
A4-02,Section 2,2,-0.5654083490371704,267.0,-0.5654083490371704,solid,sampled
A4-02,Section 2,2,-0.6515493392944336,268.0,-0.6515493392944336,solid,sampled
A4-02,Section 2,2,-0.6410924196243286,269.0,-0.6410924196243286,solid,sampled
A4-02,Section 2,2,-0.6204532384872437,270.0,-0.6204532384872437,solid,sampled
A4-02,Section 2,2,-0.6040855646133423,271.0,-0.6040855646133423,solid,sampled
A4-02,Section 2,2,-0.691495418548584,272.0,-0.691495418548584,solid,sampled
A4-02,Section 2,2,-0.6387250423431396,273.0,-0.6387250423431396,solid,sampled
A4-02,Section 2,2,-0.5774986147880554,274.0,-0.5774986147880554,solid,sampled
A4-02,Section 2,2,-0.6197761297225952,275.0,-0.6197761297225952,solid,sampled
A4-02,Section 2,2,-0.6027868986129761,276.0,-0.6027868986129761,solid,sampled
A4-02,Section 2,2,-0.6120132803916931,277.0,-0.6120132803916931,solid,sampled
A4-02,Section 2,2,-0.6823559999465942,278.0,-0.6823559999465942,solid,sampled
A4-02,Section 2,2,-0.6894679069519043,279.0,-0.6894679069519043,solid,sampled
A4-02,Section 2,2,-0.6825545430183411,280.0,-0.6825545430183411,solid,sampled
A4-02,Section 2,2,-0.7151367664337158,281.0,-0.7151367664337158,solid,sampled
A4-02,Section 2,2,-0.6686612963676453,282.0,-0.6686612963676453,solid,sampled
A4-02,Section 2,2,-0.7029997110366821,283.0,-0.7029997110366821,solid,sampled
A4-02,Section 2,2,-0.6877612471580505,284.0,-0.6877612471580505,solid,sampled
A4-02,Section 2,2,-0.7159020900726318,285.0,-0.7159020900726318,solid,sampled
A4-02,Section 2,2,-0.7056231498718262,286.0,-0.7056231498718262,solid,sampled
A4-02,Section 2,2,-0.696904182434082,287.0,-0.696904182434082,solid,sampled
A4-02,Section 2,2,-0.7078219056129456,288.0,-0.7078219056129456,solid,sampled
A4-02,Section 2,2,-0.72930908203125,289.0,-0.72930908203125,solid,sampled
A4-02,Section 2,2,-0.7103557586669922,290.0,-0.7103557586669922,solid,sampled
A4-02,Section 2,2,-0.7444283366203308,291.0,-0.7444283366203308,solid,sampled
A4-02,Section 2,2,-0.788550853729248,292.0,-0.788550853729248,solid,sampled
A4-02,Section 2,2,-0.785385251045227,293.0,-0.785385251045227,solid,sampled
A4-02,Section 2,2,-0.7272013425827026,294.0,-0.7272013425827026,solid,sampled
A4-02,Section 2,2,-0.790785551071167,295.0,-0.790785551071167,solid,sampled
A4-02,Section 2,2,-0.831252932548523,296.0,-0.831252932548523,solid,sampled
A4-02,Section 2,2,-0.8459526300430298,297.0,-0.8459526300430298,solid,sampled
A4-02,Section 2,2,-0.8255501389503479,298.0,-0.8255501389503479,solid,sampled
A4-02,Section 2,2,-0.8170368671417236,299.0,-0.8170368671417236,solid,sampled
A4-02,Section 2,2,-0.8012988567352295,300.0,-0.8012988567352295,solid,sampled
A4-02,Section 2,2,-0.8606236577033997,301.0,-0.8606236577033997,solid,sampled
A4-02,Section 2,2,-0.8440096378326416,302.0,-0.8440096378326416,solid,sampled
A4-02,Section 2,2,-0.8337644338607788,303.0,-0.8337644338607788,solid,sampled
A4-02,Section 2,2,-0.9221209287643433,304.0,-0.9221209287643433,solid,sampled
A4-02,Section 2,2,-0.8759968280792236,305.0,-0.8759968280792236,solid,sampled
A4-02,Section 2,2,-0.7441442012786865,306.0,-0.7441442012786865,solid,sampled
A4-02,Section 2,2,-0.7295717000961304,307.0,-0.7295717000961304,solid,sampled
A4-02,Section 2,2,-0.8038274049758911,308.0,-0.8038274049758911,solid,sampled
A4-02,Section 2,2,-0.8554648160934448,309.0,-0.8554648160934448,solid,sampled
A4-02,Section 2,2,-0.7768539190292358,310.0,-0.7768539190292358,solid,sampled
A4-02,Section 2,2,-0.7721508741378784,311.0,-0.7721508741378784,solid,sampled
A4-02,Section 2,2,-0.7673313617706299,312.0,-0.7673313617706299,solid,sampled
A4-02,Section 2,2,-0.7905855178833008,313.0,-0.7905855178833008,solid,sampled
A4-02,Section 2,2,-0.8661582469940186,314.0,-0.8661582469940186,solid,sampled
A4-02,Section 2,2,-0.869591474533081,315.0,-0.869591474533081,solid,sampled
A4-02,Section 2,2,-0.888251781463623,316.0,-0.888251781463623,solid,sampled
A4-02,Section 2,2,-0.8974094986915588,317.0,-0.8974094986915588,solid,sampled
A4-02,Section 2,2,-0.8532949686050415,318.0,-0.8532949686050415,solid,sampled
A4-02,Section 2,2,-0.8616738319396973,319.0,-0.8616738319396973,solid,sampled
A4-02,Section 2,2,-0.8530368804931641,320.0,-0.8530368804931641,solid,sampled
A4-02,Section 2,2,-0.8621526956558228,321.0,-0.8621526956558228,solid,sampled
A4-02,Section 2,2,-0.9334985017776489,322.0,-0.9334985017776489,solid,sampled
A4-02,Section 2,2,-0.9063689112663269,323.0,-0.9063689112663269,solid,sampled
A4-02,Section 2,2,-0.8999064564704895,324.0,-0.8999064564704895,solid,sampled
A4-02,Section 2,2,-0.8826545476913452,325.0,-0.8826545476913452,solid,sampled
A4-02,Section 2,2,-0.8348994851112366,326.0,-0.8348994851112366,solid,sampled
A4-02,Section 2,2,-0.8883720636367798,327.0,-0.8883720636367798,solid,sampled
A4-02,Section 2,2,-0.8676259517669678,328.0,-0.8676259517669678,solid,sampled
A4-02,Section 2,2,-0.8775899410247803,329.0,-0.8775899410247803,solid,sampled
A4-02,Section 2,2,-0.8477922677993774,330.0,-0.8477922677993774,solid,sampled
A4-02,Section 2,2,-0.8922793865203857,331.0,-0.8922793865203857,solid,sampled
A4-02,Section 2,2,-0.8602795004844666,332.0,-0.8602795004844666,solid,sampled
A4-02,Section 2,2,-0.9409298896789551,333.0,-0.9409298896789551,solid,sampled
A4-02,Section 2,2,-0.9116817712783813,334.0,-0.9116817712783813,solid,sampled
A4-02,Section 2,2,-0.8806695938110352,335.0,-0.8806695938110352,solid,sampled
A4-02,Section 2,2,-0.8589538335800171,336.0,-0.8589538335800171,solid,sampled
A4-02,Section 2,2,-0.9059768915176392,337.0,-0.9059768915176392,solid,sampled
A4-02,Section 2,2,-0.8578193187713623,338.0,-0.8578193187713623,solid,sampled
A4-02,Section 2,2,-0.8137994408607483,339.0,-0.8137994408607483,solid,sampled
A4-02,Section 2,2,-0.856336236000061,340.0,-0.856336236000061,solid,sampled
A4-02,Section 2,2,-0.8500745296478271,341.0,-0.8500745296478271,solid,sampled
A4-02,Section 2,2,-0.956623911857605,342.0,-0.956623911857605,solid,sampled
A4-02,Section 2,2,-0.9913298487663269,343.0,-0.9913298487663269,solid,sampled
A4-02,Section 2,2,-0.9759154915809631,344.0,-0.9759154915809631,solid,sampled
A4-02,Section 2,2,-0.9368386268615723,345.0,-0.9368386268615723,solid,sampled
A4-02,Section 2,2,-0.931060791015625,346.0,-0.931060791015625,solid,sampled
A4-02,Section 2,2,-0.913802444934845,347.0,-0.913802444934845,solid,sampled
A4-02,Section 2,2,-0.9037026762962341,348.0,-0.9037026762962341,solid,sampled
A4-02,Section 2,2,-0.9225667715072632,349.0,-0.9225667715072632,solid,sampled
A4-02,Section 2,2,-0.9181067943572998,350.0,-0.9181067943572998,solid,sampled
A4-02,Section 2,2,-0.9277746677398682,351.0,-0.9277746677398682,solid,sampled
A4-02,Section 2,2,-0.9001665115356445,352.0,-0.9001665115356445,solid,sampled
A4-02,Section 2,2,-0.9012709856033325,353.0,-0.9012709856033325,solid,sampled
A4-02,Section 2,2,-0.9024999141693115,354.0,-0.9024999141693115,solid,sampled
A4-02,Section 2,2,-0.9158058762550354,355.0,-0.9158058762550354,solid,sampled
A4-02,Section 2,2,-0.9216614961624146,356.0,-0.9216614961624146,solid,sampled
A4-02,Section 2,2,-0.9212608933448792,357.0,-0.9212608933448792,solid,sampled
A4-02,Section 2,2,-0.9078814387321472,358.0,-0.9078814387321472,solid,sampled
A4-02,Section 2,2,-0.8954460620880127,359.0,-0.8954460620880127,solid,sampled
A4-02,Section 2,2,-0.8966269493103027,360.0,-0.8966269493103027,solid,sampled
A4-02,Section 2,2,-0.9053382873535156,361.0,-0.9053382873535156,solid,sampled
A4-02,Section 2,2,-0.8985232710838318,362.0,-0.8985232710838318,solid,sampled
A4-02,Section 2,2,-0.8768798112869263,363.0,-0.8768798112869263,solid,sampled
A4-02,Section 2,2,-0.86099773645401,364.0,-0.86099773645401,solid,sampled
A4-02,Section 2,2,-0.8691514730453491,365.0,-0.8691514730453491,solid,sampled
A4-02,Section 2,2,-0.8884267807006836,366.0,-0.8884267807006836,solid,sampled
A4-02,Section 2,2,-0.9179123640060425,367.0,-0.9179123640060425,solid,sampled
A4-02,Section 2,2,-0.9681682586669922,368.0,-0.9681682586669922,solid,sampled
A4-02,Section 2,2,-0.9733522534370422,369.0,-0.9733522534370422,solid,sampled
A4-02,Section 2,2,-0.966240406036377,370.0,-0.966240406036377,solid,sampled
A4-02,Section 2,2,-0.9528086185455322,371.0,-0.9528086185455322,solid,sampled
A4-02,Section 2,2,-0.9209532737731934,372.0,-0.9209532737731934,solid,sampled
A4-02,Section 2,2,-0.903867244720459,373.0,-0.903867244720459,solid,sampled
A4-02,Section 2,2,-0.8399950861930847,374.0,-0.8399950861930847,solid,sampled
A4-02,Section 2,2,-0.836817741394043,375.0,-0.836817741394043,solid,sampled
A4-02,Section 2,2,-0.8746609687805176,376.0,-0.8746609687805176,solid,sampled
A4-02,Section 2,2,-0.9480385184288025,377.0,-0.9480385184288025,solid,sampled
A4-02,Section 2,2,-0.9275420308113098,378.0,-0.9275420308113098,solid,sampled
A4-02,Section 2,2,-0.9229586720466614,379.0,-0.9229586720466614,solid,sampled
A4-02,Section 2,2,-0.9016661643981934,380.0,-0.9016661643981934,solid,sampled
A4-02,Section 2,2,-0.8791980743408203,381.0,-0.8791980743408203,solid,sampled
A4-02,Section 2,2,-0.8739534616470337,382.0,-0.8739534616470337,solid,sampled
A4-02,Section 2,2,-0.8307697772979736,383.0,-0.8307697772979736,solid,sampled
A4-02,Section 2,2,-0.7937793731689453,384.0,-0.7937793731689453,solid,sampled
A4-02,Section 2,2,-0.846934974193573,385.0,-0.846934974193573,solid,sampled
A4-02,Section 2,2,-0.9757023453712463,386.0,-0.9757023453712463,solid,sampled
A4-02,Section 2,2,-0.8618971705436707,387.0,-0.8618971705436707,solid,sampled
A4-02,Section 2,2,-0.861515998840332,388.0,-0.861515998840332,solid,sampled
A4-02,Section 2,2,-0.8351795673370361,389.0,-0.8351795673370361,solid,sampled
A4-02,Section 2,2,-0.8626272678375244,390.0,-0.8626272678375244,solid,sampled
A4-02,Section 2,2,-0.8572778701782227,391.0,-0.8572778701782227,solid,sampled
A4-02,Section 2,2,-0.8743537068367004,392.0,-0.8743537068367004,solid,sampled
A4-02,Section 2,2,-0.9695917963981628,393.0,-0.9695917963981628,solid,sampled
A4-02,Section 2,2,-0.9159746766090393,394.0,-0.9159746766090393,solid,sampled
A4-02,Section 2,2,-0.8563531637191772,395.0,-0.8563531637191772,solid,sampled
A4-02,Section 2,2,-0.9482430219650269,396.0,-0.9482430219650269,solid,sampled
A4-02,Section 2,2,-1.0311247110366821,397.0,-1.0311247110366821,solid,sampled
A4-02,Section 2,2,-1.0540438890457153,398.0,-1.0540438890457153,solid,sampled
A4-02,Section 2,2,-0.9920262098312378,399.0,-0.9920262098312378,solid,sampled
A4-02,Section 2,2,-0.9608948230743408,400.0,-0.9608948230743408,solid,sampled
A4-02,Section 2,2,-0.9206371307373047,401.0,-0.9206371307373047,solid,sampled
A4-02,Section 2,2,-0.9077169895172119,402.0,-0.9077169895172119,solid,sampled
A4-02,Section 2,2,-0.8819284439086914,403.0,-0.8819284439086914,solid,sampled
A4-02,Section 2,2,-0.8842732906341553,404.0,-0.8842732906341553,solid,sampled
A4-02,Section 2,2,-0.8375341892242432,405.0,-0.8375341892242432,solid,sampled
A4-02,Section 2,2,-0.8754399418830872,406.0,-0.8754399418830872,solid,sampled
A4-02,Section 2,2,-0.9853333830833435,407.0,-0.9853333830833435,solid,sampled
A4-02,Section 2,2,-0.976804256439209,408.0,-0.976804256439209,solid,sampled
A4-02,Section 2,2,-0.9122854471206665,409.0,-0.9122854471206665,solid,sampled
A4-02,Section 2,2,-0.9405034780502319,410.0,-0.9405034780502319,solid,sampled
A4-02,Section 2,2,-0.9166037440299988,411.0,-0.9166037440299988,solid,sampled
A4-02,Section 2,2,-0.9277483820915222,412.0,-0.9277483820915222,solid,sampled
A4-02,Section 2,2,-0.935509443283081,413.0,-0.935509443283081,solid,sampled
A4-02,Section 2,2,-0.9132568836212158,414.0,-0.9132568836212158,solid,sampled
A4-02,Section 2,2,-0.9930046796798706,415.0,-0.9930046796798706,solid,sampled
A4-02,Section 2,2,-0.9143731594085693,416.0,-0.9143731594085693,solid,sampled
A4-02,Section 2,2,-0.9560177326202393,417.0,-0.9560177326202393,solid,sampled
A4-02,Section 2,2,-1.0252262353897095,418.0,-1.0252262353897095,solid,sampled
A4-02,Section 2,2,-0.996239960193634,419.0,-0.996239960193634,solid,sampled
A4-02,Section 2,2,-1.0254919528961182,420.0,-1.0254919528961182,solid,sampled
A4-02,Section 2,2,-1.0413103103637695,421.0,-1.0413103103637695,solid,sampled
A4-02,Section 2,2,-1.0148968696594238,422.0,-1.0148968696594238,solid,sampled
A4-02,Section 2,2,-1.082174301147461,423.0,-1.082174301147461,solid,sampled
A4-02,Section 2,2,-1.046093463897705,424.0,-1.046093463897705,solid,sampled
A4-02,Section 2,2,-0.9785504341125488,425.0,-0.9785504341125488,solid,sampled
A4-02,Section 2,2,-0.932628870010376,426.0,-0.932628870010376,solid,sampled
A4-02,Section 2,2,-0.911247193813324,427.0,-0.911247193813324,solid,sampled
A4-02,Section 2,2,-0.8868584036827087,428.0,-0.8868584036827087,solid,sampled
A4-02,Section 2,2,-0.9200729727745056,429.0,-0.9200729727745056,solid,sampled
A4-02,Section 2,2,-0.9840807914733887,430.0,-0.9840807914733887,solid,sampled
A4-02,Section 2,2,-1.1473252773284912,431.0,-1.1473252773284912,solid,sampled
A4-02,Section 2,2,-1.1151301860809326,432.0,-1.1151301860809326,solid,sampled
A4-02,Section 2,2,-1.0731792449951172,433.0,-1.0731792449951172,solid,sampled
A4-02,Section 2,2,-1.0189099311828613,434.0,-1.0189099311828613,solid,sampled
A4-02,Section 2,2,-0.9866950511932373,435.0,-0.9866950511932373,solid,sampled
A4-02,Section 2,2,-0.9946001768112183,436.0,-0.9946001768112183,solid,sampled
A4-02,Section 2,2,-1.0531551837921143,437.0,-1.0531551837921143,solid,sampled
A4-02,Section 2,2,-1.1379210948944092,438.0,-1.1379210948944092,solid,sampled
A4-02,Section 2,2,-1.1061687469482422,439.0,-1.1061687469482422,solid,sampled
A4-02,Section 2,2,-1.0286450386047363,440.0,-1.0286450386047363,solid,sampled
A4-02,Section 2,2,-1.1535992622375488,441.0,-1.1535992622375488,solid,sampled
A4-02,Section 2,2,-1.1404047012329102,442.0,-1.1404047012329102,solid,sampled
A4-02,Section 2,2,-1.0911399126052856,443.0,-1.0911399126052856,solid,sampled
A4-02,Section 2,2,-1.0872259140014648,444.0,-1.0872259140014648,solid,sampled
A4-02,Section 2,2,-1.1408963203430176,445.0,-1.1408963203430176,solid,sampled
A4-02,Section 2,2,-1.1730241775512695,446.0,-1.1730241775512695,solid,sampled
A4-02,Section 2,2,-1.1335937976837158,447.0,-1.1335937976837158,solid,sampled
A4-02,Section 2,2,-1.1646513938903809,448.0,-1.1646513938903809,solid,sampled
A4-02,Section 2,2,-1.1615750789642334,449.0,-1.1615750789642334,solid,sampled
A4-02,Section 2,2,-1.1633391380310059,450.0,-1.1633391380310059,solid,sampled
A4-02,Section 2,2,-1.1296827793121338,451.0,-1.1296827793121338,solid,sampled
A4-02,Section 2,2,-1.134796142578125,452.0,-1.134796142578125,solid,sampled
A4-02,Section 2,2,-1.2083696126937866,453.0,-1.2083696126937866,solid,sampled
A4-02,Section 2,2,-1.1609759330749512,454.0,-1.1609759330749512,solid,sampled
A4-02,Section 2,2,-1.1843628883361816,455.0,-1.1843628883361816,solid,sampled
A4-02,Section 2,2,-1.1990106105804443,456.0,-1.1990106105804443,solid,sampled
A4-02,Section 2,2,-1.204884648323059,457.0,-1.204884648323059,solid,sampled
A4-02,Section 2,2,-1.2038167715072632,458.0,-1.2038167715072632,solid,sampled
A4-02,Section 2,2,-1.1923247575759888,459.0,-1.1923247575759888,solid,sampled
A4-02,Section 2,2,-1.234009027481079,460.0,-1.234009027481079,solid,sampled
A4-02,Section 2,2,-1.2031546831130981,461.0,-1.2031546831130981,solid,sampled
A4-02,Section 2,2,-1.188819169998169,462.0,-1.188819169998169,solid,sampled
A4-02,Section 2,2,-1.1918002367019653,463.0,-1.1918002367019653,solid,sampled
A4-02,Section 2,2,-1.2165155410766602,464.0,-1.2165155410766602,solid,sampled
A4-02,Section 2,2,-1.2642011642456055,465.0,-1.2642011642456055,solid,sampled
A4-02,Section 2,2,-1.2631675004959106,466.0,-1.2631675004959106,solid,sampled
A4-02,Section 2,2,-1.3818764686584473,467.0,-1.3818764686584473,solid,sampled
A4-02,Section 2,2,-1.3563323020935059,468.0,-1.3563323020935059,solid,sampled
A4-02,Section 2,2,-1.3781569004058838,469.0,-1.3781569004058838,solid,sampled
A4-02,Section 2,2,-1.5470092296600342,470.0,-1.5470092296600342,solid,sampled
A4-02,Section 2,2,-1.4796080589294434,471.0,-1.4796080589294434,solid,sampled
A4-02,Section 2,2,-1.4688889980316162,472.0,-1.4688889980316162,solid,sampled
A4-02,Section 2,2,-1.4622890949249268,473.0,-1.4622890949249268,solid,sampled
A4-02,Section 2,2,-1.4437248706817627,474.0,-1.4437248706817627,solid,sampled
A4-02,Section 2,2,-1.4131755828857422,475.0,-1.4131755828857422,solid,sampled
A4-02,Section 2,2,-1.40386164188385,476.0,-1.40386164188385,solid,sampled
A4-02,Section 2,2,-1.4121341705322266,477.0,-1.4121341705322266,solid,sampled
A4-02,Section 2,2,-1.420857310295105,478.0,-1.420857310295105,solid,sampled
A4-02,Section 2,2,-1.4176493883132935,479.0,-1.4176493883132935,solid,sampled
A4-02,Section 2,2,-1.3680676221847534,480.0,-1.3680676221847534,solid,sampled
A4-02,Section 2,2,-1.465959072113037,481.0,-1.465959072113037,solid,sampled
A4-02,Section 2,2,-1.6097872257232666,482.0,-1.6097872257232666,solid,sampled
A4-02,Section 2,2,-1.7911694049835205,483.0,-1.7911694049835205,solid,sampled
A4-02,Section 2,2,-1.879697561264038,484.0,-1.879697561264038,solid,sampled
A4-02,Section 2,2,-1.9597833156585693,485.0,-1.9597833156585693,solid,sampled
A4-02,Section 2,2,-1.997110366821289,486.0,-1.997110366821289,solid,sampled
A4-02,Section 2,2,-2.0238053798675537,487.0,-2.0238053798675537,solid,sampled
A4-02,Section 2,2,-2.037470817565918,488.0,-2.037470817565918,solid,sampled
A4-02,Section 2,2,-2.038912057876587,489.0,-2.038912057876587,solid,sampled
A4-02,Section 2,2,-2.0299179553985596,490.0,-2.0299179553985596,solid,sampled
A4-02,Section 2,2,-2.0239334106445312,491.0,-2.0239334106445312,solid,sampled
A4-02,Section 2,2,-2.039344549179077,492.0,-2.039344549179077,solid,sampled
A4-02,Section 2,2,-2.1174869537353516,493.0,-2.1174869537353516,solid,sampled
A4-02,Section 2,2,-2.1523313522338867,494.0,-2.1523313522338867,solid,sampled
A4-02,Section 2,2,-2.176347255706787,495.0,-2.176347255706787,solid,sampled
A4-02,Section 2,2,-2.174405097961426,496.0,-2.174405097961426,solid,sampled
A4-02,Section 2,2,-2.197305202484131,497.0,-2.197305202484131,solid,sampled
A4-02,Section 2,2,-2.2751498222351074,498.0,-2.2751498222351074,solid,sampled
A4-02,Section 2,2,-2.293839454650879,499.0,-2.293839454650879,solid,sampled
A4-02,Section 2,2,-2.297327995300293,500.0,-2.297327995300293,solid,sampled
A4-02,Section 2,2,-2.283822536468506,501.0,-2.283822536468506,solid,sampled
A4-02,Section 2,2,-2.252692222595215,502.0,-2.252692222595215,solid,sampled
A4-02,Section 2,2,-2.230236768722534,503.0,-2.230236768722534,solid,sampled
A4-02,Section 2,2,-2.2361302375793457,504.0,-2.2361302375793457,solid,sampled
A4-02,Section 2,2,-2.289875030517578,505.0,-2.289875030517578,solid,sampled
A4-02,Section 2,2,-2.3225488662719727,506.0,-2.3225488662719727,solid,sampled
A4-02,Section 2,2,-2.296842575073242,507.0,-2.296842575073242,solid,sampled
A4-02,Section 2,2,-2.273937702178955,508.0,-2.273937702178955,solid,sampled
A4-02,Section 2,2,-2.284637451171875,509.0,-2.284637451171875,solid,sampled
A4-02,Section 2,2,-2.3548836708068848,510.0,-2.3548836708068848,solid,sampled
A4-02,Section 2,2,-2.4513497352600098,511.0,-2.4513497352600098,solid,sampled
A4-02,Section 2,2,-2.463803291320801,512.0,-2.463803291320801,solid,sampled
A4-02,Section 2,2,-2.462850570678711,513.0,-2.462850570678711,solid,sampled
A4-02,Section 2,2,-2.440063714981079,514.0,-2.440063714981079,solid,sampled
A4-02,Section 2,2,-2.4294137954711914,515.0,-2.4294137954711914,solid,sampled
A4-02,Section 2,2,-2.429152250289917,516.0,-2.429152250289917,solid,sampled
A4-02,Section 2,2,-2.4012527465820312,517.0,-2.4012527465820312,solid,sampled
A4-02,Section 2,2,-2.3571102619171143,518.0,-2.3571102619171143,solid,sampled
A4-02,Section 2,2,-2.312347888946533,519.0,-2.312347888946533,solid,sampled
A4-02,Section 2,2,-2.2767281532287598,520.0,-2.2767281532287598,solid,sampled
A4-02,Section 2,2,-2.264402151107788,521.0,-2.264402151107788,solid,sampled
A4-02,Section 2,2,-2.2762255668640137,522.0,-2.2762255668640137,solid,sampled
A4-02,Section 2,2,-2.3434324264526367,523.0,-2.3434324264526367,solid,sampled
A4-02,Section 2,2,-2.3111085891723633,524.0,-2.3111085891723633,solid,sampled
A4-02,Section 2,2,-2.213197708129883,525.0,-2.213197708129883,solid,sampled
A4-02,Section 2,2,-2.212704658508301,526.0,-2.212704658508301,solid,sampled
A4-02,Section 2,2,-2.350102424621582,527.0,-2.350102424621582,solid,sampled
A4-02,Section 2,2,-2.4104363918304443,528.0,-2.4104363918304443,solid,sampled
A4-02,Section 2,2,-2.4839720726013184,529.0,-2.4839720726013184,solid,sampled
A4-02,Section 2,2,-2.5732667446136475,530.0,-2.5732667446136475,solid,sampled
A4-02,Section 2,2,-2.704132556915283,531.0,-2.704132556915283,solid,sampled
A4-02,Section 2,2,-2.8766534328460693,532.0,-2.8766534328460693,solid,sampled
A4-02,Section 2,2,-2.9440340995788574,533.0,-2.9440340995788574,solid,sampled
A4-02,Section 2,2,-2.864806890487671,534.0,-2.864806890487671,solid,sampled
A4-02,Section 2,2,-2.7710886001586914,535.0,-2.7710886001586914,solid,sampled
A4-02,Section 2,2,-2.7426693439483643,536.0,-2.7426693439483643,solid,sampled
A4-02,Section 2,2,-2.6264233589172363,537.0,-2.6264233589172363,solid,sampled
A4-02,Section 2,2,-2.581632614135742,538.0,-2.581632614135742,solid,sampled
A4-02,Section 2,2,-2.6843886375427246,539.0,-2.6843886375427246,solid,sampled
A4-02,Section 2,2,-2.7155542373657227,540.0,-2.7155542373657227,solid,sampled
A4-02,Section 2,2,-2.616100549697876,541.0,-2.616100549697876,solid,sampled
A4-02,Section 2,2,-2.560344696044922,542.0,-2.560344696044922,solid,sampled
A4-02,Section 2,2,-2.5810422897338867,543.0,-2.5810422897338867,solid,sampled
A4-02,Section 2,2,-2.5858516693115234,544.0,-2.5858516693115234,solid,sampled
A4-02,Section 2,2,-2.656491279602051,545.0,-2.656491279602051,solid,sampled
A4-02,Section 2,2,-2.6078755855560303,546.0,-2.6078755855560303,solid,sampled
A4-02,Section 2,2,-2.527268171310425,547.0,-2.527268171310425,solid,sampled
A4-02,Section 2,2,-2.4409525394439697,548.0,-2.4409525394439697,solid,sampled
A4-02,Section 2,2,-2.4376118183135986,549.0,-2.4376118183135986,solid,sampled
A4-02,Section 2,2,-2.4527335166931152,550.0,-2.4527335166931152,solid,sampled
A4-02,Section 2,2,-2.5321836471557617,551.0,-2.5321836471557617,solid,sampled
A4-02,Section 2,2,-2.512890338897705,552.0,-2.512890338897705,solid,sampled
A4-02,Section 2,2,-2.431039810180664,553.0,-2.431039810180664,solid,sampled
A4-02,Section 2,2,-2.413132905960083,554.0,-2.413132905960083,solid,sampled
A4-02,Section 2,2,-2.4849750995635986,555.0,-2.4849750995635986,solid,sampled
A4-02,Section 2,2,-2.4750900268554688,556.0,-2.4750900268554688,solid,sampled
A4-02,Section 2,2,-2.515711784362793,557.0,-2.515711784362793,solid,sampled
A4-02,Section 2,2,-2.3894100189208984,558.0,-2.3894100189208984,solid,sampled
A4-02,Section 2,2,-2.4285736083984375,559.0,-2.4285736083984375,solid,sampled
A4-02,Section 2,2,-2.5263946056365967,560.0,-2.5263946056365967,solid,sampled
A4-02,Section 2,2,-2.5620009899139404,561.0,-2.5620009899139404,solid,sampled
A4-02,Section 2,2,-2.4830684661865234,562.0,-2.4830684661865234,solid,sampled
A4-02,Section 2,2,-2.507693290710449,563.0,-2.507693290710449,solid,sampled
A4-02,Section 2,2,-2.5043909549713135,564.0,-2.5043909549713135,solid,sampled
A4-02,Section 2,2,-2.499079942703247,565.0,-2.499079942703247,solid,sampled
A4-02,Section 2,2,-2.529414653778076,566.0,-2.529414653778076,solid,sampled
A4-02,Section 2,2,-2.536562442779541,567.0,-2.536562442779541,solid,sampled
A4-02,Section 2,2,-2.4713165760040283,568.0,-2.4713165760040283,solid,sampled
A4-02,Section 2,2,-2.5007989406585693,569.0,-2.5007989406585693,solid,sampled
A4-02,Section 2,2,-2.4878907203674316,570.0,-2.4878907203674316,solid,sampled
A4-02,Section 2,2,-2.5206949710845947,571.0,-2.5206949710845947,solid,sampled
A4-02,Section 2,2,-2.4775876998901367,572.0,-2.4775876998901367,solid,sampled
A4-02,Section 2,2,-2.485966682434082,573.0,-2.485966682434082,solid,sampled
A4-02,Section 2,2,-2.4799256324768066,574.0,-2.4799256324768066,solid,sampled
A4-02,Section 2,2,-2.495919942855835,575.0,-2.495919942855835,solid,sampled
A4-02,Section 2,2,-2.4686050415039062,576.0,-2.4686050415039062,solid,sampled
A4-02,Section 2,2,-2.2590463161468506,577.0,-2.2590463161468506,solid,sampled
A4-02,Section 2,2,-2.26409912109375,578.0,-2.26409912109375,solid,sampled
A4-02,Section 2,2,-2.410412311553955,579.0,-2.410412311553955,solid,sampled
A4-02,Section 2,2,-2.403700113296509,580.0,-2.403700113296509,solid,sampled
A4-02,Section 2,2,-2.31714129447937,581.0,-2.31714129447937,solid,sampled
A4-02,Section 2,2,-2.3510236740112305,582.0,-2.3510236740112305,solid,sampled
A4-02,Section 2,2,-2.378943920135498,583.0,-2.378943920135498,solid,sampled
A4-02,Section 2,2,-2.3334760665893555,584.0,-2.3334760665893555,solid,sampled
A4-02,Section 2,2,-2.3597331047058105,585.0,-2.3597331047058105,solid,sampled
A4-02,Section 2,2,-2.4130263328552246,586.0,-2.4130263328552246,solid,sampled
A4-02,Section 2,2,-2.4186203479766846,587.0,-2.4186203479766846,solid,sampled
A4-02,Section 2,2,-2.463528871536255,588.0,-2.463528871536255,solid,sampled
A4-02,Section 2,2,-2.5070557594299316,589.0,-2.5070557594299316,solid,sampled
A4-02,Section 2,2,-2.2652225494384766,590.0,-2.2652225494384766,solid,sampled
A4-02,Section 2,2,-2.2279675006866455,591.0,-2.2279675006866455,solid,sampled
A4-02,Section 2,2,-2.244326591491699,592.0,-2.244326591491699,solid,sampled
A4-02,Section 2,2,-2.2903242111206055,593.0,-2.2903242111206055,solid,sampled
A4-02,Section 2,2,-2.3311994075775146,594.0,-2.3311994075775146,solid,sampled
A4-02,Section 2,2,-2.3509576320648193,595.0,-2.3509576320648193,solid,sampled
A4-02,Section 2,2,-2.377042293548584,596.0,-2.377042293548584,solid,sampled
A4-02,Section 2,2,-2.4801321029663086,597.0,-2.4801321029663086,solid,sampled
A4-02,Section 2,2,-2.5451738834381104,598.0,-2.5451738834381104,solid,sampled
A4-02,Section 2,2,-2.496641159057617,599.0,-2.496641159057617,solid,sampled
A4-02,Section 2,2,-2.357964515686035,600.0,-2.357964515686035,solid,sampled
A4-02,Section 2,2,-2.387025833129883,601.0,-2.387025833129883,solid,sampled
A4-02,Section 2,2,-2.386239767074585,602.0,-2.386239767074585,solid,sampled
A4-02,Section 2,2,-2.333756446838379,603.0,-2.333756446838379,solid,sampled
A4-02,Section 2,2,-2.3598878383636475,604.0,-2.3598878383636475,solid,sampled
A4-02,Section 2,2,-2.170694351196289,605.0,-2.170694351196289,solid,sampled
A4-02,Section 2,2,-2.1759352684020996,606.0,-2.1759352684020996,solid,sampled
A4-02,Section 2,2,-2.2820510864257812,607.0,-2.2820510864257812,solid,sampled
A4-02,Section 2,2,-2.3666868209838867,608.0,-2.3666868209838867,solid,sampled
A4-02,Section 2,2,-2.4490041732788086,609.0,-2.4490041732788086,solid,sampled
A4-02,Section 2,2,-2.522754192352295,610.0,-2.522754192352295,solid,sampled
A4-02,Section 2,2,-2.587533950805664,611.0,-2.587533950805664,solid,sampled
A4-02,Section 2,2,-2.5160398483276367,612.0,-2.5160398483276367,solid,sampled
A4-02,Section 2,2,-2.4500131607055664,613.0,-2.4500131607055664,solid,sampled
A4-02,Section 2,2,-2.489389419555664,614.0,-2.489389419555664,solid,sampled
A4-02,Section 2,2,-2.4996232986450195,615.0,-2.4996232986450195,solid,sampled
A4-02,Section 2,2,-2.544644594192505,616.0,-2.544644594192505,solid,sampled
A4-02,Section 2,2,-2.675539970397949,617.0,-2.675539970397949,solid,sampled
A4-02,Section 2,2,-2.797976016998291,618.0,-2.797976016998291,solid,sampled
A4-02,Section 2,2,-3.0,619.0,-3.065338373184204,solid,water_floor
A4-02,Section 2,2,-3.0,620.0,-3.023789882659912,solid,water_floor
A4-02,Section 2,2,-2.954094409942627,621.0,-2.954094409942627,solid,sampled
A4-02,Section 2,2,-2.7563767433166504,622.0,-2.7563767433166504,solid,sampled
A4-02,Section 2,2,-2.8054182529449463,623.0,-2.8054182529449463,solid,sampled
A4-02,Section 2,2,-2.7270851135253906,624.0,-2.7270851135253906,solid,sampled
A4-02,Section 2,2,-2.9219436645507812,625.0,-2.9219436645507812,solid,sampled
A4-02,Section 2,2,-3.0,626.0,-3.075355052947998,solid,water_floor
A4-02,Section 2,2,-2.803471088409424,627.0,-2.803471088409424,solid,sampled
A4-02,Section 2,2,-3.0,628.0,-3.2232680320739746,solid,water_floor
A4-02,Section 2,2,-3.0,629.0,-26.720224380493164,solid,water_floor
A4-02,Section 2,2,-3.0,630.0,-32.33618927001953,solid,water_floor
A4-02,Section 2,2,-3.0,631.0,-34.45430374145508,solid,water_floor
A4-02,Section 2,2,-3.0,632.0,-28.389930725097656,solid,water_floor
A4-02,Section 2,2,-3.0,633.0,-33.29706954956055,solid,water_floor
A4-02,Section 2,2,-3.0,634.0,-33.993263244628906,solid,water_floor
A4-02,Section 2,2,-3.0,635.0,-35.9493408203125,solid,water_floor
A4-02,Section 2,2,-3.0,636.0,-37.572906494140625,solid,water_floor
A4-02,Section 2,2,-3.0,637.0,-37.56548309326172,solid,water_floor
A4-02,Section 2,2,-3.0,638.0,-41.23855209350586,solid,water_floor
A4-02,Section 2,2,-3.0,639.0,-40.18025207519531,solid,water_floor
A4-02,Section 2,2,-3.0,640.0,-47.590187072753906,solid,water_floor
A4-02,Section 2,2,-3.0,641.0,-43.985023498535156,solid,water_floor
A4-02,Section 2,2,-3.0,642.0,-57.618900299072266,solid,water_floor
A4-02,Section 2,2,-3.0,643.0,-47.52287673950195,solid,water_floor
A4-02,Section 2,2,-3.0,644.0,-55.105289459228516,solid,water_floor
A4-02,Section 2,2,-3.0,645.0,-55.585052490234375,solid,water_floor
A4-02,Section 2,2,-3.0,646.0,-60.85419464111328,solid,water_floor
A4-02,Section 2,2,-3.0,647.0,-61.934383392333984,solid,water_floor
A4-02,Section 2,2,-3.0,648.0,-59.98146438598633,solid,water_floor
A4-02,Section 2,2,-3.0,649.0,-59.355857849121094,solid,water_floor
A4-02,Section 2,2,-3.0,650.0,-54.93866729736328,solid,water_floor
A4-02,Section 2,2,-3.0,651.0,-58.485748291015625,solid,water_floor
A4-02,Section 2,2,-3.0,652.0,-55.049888610839844,solid,water_floor
A4-02,Section 2,2,-3.0,653.0,-56.56415939331055,solid,water_floor
A4-02,Section 2,2,-3.0,654.0,-57.38214874267578,solid,water_floor
A4-02,Section 2,2,-3.0,655.0,-52.58477020263672,solid,water_floor
A4-02,Section 2,2,-3.0,656.0,-57.40222930908203,solid,water_floor
A4-02,Section 2,2,-3.0,657.0,-57.41838073730469,solid,water_floor
A4-02,Section 2,2,-3.0,658.0,-66.56666564941406,solid,water_floor
A4-02,Section 2,2,-3.0,659.0,-59.41909408569336,solid,water_floor
A4-02,Section 2,2,-3.0,660.0,-57.237762451171875,solid,water_floor
A4-02,Section 2,2,-3.0,661.0,-60.428287506103516,solid,water_floor
A4-02,Section 2,2,-3.0,662.0,-60.727325439453125,solid,water_floor
A4-02,Section 2,2,-3.0,663.0,-49.93363571166992,solid,water_floor
A4-02,Section 2,2,-3.0,664.0,-59.694061279296875,solid,water_floor
A4-02,Section 2,2,-3.0,665.0,-60.33573913574219,solid,water_floor
A4-02,Section 2,2,-3.0,666.0,-46.84410095214844,solid,water_floor
A4-02,Section 2,2,-3.0,667.0,-46.88760757446289,solid,water_floor
A4-02,Section 2,2,-3.0,668.0,-29.432636260986328,solid,water_floor
A4-02,Section 2,2,-3.0,669.0,-26.709049224853516,solid,water_floor
A4-02,Section 2,2,-3.0,670.0,-44.864864349365234,solid,water_floor
A4-02,Section 2,2,-3.0,671.0,-47.430335998535156,solid,water_floor
A4-02,Section 2,2,-3.0,672.0,-52.064239501953125,solid,water_floor
A4-02,Section 2,2,-3.0,673.0,-54.7508544921875,solid,water_floor
A4-02,Section 2,2,-3.0,674.0,-58.563697814941406,solid,water_floor
A4-02,Section 2,2,-3.0,675.0,-56.69770812988281,solid,water_floor
A4-02,Section 2,2,-3.0,676.0,-58.860069274902344,solid,water_floor
A4-02,Section 2,2,-3.0,677.0,-55.95444869995117,solid,water_floor
A4-02,Section 2,2,-3.0,678.0,-53.840171813964844,solid,water_floor
A4-02,Section 2,2,-3.0,679.0,-43.201568603515625,solid,water_floor
A4-02,Section 2,2,-3.0,680.0,-40.863189697265625,solid,water_floor
A4-02,Section 2,2,-3.0,681.0,-43.880062103271484,solid,water_floor
A4-02,Section 2,2,-3.0,682.0,-36.15087127685547,solid,water_floor
A4-02,Section 2,2,-3.0,683.0,-13.204168319702148,solid,water_floor
A4-02,Section 2,2,-3.0,684.0,-3.2670741081237793,solid,water_floor
A4-02,Section 2,2,-3.0,685.0,-3.1646299362182617,solid,water_floor
A4-02,Section 2,2,-3.0,686.0,-3.032579183578491,solid,water_floor
A4-02,Section 2,2,-3.0,687.0,-3.0259673595428467,solid,water_floor
A4-02,Section 2,2,-2.91831636428833,688.0,-2.91831636428833,solid,sampled
A4-02,Section 2,2,-2.8811450004577637,689.0,-2.8811450004577637,solid,sampled
A4-02,Section 2,2,-2.8776497840881348,690.0,-2.8776497840881348,solid,sampled
A4-02,Section 2,2,-2.8097596168518066,691.0,-2.8097596168518066,solid,sampled
A4-02,Section 2,2,-2.8497891426086426,692.0,-2.8497891426086426,solid,sampled
A4-02,Section 2,2,-2.8067870140075684,693.0,-2.8067870140075684,solid,sampled
A4-02,Section 2,2,-2.701165199279785,694.0,-2.701165199279785,solid,sampled
A4-02,Section 2,2,-2.6554970741271973,695.0,-2.6554970741271973,solid,sampled
A4-02,Section 2,2,-2.6372361183166504,696.0,-2.6372361183166504,solid,sampled
A4-02,Section 2,2,-2.612469434738159,697.0,-2.612469434738159,solid,sampled
A4-02,Section 2,2,-2.5722439289093018,698.0,-2.5722439289093018,solid,sampled
A4-02,Section 2,2,-2.606539726257324,699.0,-2.606539726257324,solid,sampled
A4-02,Section 2,2,-2.5697784423828125,700.0,-2.5697784423828125,solid,sampled
A4-02,Section 2,2,-2.5260767936706543,701.0,-2.5260767936706543,solid,sampled
A4-02,Section 2,2,-2.476328134536743,702.0,-2.476328134536743,solid,sampled
A4-02,Section 2,2,-2.4238011837005615,703.0,-2.4238011837005615,solid,sampled
A4-02,Section 2,2,-2.3461530208587646,704.0,-2.3461530208587646,solid,sampled
A4-02,Section 2,2,-2.2787015438079834,705.0,-2.2787015438079834,solid,sampled
A4-02,Section 2,2,-2.1425259113311768,706.0,-2.1425259113311768,solid,sampled
A4-02,Section 2,2,-2.090214252471924,707.0,-2.090214252471924,solid,sampled
A4-02,Section 2,2,-2.014995574951172,708.0,-2.014995574951172,solid,sampled
A4-02,Section 2,2,-1.9488520622253418,709.0,-1.9488520622253418,solid,sampled
A4-02,Section 2,2,-1.878462314605713,710.0,-1.878462314605713,solid,sampled
A4-02,Section 2,2,-1.8207060098648071,711.0,-1.8207060098648071,solid,sampled
A4-02,Section 2,2,-1.762570858001709,712.0,-1.762570858001709,solid,sampled
A4-02,Section 2,2,-1.7169010639190674,713.0,-1.7169010639190674,solid,sampled
A4-02,Section 2,2,-1.6574604511260986,714.0,-1.6574604511260986,solid,sampled
A4-02,Section 2,2,-1.5827357769012451,715.0,-1.5827357769012451,solid,sampled
A4-02,Section 2,2,-1.5256190299987793,716.0,-1.5256190299987793,solid,sampled
A4-02,Section 2,2,-1.4688864946365356,717.0,-1.4688864946365356,solid,sampled
A4-02,Section 2,2,-1.4361650943756104,718.0,-1.4361650943756104,solid,sampled
A4-02,Section 2,2,-1.3321768045425415,719.0,-1.3321768045425415,solid,sampled
A4-02,Section 2,2,-1.253947138786316,720.0,-1.253947138786316,solid,sampled
A4-02,Section 2,2,-1.1087353229522705,721.0,-1.1087353229522705,solid,sampled
A4-02,Section 2,2,-1.1305522918701172,722.0,-1.1305522918701172,solid,sampled
A4-02,Section 2,2,-1.1047974824905396,723.0,-1.1047974824905396,solid,sampled
A4-02,Section 2,2,-1.0369524955749512,724.0,-1.0369524955749512,solid,sampled
A4-02,Section 2,2,-0.5242465734481812,725.0,-0.5242465734481812,solid,sampled
A4-02,Section 2,2,-0.4854264259338379,726.0,-0.4854264259338379,solid,sampled
A4-02,Section 2,2,-0.6030622124671936,727.0,-0.6030622124671936,solid,sampled
A4-02,Section 2,2,-0.6354779601097107,728.0,-0.6354779601097107,solid,sampled
A4-02,Section 2,2,-0.646880030632019,729.0,-0.646880030632019,solid,sampled
A4-02,Section 2,2,-0.6369284391403198,730.0,-0.6369284391403198,solid,sampled
A4-02,Section 2,2,-0.6088731288909912,731.0,-0.6088731288909912,solid,sampled
A4-02,Section 2,2,-0.5679688453674316,732.0,-0.5679688453674316,solid,sampled
A4-02,Section 2,2,-0.5395839214324951,733.0,-0.5395839214324951,solid,sampled
A4-02,Section 2,2,-0.5168987512588501,734.0,-0.5168987512588501,solid,sampled
A4-02,Section 2,2,-0.45407524704933167,735.0,-0.45407524704933167,solid,sampled
A4-02,Section 2,2,-0.42391490936279297,736.0,-0.42391490936279297,solid,sampled
A4-02,Section 2,2,-0.36730217933654785,737.0,-0.36730217933654785,solid,sampled
A4-02,Section 2,2,-0.3172793686389923,738.0,-0.3172793686389923,solid,sampled
A4-02,Section 2,2,-0.25777366757392883,739.0,-0.25777366757392883,solid,sampled
A4-02,Section 2,2,-0.19484710693359375,740.0,-0.19484710693359375,solid,sampled
A4-02,Section 2,2,-0.145429790019989,741.0,-0.145429790019989,solid,sampled
A4-02,Section 2,2,-0.12482169270515442,742.0,-0.12482169270515442,solid,sampled
A4-02,Section 2,2,-0.08512648940086365,743.0,-0.08512648940086365,solid,sampled
A4-02,Section 2,2,-0.033541545271873474,744.0,-0.033541545271873474,solid,sampled
A4-02,Section 2,2,0.0209779292345047,745.0,0.0209779292345047,solid,sampled
A4-02,Section 2,2,0.011150240898132324,746.0,0.011150240898132324,solid,sampled
A4-02,Section 2,2,0.03370809555053711,747.0,0.03370809555053711,solid,sampled
A4-02,Section 2,2,0.07219278812408447,748.0,0.07219278812408447,solid,sampled
A4-02,Section 2,2,0.09478266537189484,749.0,0.09478266537189484,solid,sampled
A4-02,Section 2,2,0.11842137575149536,750.0,0.11842137575149536,solid,sampled
A4-02,Section 2,2,0.1545720100402832,751.0,0.1545720100402832,solid,sampled
A4-02,Section 2,2,0.18120884895324707,752.0,0.18120884895324707,solid,sampled
A4-02,Section 2,2,0.2018628567457199,753.0,0.2018628567457199,solid,sampled
A4-02,Section 2,2,0.2500123977661133,754.0,0.2500123977661133,solid,sampled
A4-02,Section 2,2,0.2972158193588257,755.0,0.2972158193588257,solid,sampled
A4-02,Section 2,2,0.3585399389266968,756.0,0.3585399389266968,solid,sampled
A4-02,Section 2,2,0.383605033159256,757.0,0.383605033159256,solid,sampled
A4-02,Section 2,2,0.42799490690231323,758.0,0.42799490690231323,solid,sampled
A4-02,Section 2,2,0.4716241955757141,759.0,0.4716241955757141,solid,sampled
A4-02,Section 2,2,0.5473296642303467,760.0,0.5473296642303467,solid,sampled
A4-02,Section 2,2,0.6124981641769409,761.0,0.6124981641769409,solid,sampled
A4-02,Section 2,2,0.6582763195037842,762.0,0.6582763195037842,solid,sampled
A4-02,Section 2,2,0.6833646297454834,763.0,0.6833646297454834,solid,sampled
A4-02,Section 2,2,0.736029863357544,764.0,0.736029863357544,solid,sampled
A4-02,Section 2,2,0.7708549499511719,765.0,0.7708549499511719,solid,sampled
A4-02,Section 2,2,0.84327232837677,766.0,0.84327232837677,solid,sampled
A4-02,Section 2,2,0.8809661865234375,767.0,0.8809661865234375,solid,sampled
A4-02,Section 2,2,0.9249073266983032,768.0,0.9249073266983032,solid,sampled
A4-02,Section 2,2,0.9434550404548645,769.0,0.9434550404548645,solid,sampled
A4-02,Section 2,2,0.9985902309417725,770.0,0.9985902309417725,solid,sampled
A4-02,Section 2,2,1.0375449657440186,771.0,1.0375449657440186,solid,sampled
A4-02,Section 2,2,1.0905035734176636,772.0,1.0905035734176636,solid,sampled
A4-02,Section 2,2,1.1613651514053345,773.0,1.1613651514053345,solid,sampled
A4-02,Section 2,2,1.2229186296463013,774.0,1.2229186296463013,solid,sampled
A4-02,Section 2,2,1.2717801332473755,775.0,1.2717801332473755,solid,sampled
A4-02,Section 2,2,1.3323694467544556,776.0,1.3323694467544556,solid,sampled
A4-02,Section 2,2,1.4051074981689453,777.0,1.4051074981689453,solid,sampled
A4-02,Section 2,2,1.4812244176864624,778.0,1.4812244176864624,solid,sampled
A4-02,Section 2,2,1.5491423606872559,779.0,1.5491423606872559,solid,sampled
A4-02,Section 2,2,1.6273584365844727,780.0,1.6273584365844727,solid,sampled
A4-02,Section 2,2,1.713728666305542,781.0,1.713728666305542,solid,sampled
A4-02,Section 2,2,1.8683826923370361,782.0,1.8683826923370361,solid,sampled
A4-02,Section 2,2,1.9316942691802979,783.0,1.9316942691802979,solid,sampled
A4-02,Section 2,2,1.8833911418914795,784.0,1.8833911418914795,solid,sampled
A4-02,Section 2,2,1.8946418762207031,785.0,1.8946418762207031,solid,sampled
A4-02,Section 2,2,1.9251580238342285,786.0,1.9251580238342285,solid,sampled
A4-02,Section 2,2,1.9201557636260986,787.0,1.9201557636260986,solid,sampled
A4-02,Section 2,2,1.9435418844223022,788.0,1.9435418844223022,solid,sampled
A4-02,Section 2,2,1.9513907432556152,789.0,1.9513907432556152,solid,sampled
A4-02,Section 2,2,1.968538522720337,790.0,1.968538522720337,solid,sampled
A4-02,Section 2,2,2.005249500274658,791.0,2.005249500274658,solid,sampled
A4-02,Section 2,2,2.075425386428833,792.0,2.075425386428833,solid,sampled
A4-02,Section 2,2,2.1343040466308594,793.0,2.1343040466308594,solid,sampled
A4-02,Section 2,2,2.2246012687683105,794.0,2.2246012687683105,solid,sampled
A4-02,Section 2,2,2.2899715900421143,795.0,2.2899715900421143,solid,sampled
A4-02,Section 2,2,2.4110283851623535,796.0,2.4110283851623535,solid,sampled
A4-02,Section 2,2,2.611454486846924,797.0,2.611454486846924,solid,sampled
A4-02,Section 2,2,2.6637039184570312,798.0,2.6637039184570312,solid,sampled
A4-02,Section 2,2,2.781229019165039,799.0,2.781229019165039,solid,sampled
A4-02,Section 2,2,3.0448241233825684,800.0,3.0448241233825684,solid,sampled
A4-02,Section 2,2,3.1640536785125732,801.0,3.1640536785125732,solid,sampled
A4-02,Section 2,2,4.567066192626953,802.0,4.567066192626953,solid,sampled
A4-02,Section 2,2,5.454049110412598,803.0,5.454049110412598,solid,sampled
A4-02,Section 2,2,6.725531578063965,804.0,6.725531578063965,solid,sampled
A4-02,Section 2,2,7.0511393547058105,805.0,7.0511393547058105,solid,sampled
A4-02,Section 2,2,7.351010322570801,806.0,7.351010322570801,solid,sampled
A4-02,Section 2,2,7.34789514541626,807.0,7.34789514541626,solid,sampled
A4-02,Section 2,2,7.11293888092041,808.0,7.11293888092041,solid,sampled
A4-02,Section 2,2,7.242259979248047,809.0,7.242259979248047,solid,sampled
A4-02,Section 2,2,7.212559700012207,810.0,7.212559700012207,solid,sampled
A4-02,Section 2,2,6.906217575073242,811.0,6.906217575073242,solid,sampled
A4-02,Section 2,2,6.0392231941223145,812.0,6.0392231941223145,solid,sampled
A4-02,Section 2,2,6.0779876708984375,813.0,6.0779876708984375,solid,sampled
A4-02,Section 2,2,6.145787715911865,814.0,6.145787715911865,solid,sampled
A4-02,Section 2,2,6.164474964141846,815.0,6.164474964141846,solid,sampled
A4-02,Section 2,2,6.135354042053223,816.0,6.135354042053223,solid,sampled
A4-02,Section 2,2,6.126989364624023,817.0,6.126989364624023,solid,sampled
A4-02,Section 2,2,6.20074462890625,818.0,6.20074462890625,solid,sampled
A4-02,Section 2,2,6.217312812805176,819.0,6.217312812805176,solid,sampled
A4-02,Section 2,2,7.999780178070068,820.0,7.999780178070068,solid,sampled
A4-02,Section 2,2,8.597715377807617,821.0,8.597715377807617,solid,sampled
A4-02,Section 2,2,9.428181648254395,822.0,9.428181648254395,solid,sampled
A4-02,Section 2,2,9.366840362548828,823.0,9.366840362548828,solid,sampled
A4-02,Section 2,2,9.504999160766602,824.0,9.504999160766602,solid,sampled
A4-02,Section 2,2,9.045276641845703,825.0,9.045276641845703,solid,sampled
A4-02,Section 2,2,8.99697494506836,826.0,8.99697494506836,solid,sampled
A4-02,Section 2,2,0.0,827.0,,dotted,null_fill
A4-02,Section 2,2,0.0,828.0,,dotted,null_fill
A4-02,Section 2,2,0.0,829.0,,dotted,null_fill
A4-02,Section 2,2,0.0,830.0,,dotted,null_fill
A4-02,Section 2,2,0.0,831.0,,dotted,null_fill
A4-02,Section 2,2,0.0,832.0,,dotted,null_fill
A4-02,Section 2,2,0.0,833.0,,dotted,null_fill
A4-02,Section 2,2,0.0,834.0,,dotted,null_fill
A4-02,Section 2,2,0.0,835.0,,dotted,null_fill
A4-02,Section 2,2,0.0,836.0,,dotted,null_fill
A4-02,Section 2,2,0.0,837.0,,dotted,null_fill
A4-02,Section 2,2,0.0,838.0,,dotted,null_fill
A4-02,Section 2,2,0.0,839.0,,dotted,null_fill
A4-02,Section 2,2,0.0,840.0,,dotted,null_fill
A4-02,Section 2,2,0.0,841.0,,dotted,null_fill
A4-02,Section 2,2,0.0,842.0,,dotted,null_fill
A4-02,Section 2,2,0.0,843.0,,dotted,null_fill
A4-02,Section 2,2,0.0,844.0,,dotted,null_fill
A4-02,Section 2,2,0.0,845.0,,dotted,null_fill
A4-02,Section 2,2,0.0,846.0,,dotted,null_fill
A4-02,Section 2,2,0.0,847.0,,dotted,null_fill
A4-02,Section 2,2,0.0,848.0,,dotted,null_fill
A4-02,Section 2,2,0.0,849.0,,dotted,null_fill
A4-02,Section 2,2,0.0,850.0,,dotted,null_fill
A4-02,Section 2,2,0.0,851.0,,dotted,null_fill
A4-02,Section 2,2,0.0,852.0,,dotted,null_fill
A4-02,Section 2,2,0.0,853.0,,dotted,null_fill
A4-02,Section 2,2,0.0,854.0,,dotted,null_fill
A4-02,Section 2,2,0.0,855.0,,dotted,null_fill
A4-02,Section 2,2,0.0,856.0,,dotted,null_fill
A4-02,Section 2,2,0.0,857.0,,dotted,null_fill
A4-02,Section 2,2,0.0,858.0,,dotted,null_fill
A4-02,Section 2,2,0.0,859.0,,dotted,null_fill
A4-02,Section 2,2,0.0,860.0,,dotted,null_fill
A4-02,Section 2,2,0.0,861.0,,dotted,null_fill
A4-02,Section 2,2,0.0,862.0,,dotted,null_fill
A4-02,Section 2,2,0.0,863.0,,dotted,null_fill
A4-02,Section 2,2,0.0,864.0,,dotted,null_fill
A4-02,Section 2,2,0.0,865.0,,dotted,null_fill
A4-02,Section 2,2,0.0,866.0,,dotted,null_fill
A4-02,Section 2,2,0.0,867.0,,dotted,null_fill
A4-02,Section 2,2,0.0,868.0,,dotted,null_fill
A4-02,Section 2,2,0.0,869.0,,dotted,null_fill
A4-02,Section 2,2,0.0,870.0,,dotted,null_fill
A4-02,Section 2,2,0.0,871.0,,dotted,null_fill
A4-02,Section 2,2,0.0,872.0,,dotted,null_fill
A4-03,Section 3,3,0.0,0.0,,dotted,null_fill
A4-03,Section 3,3,0.0,1.0,,dotted,null_fill
A4-03,Section 3,3,0.0,2.0,,dotted,null_fill
A4-03,Section 3,3,0.0,3.0,,dotted,null_fill
A4-03,Section 3,3,0.0,4.0,,dotted,null_fill
A4-03,Section 3,3,0.0,5.0,,dotted,null_fill
A4-03,Section 3,3,0.0,6.0,,dotted,null_fill
A4-03,Section 3,3,0.0,7.0,,dotted,null_fill
A4-03,Section 3,3,0.0,8.0,,dotted,null_fill
A4-03,Section 3,3,0.0,9.0,,dotted,null_fill
A4-03,Section 3,3,0.0,10.0,,dotted,null_fill
A4-03,Section 3,3,0.0,11.0,,dotted,null_fill
A4-03,Section 3,3,0.0,12.0,,dotted,null_fill
A4-03,Section 3,3,0.0,13.0,,dotted,null_fill
A4-03,Section 3,3,0.0,14.0,,dotted,null_fill
A4-03,Section 3,3,0.0,15.0,,dotted,null_fill
A4-03,Section 3,3,0.0,16.0,,dotted,null_fill
A4-03,Section 3,3,0.0,17.0,,dotted,null_fill
A4-03,Section 3,3,0.0,18.0,,dotted,null_fill
A4-03,Section 3,3,0.0,19.0,,dotted,null_fill
A4-03,Section 3,3,0.0,20.0,,dotted,null_fill
A4-03,Section 3,3,0.0,21.0,,dotted,null_fill
A4-03,Section 3,3,0.0,22.0,,dotted,null_fill
A4-03,Section 3,3,0.0,23.0,,dotted,null_fill
A4-03,Section 3,3,0.0,24.0,,dotted,null_fill
A4-03,Section 3,3,0.0,25.0,,dotted,null_fill
A4-03,Section 3,3,0.0,26.0,,dotted,null_fill
A4-03,Section 3,3,0.0,27.0,,dotted,null_fill
A4-03,Section 3,3,0.0,28.0,,dotted,null_fill
A4-03,Section 3,3,0.0,29.0,,dotted,null_fill
A4-03,Section 3,3,0.0,30.0,,dotted,null_fill
A4-03,Section 3,3,0.0,31.0,,dotted,null_fill
A4-03,Section 3,3,0.0,32.0,,dotted,null_fill
A4-03,Section 3,3,0.0,33.0,,dotted,null_fill
A4-03,Section 3,3,0.0,34.0,,dotted,null_fill
A4-03,Section 3,3,0.0,35.0,,dotted,null_fill
A4-03,Section 3,3,0.0,36.0,,dotted,null_fill
A4-03,Section 3,3,0.0,37.0,,dotted,null_fill
A4-03,Section 3,3,0.0,38.0,,dotted,null_fill
A4-03,Section 3,3,0.0,39.0,,dotted,null_fill
A4-03,Section 3,3,0.0,40.0,,dotted,null_fill
A4-03,Section 3,3,0.0,41.0,,dotted,null_fill
A4-03,Section 3,3,0.0,42.0,,dotted,null_fill
A4-03,Section 3,3,0.0,43.0,,dotted,null_fill
A4-03,Section 3,3,0.0,44.0,,dotted,null_fill
A4-03,Section 3,3,0.0,45.0,,dotted,null_fill
A4-03,Section 3,3,0.0,46.0,,dotted,null_fill
A4-03,Section 3,3,0.0,47.0,,dotted,null_fill
A4-03,Section 3,3,0.0,48.0,,dotted,null_fill
A4-03,Section 3,3,0.0,49.0,,dotted,null_fill
A4-03,Section 3,3,0.0,50.0,,dotted,null_fill
A4-03,Section 3,3,0.0,51.0,,dotted,null_fill
A4-03,Section 3,3,0.0,52.0,,dotted,null_fill
A4-03,Section 3,3,0.0,53.0,,dotted,null_fill
A4-03,Section 3,3,-0.6688647270202637,54.0,-0.6688647270202637,solid,sampled
A4-03,Section 3,3,-0.6521461606025696,55.0,-0.6521461606025696,solid,sampled
A4-03,Section 3,3,-0.6533461809158325,56.0,-0.6533461809158325,solid,sampled
A4-03,Section 3,3,-0.6649074554443359,57.0,-0.6649074554443359,solid,sampled
A4-03,Section 3,3,-0.6702932119369507,58.0,-0.6702932119369507,solid,sampled
A4-03,Section 3,3,-0.7315981388092041,59.0,-0.7315981388092041,solid,sampled
A4-03,Section 3,3,-0.9265880584716797,60.0,-0.9265880584716797,solid,sampled
A4-03,Section 3,3,-0.8746809363365173,61.0,-0.8746809363365173,solid,sampled
A4-03,Section 3,3,-0.9263521432876587,62.0,-0.9263521432876587,solid,sampled
A4-03,Section 3,3,-0.8511486053466797,63.0,-0.8511486053466797,solid,sampled
A4-03,Section 3,3,-0.7980104684829712,64.0,-0.7980104684829712,solid,sampled
A4-03,Section 3,3,-0.7576955556869507,65.0,-0.7576955556869507,solid,sampled
A4-03,Section 3,3,-0.7354625463485718,66.0,-0.7354625463485718,solid,sampled
A4-03,Section 3,3,-0.7028184533119202,67.0,-0.7028184533119202,solid,sampled
A4-03,Section 3,3,-0.6922938227653503,68.0,-0.6922938227653503,solid,sampled
A4-03,Section 3,3,-0.6768121123313904,69.0,-0.6768121123313904,solid,sampled
A4-03,Section 3,3,-0.6967242956161499,70.0,-0.6967242956161499,solid,sampled
A4-03,Section 3,3,-0.6807156801223755,71.0,-0.6807156801223755,solid,sampled
A4-03,Section 3,3,-0.670921802520752,72.0,-0.670921802520752,solid,sampled
A4-03,Section 3,3,-0.6858615875244141,73.0,-0.6858615875244141,solid,sampled
A4-03,Section 3,3,-0.6906191110610962,74.0,-0.6906191110610962,solid,sampled
A4-03,Section 3,3,-0.7153377532958984,75.0,-0.7153377532958984,solid,sampled
A4-03,Section 3,3,-0.7512099742889404,76.0,-0.7512099742889404,solid,sampled
A4-03,Section 3,3,-0.7914976477622986,77.0,-0.7914976477622986,solid,sampled
A4-03,Section 3,3,-0.8127431869506836,78.0,-0.8127431869506836,solid,sampled
A4-03,Section 3,3,-0.8139742612838745,79.0,-0.8139742612838745,solid,sampled
A4-03,Section 3,3,-0.7937024831771851,80.0,-0.7937024831771851,solid,sampled
A4-03,Section 3,3,-0.7829999923706055,81.0,-0.7829999923706055,solid,sampled
A4-03,Section 3,3,-0.7897130250930786,82.0,-0.7897130250930786,solid,sampled
A4-03,Section 3,3,-0.8144546747207642,83.0,-0.8144546747207642,solid,sampled
A4-03,Section 3,3,-0.7895087599754333,84.0,-0.7895087599754333,solid,sampled
A4-03,Section 3,3,-0.7425054907798767,85.0,-0.7425054907798767,solid,sampled
A4-03,Section 3,3,-0.7189712524414062,86.0,-0.7189712524414062,solid,sampled
A4-03,Section 3,3,-0.7142913341522217,87.0,-0.7142913341522217,solid,sampled
A4-03,Section 3,3,-0.7095474004745483,88.0,-0.7095474004745483,solid,sampled
A4-03,Section 3,3,-0.6984472274780273,89.0,-0.6984472274780273,solid,sampled
A4-03,Section 3,3,-0.6858490705490112,90.0,-0.6858490705490112,solid,sampled
A4-03,Section 3,3,-0.6687859296798706,91.0,-0.6687859296798706,solid,sampled
A4-03,Section 3,3,-0.6552188992500305,92.0,-0.6552188992500305,solid,sampled
A4-03,Section 3,3,-0.6474840044975281,93.0,-0.6474840044975281,solid,sampled
A4-03,Section 3,3,-0.6446861028671265,94.0,-0.6446861028671265,solid,sampled
A4-03,Section 3,3,-0.640007734298706,95.0,-0.640007734298706,solid,sampled
A4-03,Section 3,3,-0.6345407962799072,96.0,-0.6345407962799072,solid,sampled
A4-03,Section 3,3,-0.6378998756408691,97.0,-0.6378998756408691,solid,sampled
A4-03,Section 3,3,-0.6346651315689087,98.0,-0.6346651315689087,solid,sampled
A4-03,Section 3,3,-0.6180930137634277,99.0,-0.6180930137634277,solid,sampled
A4-03,Section 3,3,-0.6094252467155457,100.0,-0.6094252467155457,solid,sampled
A4-03,Section 3,3,-0.5954148173332214,101.0,-0.5954148173332214,solid,sampled
A4-03,Section 3,3,-0.581716001033783,102.0,-0.581716001033783,solid,sampled
A4-03,Section 3,3,-0.5761269927024841,103.0,-0.5761269927024841,solid,sampled
A4-03,Section 3,3,-0.5640841722488403,104.0,-0.5640841722488403,solid,sampled
A4-03,Section 3,3,-0.5488104224205017,105.0,-0.5488104224205017,solid,sampled
A4-03,Section 3,3,-0.5465900897979736,106.0,-0.5465900897979736,solid,sampled
A4-03,Section 3,3,-0.5405566692352295,107.0,-0.5405566692352295,solid,sampled
A4-03,Section 3,3,-0.5381636619567871,108.0,-0.5381636619567871,solid,sampled
A4-03,Section 3,3,-0.5373990535736084,109.0,-0.5373990535736084,solid,sampled
A4-03,Section 3,3,-0.5332493185997009,110.0,-0.5332493185997009,solid,sampled
A4-03,Section 3,3,-0.5210853815078735,111.0,-0.5210853815078735,solid,sampled
A4-03,Section 3,3,-0.5283564925193787,112.0,-0.5283564925193787,solid,sampled
A4-03,Section 3,3,-0.5185117721557617,113.0,-0.5185117721557617,solid,sampled
A4-03,Section 3,3,-0.5236710906028748,114.0,-0.5236710906028748,solid,sampled
A4-03,Section 3,3,-0.5169053673744202,115.0,-0.5169053673744202,solid,sampled
A4-03,Section 3,3,-0.5046894550323486,116.0,-0.5046894550323486,solid,sampled
A4-03,Section 3,3,-0.5059252381324768,117.0,-0.5059252381324768,solid,sampled
A4-03,Section 3,3,-0.5025107264518738,118.0,-0.5025107264518738,solid,sampled
A4-03,Section 3,3,-0.5003690719604492,119.0,-0.5003690719604492,solid,sampled
A4-03,Section 3,3,-0.47995704412460327,120.0,-0.47995704412460327,solid,sampled
A4-03,Section 3,3,-0.48760175704956055,121.0,-0.48760175704956055,solid,sampled
A4-03,Section 3,3,-0.4772164821624756,122.0,-0.4772164821624756,solid,sampled
A4-03,Section 3,3,-0.4675337076187134,123.0,-0.4675337076187134,solid,sampled
A4-03,Section 3,3,-0.46746188402175903,124.0,-0.46746188402175903,solid,sampled
A4-03,Section 3,3,-0.46886953711509705,125.0,-0.46886953711509705,solid,sampled
A4-03,Section 3,3,-0.45757293701171875,126.0,-0.45757293701171875,solid,sampled
A4-03,Section 3,3,-0.44236063957214355,127.0,-0.44236063957214355,solid,sampled
A4-03,Section 3,3,-0.4450199604034424,128.0,-0.4450199604034424,solid,sampled
A4-03,Section 3,3,-0.4445744752883911,129.0,-0.4445744752883911,solid,sampled
A4-03,Section 3,3,-0.43686962127685547,130.0,-0.43686962127685547,solid,sampled
A4-03,Section 3,3,-0.43184196949005127,131.0,-0.43184196949005127,solid,sampled
A4-03,Section 3,3,-0.428558349609375,132.0,-0.428558349609375,solid,sampled
A4-03,Section 3,3,-0.41795775294303894,133.0,-0.41795775294303894,solid,sampled
A4-03,Section 3,3,-0.4176899194717407,134.0,-0.4176899194717407,solid,sampled
A4-03,Section 3,3,-0.42309290170669556,135.0,-0.42309290170669556,solid,sampled
A4-03,Section 3,3,-0.4102481007575989,136.0,-0.4102481007575989,solid,sampled
A4-03,Section 3,3,-0.39849531650543213,137.0,-0.39849531650543213,solid,sampled
A4-03,Section 3,3,-0.3877994418144226,138.0,-0.3877994418144226,solid,sampled
A4-03,Section 3,3,-0.39711374044418335,139.0,-0.39711374044418335,solid,sampled
A4-03,Section 3,3,-0.3928896188735962,140.0,-0.3928896188735962,solid,sampled
A4-03,Section 3,3,-0.38451051712036133,141.0,-0.38451051712036133,solid,sampled
A4-03,Section 3,3,-0.37474894523620605,142.0,-0.37474894523620605,solid,sampled
A4-03,Section 3,3,-0.3699040710926056,143.0,-0.3699040710926056,solid,sampled
A4-03,Section 3,3,-0.36962270736694336,144.0,-0.36962270736694336,solid,sampled
A4-03,Section 3,3,-0.35623857378959656,145.0,-0.35623857378959656,solid,sampled
A4-03,Section 3,3,-0.3460425138473511,146.0,-0.3460425138473511,solid,sampled
A4-03,Section 3,3,-0.33821386098861694,147.0,-0.33821386098861694,solid,sampled
A4-03,Section 3,3,-0.3224179744720459,148.0,-0.3224179744720459,solid,sampled
A4-03,Section 3,3,-0.31627851724624634,149.0,-0.31627851724624634,solid,sampled
A4-03,Section 3,3,-0.31152111291885376,150.0,-0.31152111291885376,solid,sampled
A4-03,Section 3,3,-0.2962324619293213,151.0,-0.2962324619293213,solid,sampled
A4-03,Section 3,3,-0.2844332456588745,152.0,-0.2844332456588745,solid,sampled
A4-03,Section 3,3,-0.2880704998970032,153.0,-0.2880704998970032,solid,sampled
A4-03,Section 3,3,-0.27320683002471924,154.0,-0.27320683002471924,solid,sampled
A4-03,Section 3,3,-0.2679407596588135,155.0,-0.2679407596588135,solid,sampled
A4-03,Section 3,3,-0.2549580931663513,156.0,-0.2549580931663513,solid,sampled
A4-03,Section 3,3,-0.2539198398590088,157.0,-0.2539198398590088,solid,sampled
A4-03,Section 3,3,-0.24821187555789948,158.0,-0.24821187555789948,solid,sampled
A4-03,Section 3,3,-0.23186933994293213,159.0,-0.23186933994293213,solid,sampled
A4-03,Section 3,3,-0.2264632135629654,160.0,-0.2264632135629654,solid,sampled
A4-03,Section 3,3,-0.23029831051826477,161.0,-0.23029831051826477,solid,sampled
A4-03,Section 3,3,-0.21994759142398834,162.0,-0.21994759142398834,solid,sampled
A4-03,Section 3,3,-0.21283438801765442,163.0,-0.21283438801765442,solid,sampled
A4-03,Section 3,3,-0.20510417222976685,164.0,-0.20510417222976685,solid,sampled
A4-03,Section 3,3,-0.2081088423728943,165.0,-0.2081088423728943,solid,sampled
A4-03,Section 3,3,-0.1905641257762909,166.0,-0.1905641257762909,solid,sampled
A4-03,Section 3,3,-0.18644389510154724,167.0,-0.18644389510154724,solid,sampled
A4-03,Section 3,3,-0.18327999114990234,168.0,-0.18327999114990234,solid,sampled
A4-03,Section 3,3,-0.1846034824848175,169.0,-0.1846034824848175,solid,sampled
A4-03,Section 3,3,-0.177606999874115,170.0,-0.177606999874115,solid,sampled
A4-03,Section 3,3,-0.1700758934020996,171.0,-0.1700758934020996,solid,sampled
A4-03,Section 3,3,-0.16458529233932495,172.0,-0.16458529233932495,solid,sampled
A4-03,Section 3,3,-0.15956616401672363,173.0,-0.15956616401672363,solid,sampled
A4-03,Section 3,3,-0.15707993507385254,174.0,-0.15707993507385254,solid,sampled
A4-03,Section 3,3,-0.151279017329216,175.0,-0.151279017329216,solid,sampled
A4-03,Section 3,3,-0.15076202154159546,176.0,-0.15076202154159546,solid,sampled
A4-03,Section 3,3,-0.14294683933258057,177.0,-0.14294683933258057,solid,sampled
A4-03,Section 3,3,-0.13820573687553406,178.0,-0.13820573687553406,solid,sampled
A4-03,Section 3,3,-0.13003861904144287,179.0,-0.13003861904144287,solid,sampled
A4-03,Section 3,3,-0.1372840404510498,180.0,-0.1372840404510498,solid,sampled
A4-03,Section 3,3,-0.1253749132156372,181.0,-0.1253749132156372,solid,sampled
A4-03,Section 3,3,-0.11758458614349365,182.0,-0.11758458614349365,solid,sampled
A4-03,Section 3,3,-0.1247258186340332,183.0,-0.1247258186340332,solid,sampled
A4-03,Section 3,3,-0.11951714754104614,184.0,-0.11951714754104614,solid,sampled
A4-03,Section 3,3,-0.1317453384399414,185.0,-0.1317453384399414,solid,sampled
A4-03,Section 3,3,-0.12473811209201813,186.0,-0.12473811209201813,solid,sampled
A4-03,Section 3,3,-0.12750709056854248,187.0,-0.12750709056854248,solid,sampled
A4-03,Section 3,3,-0.13203227519989014,188.0,-0.13203227519989014,solid,sampled
A4-03,Section 3,3,-0.1333794891834259,189.0,-0.1333794891834259,solid,sampled
A4-03,Section 3,3,-0.1269364356994629,190.0,-0.1269364356994629,solid,sampled
A4-03,Section 3,3,-0.12350122630596161,191.0,-0.12350122630596161,solid,sampled
A4-03,Section 3,3,-0.1238800585269928,192.0,-0.1238800585269928,solid,sampled
A4-03,Section 3,3,-0.12008782476186752,193.0,-0.12008782476186752,solid,sampled
A4-03,Section 3,3,-0.12343525886535645,194.0,-0.12343525886535645,solid,sampled
A4-03,Section 3,3,-0.11933350563049316,195.0,-0.11933350563049316,solid,sampled
A4-03,Section 3,3,-0.11574310064315796,196.0,-0.11574310064315796,solid,sampled
A4-03,Section 3,3,-0.11409717798233032,197.0,-0.11409717798233032,solid,sampled
A4-03,Section 3,3,-0.10661813616752625,198.0,-0.10661813616752625,solid,sampled
A4-03,Section 3,3,-0.11367325484752655,199.0,-0.11367325484752655,solid,sampled
A4-03,Section 3,3,-0.10500192642211914,200.0,-0.10500192642211914,solid,sampled
A4-03,Section 3,3,-0.09996339678764343,201.0,-0.09996339678764343,solid,sampled
A4-03,Section 3,3,-0.09972964972257614,202.0,-0.09972964972257614,solid,sampled
A4-03,Section 3,3,-0.09938311576843262,203.0,-0.09938311576843262,solid,sampled
A4-03,Section 3,3,-0.09200870990753174,204.0,-0.09200870990753174,solid,sampled
A4-03,Section 3,3,-0.09730708599090576,205.0,-0.09730708599090576,solid,sampled
A4-03,Section 3,3,-0.09859120845794678,206.0,-0.09859120845794678,solid,sampled
A4-03,Section 3,3,-0.10301828384399414,207.0,-0.10301828384399414,solid,sampled
A4-03,Section 3,3,-0.10191376507282257,208.0,-0.10191376507282257,solid,sampled
A4-03,Section 3,3,-0.11330187320709229,209.0,-0.11330187320709229,solid,sampled
A4-03,Section 3,3,-0.109685018658638,210.0,-0.109685018658638,solid,sampled
A4-03,Section 3,3,-0.11378777027130127,211.0,-0.11378777027130127,solid,sampled
A4-03,Section 3,3,-0.108503058552742,212.0,-0.108503058552742,solid,sampled
A4-03,Section 3,3,-0.1102372407913208,213.0,-0.1102372407913208,solid,sampled
A4-03,Section 3,3,-0.10806683450937271,214.0,-0.10806683450937271,solid,sampled
A4-03,Section 3,3,-0.1016380786895752,215.0,-0.1016380786895752,solid,sampled
A4-03,Section 3,3,-0.10254406929016113,216.0,-0.10254406929016113,solid,sampled
A4-03,Section 3,3,-0.10343512892723083,217.0,-0.10343512892723083,solid,sampled
A4-03,Section 3,3,-0.10371649265289307,218.0,-0.10371649265289307,solid,sampled
A4-03,Section 3,3,-0.0965716689825058,219.0,-0.0965716689825058,solid,sampled
A4-03,Section 3,3,-0.10419028997421265,220.0,-0.10419028997421265,solid,sampled
A4-03,Section 3,3,-0.10303573310375214,221.0,-0.10303573310375214,solid,sampled
A4-03,Section 3,3,-0.1105964332818985,222.0,-0.1105964332818985,solid,sampled
A4-03,Section 3,3,-0.09925004839897156,223.0,-0.09925004839897156,solid,sampled
A4-03,Section 3,3,-0.10147032141685486,224.0,-0.10147032141685486,solid,sampled
A4-03,Section 3,3,-0.08961980789899826,225.0,-0.08961980789899826,solid,sampled
A4-03,Section 3,3,-0.08105278015136719,226.0,-0.08105278015136719,solid,sampled
A4-03,Section 3,3,-0.08602690696716309,227.0,-0.08602690696716309,solid,sampled
A4-03,Section 3,3,-0.08865094184875488,228.0,-0.08865094184875488,solid,sampled
A4-03,Section 3,3,-0.09337058663368225,229.0,-0.09337058663368225,solid,sampled
A4-03,Section 3,3,-0.09025505185127258,230.0,-0.09025505185127258,solid,sampled
A4-03,Section 3,3,-0.09731149673461914,231.0,-0.09731149673461914,solid,sampled
A4-03,Section 3,3,-0.09853407740592957,232.0,-0.09853407740592957,solid,sampled
A4-03,Section 3,3,-0.10299694538116455,233.0,-0.10299694538116455,solid,sampled
A4-03,Section 3,3,-0.10443118214607239,234.0,-0.10443118214607239,solid,sampled
A4-03,Section 3,3,-0.09834454208612442,235.0,-0.09834454208612442,solid,sampled
A4-03,Section 3,3,-0.10767251253128052,236.0,-0.10767251253128052,solid,sampled
A4-03,Section 3,3,-0.11187350749969482,237.0,-0.11187350749969482,solid,sampled
A4-03,Section 3,3,-0.11901915073394775,238.0,-0.11901915073394775,solid,sampled
A4-03,Section 3,3,-0.1037774384021759,239.0,-0.1037774384021759,solid,sampled
A4-03,Section 3,3,-0.11163115501403809,240.0,-0.11163115501403809,solid,sampled
A4-03,Section 3,3,-0.1129898875951767,241.0,-0.1129898875951767,solid,sampled
A4-03,Section 3,3,-0.11455249786376953,242.0,-0.11455249786376953,solid,sampled
A4-03,Section 3,3,-0.11937907338142395,243.0,-0.11937907338142395,solid,sampled
A4-03,Section 3,3,-0.12069650739431381,244.0,-0.12069650739431381,solid,sampled
A4-03,Section 3,3,-0.12358391284942627,245.0,-0.12358391284942627,solid,sampled
A4-03,Section 3,3,-0.11707955598831177,246.0,-0.11707955598831177,solid,sampled
A4-03,Section 3,3,-0.1154017224907875,247.0,-0.1154017224907875,solid,sampled
A4-03,Section 3,3,-0.12597203254699707,248.0,-0.12597203254699707,solid,sampled
A4-03,Section 3,3,-0.11752188205718994,249.0,-0.11752188205718994,solid,sampled
A4-03,Section 3,3,-0.10796336829662323,250.0,-0.10796336829662323,solid,sampled
A4-03,Section 3,3,-0.11128711700439453,251.0,-0.11128711700439453,solid,sampled
A4-03,Section 3,3,-0.11134907603263855,252.0,-0.11134907603263855,solid,sampled
A4-03,Section 3,3,-0.12094645202159882,253.0,-0.12094645202159882,solid,sampled
A4-03,Section 3,3,-0.11491638422012329,254.0,-0.11491638422012329,solid,sampled
A4-03,Section 3,3,-0.12330538034439087,255.0,-0.12330538034439087,solid,sampled
A4-03,Section 3,3,-0.12282266467809677,256.0,-0.12282266467809677,solid,sampled
A4-03,Section 3,3,-0.13537335395812988,257.0,-0.13537335395812988,solid,sampled
A4-03,Section 3,3,-0.12870138883590698,258.0,-0.12870138883590698,solid,sampled
A4-03,Section 3,3,-0.12799027562141418,259.0,-0.12799027562141418,solid,sampled
A4-03,Section 3,3,-0.1361030489206314,260.0,-0.1361030489206314,solid,sampled
A4-03,Section 3,3,-0.134450763463974,261.0,-0.134450763463974,solid,sampled
A4-03,Section 3,3,-0.1349658966064453,262.0,-0.1349658966064453,solid,sampled
A4-03,Section 3,3,-0.13776473701000214,263.0,-0.13776473701000214,solid,sampled
A4-03,Section 3,3,-0.13730913400650024,264.0,-0.13730913400650024,solid,sampled
A4-03,Section 3,3,-0.1474364995956421,265.0,-0.1474364995956421,solid,sampled
A4-03,Section 3,3,-0.14467963576316833,266.0,-0.14467963576316833,solid,sampled
A4-03,Section 3,3,-0.13999947905540466,267.0,-0.13999947905540466,solid,sampled
A4-03,Section 3,3,-0.15252399444580078,268.0,-0.15252399444580078,solid,sampled
A4-03,Section 3,3,-0.15279245376586914,269.0,-0.15279245376586914,solid,sampled
A4-03,Section 3,3,-0.15803119540214539,270.0,-0.15803119540214539,solid,sampled
A4-03,Section 3,3,-0.15244102478027344,271.0,-0.15244102478027344,solid,sampled
A4-03,Section 3,3,-0.1587553322315216,272.0,-0.1587553322315216,solid,sampled
A4-03,Section 3,3,-0.15415237843990326,273.0,-0.15415237843990326,solid,sampled
A4-03,Section 3,3,-0.14579060673713684,274.0,-0.14579060673713684,solid,sampled
A4-03,Section 3,3,-0.1511557549238205,275.0,-0.1511557549238205,solid,sampled
A4-03,Section 3,3,-0.15296825766563416,276.0,-0.15296825766563416,solid,sampled
A4-03,Section 3,3,-0.15066051483154297,277.0,-0.15066051483154297,solid,sampled
A4-03,Section 3,3,-0.15879246592521667,278.0,-0.15879246592521667,solid,sampled
A4-03,Section 3,3,-0.16584140062332153,279.0,-0.16584140062332153,solid,sampled
A4-03,Section 3,3,-0.1645650863647461,280.0,-0.1645650863647461,solid,sampled
A4-03,Section 3,3,-0.16299360990524292,281.0,-0.16299360990524292,solid,sampled
A4-03,Section 3,3,-0.16963692009449005,282.0,-0.16963692009449005,solid,sampled
A4-03,Section 3,3,-0.1741485744714737,283.0,-0.1741485744714737,solid,sampled
A4-03,Section 3,3,-0.18198595941066742,284.0,-0.18198595941066742,solid,sampled
A4-03,Section 3,3,-0.18722328543663025,285.0,-0.18722328543663025,solid,sampled
A4-03,Section 3,3,-0.18595051765441895,286.0,-0.18595051765441895,solid,sampled
A4-03,Section 3,3,-0.18922993540763855,287.0,-0.18922993540763855,solid,sampled
A4-03,Section 3,3,-0.18853013217449188,288.0,-0.18853013217449188,solid,sampled
A4-03,Section 3,3,-0.1919836401939392,289.0,-0.1919836401939392,solid,sampled
A4-03,Section 3,3,-0.19969519972801208,290.0,-0.19969519972801208,solid,sampled
A4-03,Section 3,3,-0.20541560649871826,291.0,-0.20541560649871826,solid,sampled
A4-03,Section 3,3,-0.21262192726135254,292.0,-0.21262192726135254,solid,sampled
A4-03,Section 3,3,-0.21219898760318756,293.0,-0.21219898760318756,solid,sampled
A4-03,Section 3,3,-0.2039640247821808,294.0,-0.2039640247821808,solid,sampled
A4-03,Section 3,3,-0.2132142186164856,295.0,-0.2132142186164856,solid,sampled
A4-03,Section 3,3,-0.21602566540241241,296.0,-0.21602566540241241,solid,sampled
A4-03,Section 3,3,-0.2115045189857483,297.0,-0.2115045189857483,solid,sampled
A4-03,Section 3,3,-0.20493172109127045,298.0,-0.20493172109127045,solid,sampled
A4-03,Section 3,3,-0.21227121353149414,299.0,-0.21227121353149414,solid,sampled
A4-03,Section 3,3,-0.22508783638477325,300.0,-0.22508783638477325,solid,sampled
A4-03,Section 3,3,-0.22393016517162323,301.0,-0.22393016517162323,solid,sampled
A4-03,Section 3,3,-0.22464752197265625,302.0,-0.22464752197265625,solid,sampled
A4-03,Section 3,3,-0.22059482336044312,303.0,-0.22059482336044312,solid,sampled
A4-03,Section 3,3,-0.23663926124572754,304.0,-0.23663926124572754,solid,sampled
A4-03,Section 3,3,-0.2430558204650879,305.0,-0.2430558204650879,solid,sampled
A4-03,Section 3,3,-0.25363269448280334,306.0,-0.25363269448280334,solid,sampled
A4-03,Section 3,3,-0.25521332025527954,307.0,-0.25521332025527954,solid,sampled
A4-03,Section 3,3,-0.265789270401001,308.0,-0.265789270401001,solid,sampled
A4-03,Section 3,3,-0.27085956931114197,309.0,-0.27085956931114197,solid,sampled
A4-03,Section 3,3,-0.26700785756111145,310.0,-0.26700785756111145,solid,sampled
A4-03,Section 3,3,-0.27217453718185425,311.0,-0.27217453718185425,solid,sampled
A4-03,Section 3,3,-0.2882745862007141,312.0,-0.2882745862007141,solid,sampled
A4-03,Section 3,3,-0.29087573289871216,313.0,-0.29087573289871216,solid,sampled
A4-03,Section 3,3,-0.291332483291626,314.0,-0.291332483291626,solid,sampled
A4-03,Section 3,3,-0.3023677170276642,315.0,-0.3023677170276642,solid,sampled
A4-03,Section 3,3,-0.30636289715766907,316.0,-0.30636289715766907,solid,sampled
A4-03,Section 3,3,-0.30708760023117065,317.0,-0.30708760023117065,solid,sampled
A4-03,Section 3,3,-0.31288033723831177,318.0,-0.31288033723831177,solid,sampled
A4-03,Section 3,3,-0.31213802099227905,319.0,-0.31213802099227905,solid,sampled
A4-03,Section 3,3,-0.3097101151943207,320.0,-0.3097101151943207,solid,sampled
A4-03,Section 3,3,-0.3065802752971649,321.0,-0.3065802752971649,solid,sampled
A4-03,Section 3,3,-0.31704890727996826,322.0,-0.31704890727996826,solid,sampled
A4-03,Section 3,3,-0.31702423095703125,323.0,-0.31702423095703125,solid,sampled
A4-03,Section 3,3,-0.3164408206939697,324.0,-0.3164408206939697,solid,sampled
A4-03,Section 3,3,-0.32225316762924194,325.0,-0.32225316762924194,solid,sampled
A4-03,Section 3,3,-0.3222978711128235,326.0,-0.3222978711128235,solid,sampled
A4-03,Section 3,3,-0.3204275667667389,327.0,-0.3204275667667389,solid,sampled
A4-03,Section 3,3,-0.3352649211883545,328.0,-0.3352649211883545,solid,sampled
A4-03,Section 3,3,-0.3594173192977905,329.0,-0.3594173192977905,solid,sampled
A4-03,Section 3,3,-0.3714621067047119,330.0,-0.3714621067047119,solid,sampled
A4-03,Section 3,3,-0.3805517256259918,331.0,-0.3805517256259918,solid,sampled
A4-03,Section 3,3,-0.3947598934173584,332.0,-0.3947598934173584,solid,sampled
A4-03,Section 3,3,-0.40452802181243896,333.0,-0.40452802181243896,solid,sampled
A4-03,Section 3,3,-0.4150674343109131,334.0,-0.4150674343109131,solid,sampled
A4-03,Section 3,3,-0.41050830483436584,335.0,-0.41050830483436584,solid,sampled
A4-03,Section 3,3,-0.4221917390823364,336.0,-0.4221917390823364,solid,sampled
A4-03,Section 3,3,-0.4277954697608948,337.0,-0.4277954697608948,solid,sampled
A4-03,Section 3,3,-0.43685030937194824,338.0,-0.43685030937194824,solid,sampled
A4-03,Section 3,3,-0.43816715478897095,339.0,-0.43816715478897095,solid,sampled
A4-03,Section 3,3,-0.44293904304504395,340.0,-0.44293904304504395,solid,sampled
A4-03,Section 3,3,-0.440371572971344,341.0,-0.440371572971344,solid,sampled
A4-03,Section 3,3,-0.45509469509124756,342.0,-0.45509469509124756,solid,sampled
A4-03,Section 3,3,-0.4577418565750122,343.0,-0.4577418565750122,solid,sampled
A4-03,Section 3,3,-0.46193450689315796,344.0,-0.46193450689315796,solid,sampled
A4-03,Section 3,3,-0.45516237616539,345.0,-0.45516237616539,solid,sampled
A4-03,Section 3,3,-0.45286858081817627,346.0,-0.45286858081817627,solid,sampled
A4-03,Section 3,3,-0.4438205361366272,347.0,-0.4438205361366272,solid,sampled
A4-03,Section 3,3,-0.4503757953643799,348.0,-0.4503757953643799,solid,sampled
A4-03,Section 3,3,-0.4528201222419739,349.0,-0.4528201222419739,solid,sampled
A4-03,Section 3,3,-0.4527222216129303,350.0,-0.4527222216129303,solid,sampled
A4-03,Section 3,3,-0.45583319664001465,351.0,-0.45583319664001465,solid,sampled
A4-03,Section 3,3,-0.46029168367385864,352.0,-0.46029168367385864,solid,sampled
A4-03,Section 3,3,-0.46574920415878296,353.0,-0.46574920415878296,solid,sampled
A4-03,Section 3,3,-0.47159504890441895,354.0,-0.47159504890441895,solid,sampled
A4-03,Section 3,3,-0.469993531703949,355.0,-0.469993531703949,solid,sampled
A4-03,Section 3,3,-0.47044089436531067,356.0,-0.47044089436531067,solid,sampled
A4-03,Section 3,3,-0.46816661953926086,357.0,-0.46816661953926086,solid,sampled
A4-03,Section 3,3,-0.4733097553253174,358.0,-0.4733097553253174,solid,sampled
A4-03,Section 3,3,-0.45599058270454407,359.0,-0.45599058270454407,solid,sampled
A4-03,Section 3,3,-0.4632446765899658,360.0,-0.4632446765899658,solid,sampled
A4-03,Section 3,3,-0.46437475085258484,361.0,-0.46437475085258484,solid,sampled
A4-03,Section 3,3,-0.4528846740722656,362.0,-0.4528846740722656,solid,sampled
A4-03,Section 3,3,-0.4593503475189209,363.0,-0.4593503475189209,solid,sampled
A4-03,Section 3,3,-0.47209709882736206,364.0,-0.47209709882736206,solid,sampled
A4-03,Section 3,3,-0.462716281414032,365.0,-0.462716281414032,solid,sampled
A4-03,Section 3,3,-0.4543798565864563,366.0,-0.4543798565864563,solid,sampled
A4-03,Section 3,3,-0.4605064392089844,367.0,-0.4605064392089844,solid,sampled
A4-03,Section 3,3,-0.4573025703430176,368.0,-0.4573025703430176,solid,sampled
A4-03,Section 3,3,-0.44706422090530396,369.0,-0.44706422090530396,solid,sampled
A4-03,Section 3,3,-0.44364428520202637,370.0,-0.44364428520202637,solid,sampled
A4-03,Section 3,3,-0.4472156763076782,371.0,-0.4472156763076782,solid,sampled
A4-03,Section 3,3,-0.44028812646865845,372.0,-0.44028812646865845,solid,sampled
A4-03,Section 3,3,-0.4387478828430176,373.0,-0.4387478828430176,solid,sampled
A4-03,Section 3,3,-0.4363783299922943,374.0,-0.4363783299922943,solid,sampled
A4-03,Section 3,3,-0.43292397260665894,375.0,-0.43292397260665894,solid,sampled
A4-03,Section 3,3,-0.435788631439209,376.0,-0.435788631439209,solid,sampled
A4-03,Section 3,3,-0.4328713119029999,377.0,-0.4328713119029999,solid,sampled
A4-03,Section 3,3,-0.43761205673217773,378.0,-0.43761205673217773,solid,sampled
A4-03,Section 3,3,-0.42748796939849854,379.0,-0.42748796939849854,solid,sampled
A4-03,Section 3,3,-0.4318985939025879,380.0,-0.4318985939025879,solid,sampled
A4-03,Section 3,3,-0.4269360303878784,381.0,-0.4269360303878784,solid,sampled
A4-03,Section 3,3,-0.4190317392349243,382.0,-0.4190317392349243,solid,sampled
A4-03,Section 3,3,-0.4200618863105774,383.0,-0.4200618863105774,solid,sampled
A4-03,Section 3,3,-0.420716255903244,384.0,-0.420716255903244,solid,sampled
A4-03,Section 3,3,-0.4128788113594055,385.0,-0.4128788113594055,solid,sampled
A4-03,Section 3,3,-0.41306161880493164,386.0,-0.41306161880493164,solid,sampled
A4-03,Section 3,3,-0.40014445781707764,387.0,-0.40014445781707764,solid,sampled
A4-03,Section 3,3,-0.404899537563324,388.0,-0.404899537563324,solid,sampled
A4-03,Section 3,3,-0.4028514623641968,389.0,-0.4028514623641968,solid,sampled
A4-03,Section 3,3,-0.39927762746810913,390.0,-0.39927762746810913,solid,sampled
A4-03,Section 3,3,-0.39187049865722656,391.0,-0.39187049865722656,solid,sampled
A4-03,Section 3,3,-0.3881165087223053,392.0,-0.3881165087223053,solid,sampled
A4-03,Section 3,3,-0.3882078528404236,393.0,-0.3882078528404236,solid,sampled
A4-03,Section 3,3,-0.3956948518753052,394.0,-0.3956948518753052,solid,sampled
A4-03,Section 3,3,-0.3844231963157654,395.0,-0.3844231963157654,solid,sampled
A4-03,Section 3,3,-0.37467414140701294,396.0,-0.37467414140701294,solid,sampled
A4-03,Section 3,3,-0.37084317207336426,397.0,-0.37084317207336426,solid,sampled
A4-03,Section 3,3,-0.363407164812088,398.0,-0.363407164812088,solid,sampled
A4-03,Section 3,3,-0.36407971382141113,399.0,-0.36407971382141113,solid,sampled
A4-03,Section 3,3,-0.3620747923851013,400.0,-0.3620747923851013,solid,sampled
A4-03,Section 3,3,-0.37004104256629944,401.0,-0.37004104256629944,solid,sampled
A4-03,Section 3,3,-0.3670954704284668,402.0,-0.3670954704284668,solid,sampled
A4-03,Section 3,3,-0.36199021339416504,403.0,-0.36199021339416504,solid,sampled
A4-03,Section 3,3,-0.3610932528972626,404.0,-0.3610932528972626,solid,sampled
A4-03,Section 3,3,-0.36382433772087097,405.0,-0.36382433772087097,solid,sampled
A4-03,Section 3,3,-0.3679654002189636,406.0,-0.3679654002189636,solid,sampled
A4-03,Section 3,3,-0.3485914468765259,407.0,-0.3485914468765259,solid,sampled
A4-03,Section 3,3,-0.35512304306030273,408.0,-0.35512304306030273,solid,sampled
A4-03,Section 3,3,-0.3554674983024597,409.0,-0.3554674983024597,solid,sampled
A4-03,Section 3,3,-0.3535451591014862,410.0,-0.3535451591014862,solid,sampled
A4-03,Section 3,3,-0.3465949296951294,411.0,-0.3465949296951294,solid,sampled
A4-03,Section 3,3,-0.3341849148273468,412.0,-0.3341849148273468,solid,sampled
A4-03,Section 3,3,-0.34443435072898865,413.0,-0.34443435072898865,solid,sampled
A4-03,Section 3,3,-0.3374851942062378,414.0,-0.3374851942062378,solid,sampled
A4-03,Section 3,3,-0.3386169970035553,415.0,-0.3386169970035553,solid,sampled
A4-03,Section 3,3,-0.31806859374046326,416.0,-0.31806859374046326,solid,sampled
A4-03,Section 3,3,-0.3205130100250244,417.0,-0.3205130100250244,solid,sampled
A4-03,Section 3,3,-0.3116379976272583,418.0,-0.3116379976272583,solid,sampled
A4-03,Section 3,3,-0.3147476017475128,419.0,-0.3147476017475128,solid,sampled
A4-03,Section 3,3,-0.30789563059806824,420.0,-0.30789563059806824,solid,sampled
A4-03,Section 3,3,-0.30728626251220703,421.0,-0.30728626251220703,solid,sampled
A4-03,Section 3,3,-0.3125627040863037,422.0,-0.3125627040863037,solid,sampled
A4-03,Section 3,3,-0.3094257414340973,423.0,-0.3094257414340973,solid,sampled
A4-03,Section 3,3,-0.3054744601249695,424.0,-0.3054744601249695,solid,sampled
A4-03,Section 3,3,-0.31596386432647705,425.0,-0.31596386432647705,solid,sampled
A4-03,Section 3,3,-0.3226357698440552,426.0,-0.3226357698440552,solid,sampled
A4-03,Section 3,3,-0.32117873430252075,427.0,-0.32117873430252075,solid,sampled
A4-03,Section 3,3,-0.33276867866516113,428.0,-0.33276867866516113,solid,sampled
A4-03,Section 3,3,-0.32808414101600647,429.0,-0.32808414101600647,solid,sampled
A4-03,Section 3,3,-0.3199358880519867,430.0,-0.3199358880519867,solid,sampled
A4-03,Section 3,3,-0.3225170969963074,431.0,-0.3225170969963074,solid,sampled
A4-03,Section 3,3,-0.3216218948364258,432.0,-0.3216218948364258,solid,sampled
A4-03,Section 3,3,-0.313230037689209,433.0,-0.313230037689209,solid,sampled
A4-03,Section 3,3,-0.3214908242225647,434.0,-0.3214908242225647,solid,sampled
A4-03,Section 3,3,-0.3302927613258362,435.0,-0.3302927613258362,solid,sampled
A4-03,Section 3,3,-0.3213476538658142,436.0,-0.3213476538658142,solid,sampled
A4-03,Section 3,3,-0.33355045318603516,437.0,-0.33355045318603516,solid,sampled
A4-03,Section 3,3,-0.31320133805274963,438.0,-0.31320133805274963,solid,sampled
A4-03,Section 3,3,-0.30587658286094666,439.0,-0.30587658286094666,solid,sampled
A4-03,Section 3,3,-0.3184589445590973,440.0,-0.3184589445590973,solid,sampled
A4-03,Section 3,3,-0.3186885714530945,441.0,-0.3186885714530945,solid,sampled
A4-03,Section 3,3,-0.3235511779785156,442.0,-0.3235511779785156,solid,sampled
A4-03,Section 3,3,-0.3202742040157318,443.0,-0.3202742040157318,solid,sampled
A4-03,Section 3,3,-0.32911109924316406,444.0,-0.32911109924316406,solid,sampled
A4-03,Section 3,3,-0.32268309593200684,445.0,-0.32268309593200684,solid,sampled
A4-03,Section 3,3,-0.319301575422287,446.0,-0.319301575422287,solid,sampled
A4-03,Section 3,3,-0.32419347763061523,447.0,-0.32419347763061523,solid,sampled
A4-03,Section 3,3,-0.32555651664733887,448.0,-0.32555651664733887,solid,sampled
A4-03,Section 3,3,-0.3103446960449219,449.0,-0.3103446960449219,solid,sampled
A4-03,Section 3,3,-0.33615389466285706,450.0,-0.33615389466285706,solid,sampled
A4-03,Section 3,3,-0.34768879413604736,451.0,-0.34768879413604736,solid,sampled
A4-03,Section 3,3,-0.36005857586860657,452.0,-0.36005857586860657,solid,sampled
A4-03,Section 3,3,-0.3406827449798584,453.0,-0.3406827449798584,solid,sampled
A4-03,Section 3,3,-0.33990275859832764,454.0,-0.33990275859832764,solid,sampled
A4-03,Section 3,3,-0.3198617398738861,455.0,-0.3198617398738861,solid,sampled
A4-03,Section 3,3,-0.332076758146286,456.0,-0.332076758146286,solid,sampled
A4-03,Section 3,3,-0.3151612877845764,457.0,-0.3151612877845764,solid,sampled
A4-03,Section 3,3,-0.3188527226448059,458.0,-0.3188527226448059,solid,sampled
A4-03,Section 3,3,-0.3183302879333496,459.0,-0.3183302879333496,solid,sampled
A4-03,Section 3,3,-0.34236660599708557,460.0,-0.34236660599708557,solid,sampled
A4-03,Section 3,3,-0.3603711426258087,461.0,-0.3603711426258087,solid,sampled
A4-03,Section 3,3,-0.3625258505344391,462.0,-0.3625258505344391,solid,sampled
A4-03,Section 3,3,-0.35468482971191406,463.0,-0.35468482971191406,solid,sampled
A4-03,Section 3,3,-0.35857510566711426,464.0,-0.35857510566711426,solid,sampled
A4-03,Section 3,3,-0.34363794326782227,465.0,-0.34363794326782227,solid,sampled
A4-03,Section 3,3,-0.34192395210266113,466.0,-0.34192395210266113,solid,sampled
A4-03,Section 3,3,-0.35141628980636597,467.0,-0.35141628980636597,solid,sampled
A4-03,Section 3,3,-0.3481971025466919,468.0,-0.3481971025466919,solid,sampled
A4-03,Section 3,3,-0.3605327010154724,469.0,-0.3605327010154724,solid,sampled
A4-03,Section 3,3,-0.3462180495262146,470.0,-0.3462180495262146,solid,sampled
A4-03,Section 3,3,-0.3507612943649292,471.0,-0.3507612943649292,solid,sampled
A4-03,Section 3,3,-0.3497588634490967,472.0,-0.3497588634490967,solid,sampled
A4-03,Section 3,3,-0.35132962465286255,473.0,-0.35132962465286255,solid,sampled
A4-03,Section 3,3,-0.35420021414756775,474.0,-0.35420021414756775,solid,sampled
A4-03,Section 3,3,-0.3383372724056244,475.0,-0.3383372724056244,solid,sampled
A4-03,Section 3,3,-0.33588147163391113,476.0,-0.33588147163391113,solid,sampled
A4-03,Section 3,3,-0.3363956809043884,477.0,-0.3363956809043884,solid,sampled
A4-03,Section 3,3,-0.33478543162345886,478.0,-0.33478543162345886,solid,sampled
A4-03,Section 3,3,-0.3460512161254883,479.0,-0.3460512161254883,solid,sampled
A4-03,Section 3,3,-0.40334051847457886,480.0,-0.40334051847457886,solid,sampled
A4-03,Section 3,3,-0.3933902680873871,481.0,-0.3933902680873871,solid,sampled
A4-03,Section 3,3,-0.4070093035697937,482.0,-0.4070093035697937,solid,sampled
A4-03,Section 3,3,-0.4284658432006836,483.0,-0.4284658432006836,solid,sampled
A4-03,Section 3,3,-0.4119141101837158,484.0,-0.4119141101837158,solid,sampled
A4-03,Section 3,3,-0.41163450479507446,485.0,-0.41163450479507446,solid,sampled
A4-03,Section 3,3,-0.41166478395462036,486.0,-0.41166478395462036,solid,sampled
A4-03,Section 3,3,-0.3993520736694336,487.0,-0.3993520736694336,solid,sampled
A4-03,Section 3,3,-0.4092860221862793,488.0,-0.4092860221862793,solid,sampled
A4-03,Section 3,3,-0.3925224542617798,489.0,-0.3925224542617798,solid,sampled
A4-03,Section 3,3,-0.4156622290611267,490.0,-0.4156622290611267,solid,sampled
A4-03,Section 3,3,-0.438399076461792,491.0,-0.438399076461792,solid,sampled
A4-03,Section 3,3,-0.434800922870636,492.0,-0.434800922870636,solid,sampled
A4-03,Section 3,3,-0.4433382749557495,493.0,-0.4433382749557495,solid,sampled
A4-03,Section 3,3,-0.4492483139038086,494.0,-0.4492483139038086,solid,sampled
A4-03,Section 3,3,-0.43595677614212036,495.0,-0.43595677614212036,solid,sampled
A4-03,Section 3,3,-0.4673998951911926,496.0,-0.4673998951911926,solid,sampled
A4-03,Section 3,3,-0.48497438430786133,497.0,-0.48497438430786133,solid,sampled
A4-03,Section 3,3,-0.5004287958145142,498.0,-0.5004287958145142,solid,sampled
A4-03,Section 3,3,-0.5019968748092651,499.0,-0.5019968748092651,solid,sampled
A4-03,Section 3,3,-0.5583792328834534,500.0,-0.5583792328834534,solid,sampled
A4-03,Section 3,3,-0.5568244457244873,501.0,-0.5568244457244873,solid,sampled
A4-03,Section 3,3,-0.5812588334083557,502.0,-0.5812588334083557,solid,sampled
A4-03,Section 3,3,-0.5858988761901855,503.0,-0.5858988761901855,solid,sampled
A4-03,Section 3,3,-0.6334218978881836,504.0,-0.6334218978881836,solid,sampled
A4-03,Section 3,3,-0.6651852130889893,505.0,-0.6651852130889893,solid,sampled
A4-03,Section 3,3,-0.6366275548934937,506.0,-0.6366275548934937,solid,sampled
A4-03,Section 3,3,-0.5267212390899658,507.0,-0.5267212390899658,solid,sampled
A4-03,Section 3,3,-0.4934459924697876,508.0,-0.4934459924697876,solid,sampled
A4-03,Section 3,3,-0.4850190281867981,509.0,-0.4850190281867981,solid,sampled
A4-03,Section 3,3,-0.5415338277816772,510.0,-0.5415338277816772,solid,sampled
A4-03,Section 3,3,-0.5914039611816406,511.0,-0.5914039611816406,solid,sampled
A4-03,Section 3,3,-0.613612174987793,512.0,-0.613612174987793,solid,sampled
A4-03,Section 3,3,-0.6214779019355774,513.0,-0.6214779019355774,solid,sampled
A4-03,Section 3,3,-0.6559997797012329,514.0,-0.6559997797012329,solid,sampled
A4-03,Section 3,3,-0.6743406057357788,515.0,-0.6743406057357788,solid,sampled
A4-03,Section 3,3,-0.682934582233429,516.0,-0.682934582233429,solid,sampled
A4-03,Section 3,3,-0.6786773204803467,517.0,-0.6786773204803467,solid,sampled
A4-03,Section 3,3,-0.684691846370697,518.0,-0.684691846370697,solid,sampled
A4-03,Section 3,3,-0.7036094665527344,519.0,-0.7036094665527344,solid,sampled
A4-03,Section 3,3,-0.7088475227355957,520.0,-0.7088475227355957,solid,sampled
A4-03,Section 3,3,-0.7214740514755249,521.0,-0.7214740514755249,solid,sampled
A4-03,Section 3,3,-0.7255638837814331,522.0,-0.7255638837814331,solid,sampled
A4-03,Section 3,3,-0.7436487674713135,523.0,-0.7436487674713135,solid,sampled
A4-03,Section 3,3,-0.7559484839439392,524.0,-0.7559484839439392,solid,sampled
A4-03,Section 3,3,-0.7730790376663208,525.0,-0.7730790376663208,solid,sampled
A4-03,Section 3,3,-0.7753504514694214,526.0,-0.7753504514694214,solid,sampled
A4-03,Section 3,3,-0.8249220848083496,527.0,-0.8249220848083496,solid,sampled
A4-03,Section 3,3,-0.8701387643814087,528.0,-0.8701387643814087,solid,sampled
A4-03,Section 3,3,-0.9097094535827637,529.0,-0.9097094535827637,solid,sampled
A4-03,Section 3,3,-0.9905328154563904,530.0,-0.9905328154563904,solid,sampled
A4-03,Section 3,3,-1.017061710357666,531.0,-1.017061710357666,solid,sampled
A4-03,Section 3,3,-1.0486119985580444,532.0,-1.0486119985580444,solid,sampled
A4-03,Section 3,3,-1.0574426651000977,533.0,-1.0574426651000977,solid,sampled
A4-03,Section 3,3,-1.0511515140533447,534.0,-1.0511515140533447,solid,sampled
A4-03,Section 3,3,-1.0595828294754028,535.0,-1.0595828294754028,solid,sampled
A4-03,Section 3,3,-1.0813379287719727,536.0,-1.0813379287719727,solid,sampled
A4-03,Section 3,3,-1.1143406629562378,537.0,-1.1143406629562378,solid,sampled
A4-03,Section 3,3,-1.1354126930236816,538.0,-1.1354126930236816,solid,sampled
A4-03,Section 3,3,-1.2338757514953613,539.0,-1.2338757514953613,solid,sampled
A4-03,Section 3,3,-1.3095765113830566,540.0,-1.3095765113830566,solid,sampled
A4-03,Section 3,3,-1.3053431510925293,541.0,-1.3053431510925293,solid,sampled
A4-03,Section 3,3,-1.3018888235092163,542.0,-1.3018888235092163,solid,sampled
A4-03,Section 3,3,-1.2966870069503784,543.0,-1.2966870069503784,solid,sampled
A4-03,Section 3,3,-1.3000714778900146,544.0,-1.3000714778900146,solid,sampled
A4-03,Section 3,3,-1.3194482326507568,545.0,-1.3194482326507568,solid,sampled
A4-03,Section 3,3,-1.4051728248596191,546.0,-1.4051728248596191,solid,sampled
A4-03,Section 3,3,-1.5004856586456299,547.0,-1.5004856586456299,solid,sampled
A4-03,Section 3,3,-1.4623072147369385,548.0,-1.4623072147369385,solid,sampled
A4-03,Section 3,3,-1.4374252557754517,549.0,-1.4374252557754517,solid,sampled
A4-03,Section 3,3,-1.4220483303070068,550.0,-1.4220483303070068,solid,sampled
A4-03,Section 3,3,-1.4210779666900635,551.0,-1.4210779666900635,solid,sampled
A4-03,Section 3,3,-1.4336122274398804,552.0,-1.4336122274398804,solid,sampled
A4-03,Section 3,3,-1.4783873558044434,553.0,-1.4783873558044434,solid,sampled
A4-03,Section 3,3,-1.615049123764038,554.0,-1.615049123764038,solid,sampled
A4-03,Section 3,3,-1.6587250232696533,555.0,-1.6587250232696533,solid,sampled
A4-03,Section 3,3,-1.6104744672775269,556.0,-1.6104744672775269,solid,sampled
A4-03,Section 3,3,-1.5525195598602295,557.0,-1.5525195598602295,solid,sampled
A4-03,Section 3,3,-1.5405417680740356,558.0,-1.5405417680740356,solid,sampled
A4-03,Section 3,3,-1.5619001388549805,559.0,-1.5619001388549805,solid,sampled
A4-03,Section 3,3,-1.6620599031448364,560.0,-1.6620599031448364,solid,sampled
A4-03,Section 3,3,-1.7267670631408691,561.0,-1.7267670631408691,solid,sampled
A4-03,Section 3,3,-1.7115693092346191,562.0,-1.7115693092346191,solid,sampled
A4-03,Section 3,3,-1.6770291328430176,563.0,-1.6770291328430176,solid,sampled
A4-03,Section 3,3,-1.6545683145523071,564.0,-1.6545683145523071,solid,sampled
A4-03,Section 3,3,-1.6526453495025635,565.0,-1.6526453495025635,solid,sampled
A4-03,Section 3,3,-1.6697742938995361,566.0,-1.6697742938995361,solid,sampled
A4-03,Section 3,3,-1.6666642427444458,567.0,-1.6666642427444458,solid,sampled
A4-03,Section 3,3,-1.6592578887939453,568.0,-1.6592578887939453,solid,sampled
A4-03,Section 3,3,-1.6726999282836914,569.0,-1.6726999282836914,solid,sampled
A4-03,Section 3,3,-1.7039486169815063,570.0,-1.7039486169815063,solid,sampled
A4-03,Section 3,3,-1.866987705230713,571.0,-1.866987705230713,solid,sampled
A4-03,Section 3,3,-1.9243241548538208,572.0,-1.9243241548538208,solid,sampled
A4-03,Section 3,3,-1.88675057888031,573.0,-1.88675057888031,solid,sampled
A4-03,Section 3,3,-1.8471827507019043,574.0,-1.8471827507019043,solid,sampled
A4-03,Section 3,3,-1.801220178604126,575.0,-1.801220178604126,solid,sampled
A4-03,Section 3,3,-1.7973034381866455,576.0,-1.7973034381866455,solid,sampled
A4-03,Section 3,3,-1.8052692413330078,577.0,-1.8052692413330078,solid,sampled
A4-03,Section 3,3,-1.8411483764648438,578.0,-1.8411483764648438,solid,sampled
A4-03,Section 3,3,-1.876786231994629,579.0,-1.876786231994629,solid,sampled
A4-03,Section 3,3,-1.9355987310409546,580.0,-1.9355987310409546,solid,sampled
A4-03,Section 3,3,-1.9335970878601074,581.0,-1.9335970878601074,solid,sampled
A4-03,Section 3,3,-1.900667667388916,582.0,-1.900667667388916,solid,sampled
A4-03,Section 3,3,-1.861459493637085,583.0,-1.861459493637085,solid,sampled
A4-03,Section 3,3,-1.8229292631149292,584.0,-1.8229292631149292,solid,sampled
A4-03,Section 3,3,-1.809327244758606,585.0,-1.809327244758606,solid,sampled
A4-03,Section 3,3,-1.8738034963607788,586.0,-1.8738034963607788,solid,sampled
A4-03,Section 3,3,-2.1887316703796387,587.0,-2.1887316703796387,solid,sampled
A4-03,Section 3,3,-2.0724973678588867,588.0,-2.0724973678588867,solid,sampled
A4-03,Section 3,3,-1.9842637777328491,589.0,-1.9842637777328491,solid,sampled
A4-03,Section 3,3,-1.948838710784912,590.0,-1.948838710784912,solid,sampled
A4-03,Section 3,3,-1.9008893966674805,591.0,-1.9008893966674805,solid,sampled
A4-03,Section 3,3,-1.8641791343688965,592.0,-1.8641791343688965,solid,sampled
A4-03,Section 3,3,-1.8610734939575195,593.0,-1.8610734939575195,solid,sampled
A4-03,Section 3,3,-2.043513774871826,594.0,-2.043513774871826,solid,sampled
A4-03,Section 3,3,-2.2183985710144043,595.0,-2.2183985710144043,solid,sampled
A4-03,Section 3,3,-2.184512138366699,596.0,-2.184512138366699,solid,sampled
A4-03,Section 3,3,-2.0715949535369873,597.0,-2.0715949535369873,solid,sampled
A4-03,Section 3,3,-2.0489790439605713,598.0,-2.0489790439605713,solid,sampled
A4-03,Section 3,3,-1.9791878461837769,599.0,-1.9791878461837769,solid,sampled
A4-03,Section 3,3,-1.9093976020812988,600.0,-1.9093976020812988,solid,sampled
A4-03,Section 3,3,-1.8651541471481323,601.0,-1.8651541471481323,solid,sampled
A4-03,Section 3,3,-1.8421746492385864,602.0,-1.8421746492385864,solid,sampled
A4-03,Section 3,3,-1.8513476848602295,603.0,-1.8513476848602295,solid,sampled
A4-03,Section 3,3,-2.0406579971313477,604.0,-2.0406579971313477,solid,sampled
A4-03,Section 3,3,-2.032628059387207,605.0,-2.032628059387207,solid,sampled
A4-03,Section 3,3,-2.1297426223754883,606.0,-2.1297426223754883,solid,sampled
A4-03,Section 3,3,-1.9678146839141846,607.0,-1.9678146839141846,solid,sampled
A4-03,Section 3,3,-1.9007060527801514,608.0,-1.9007060527801514,solid,sampled
A4-03,Section 3,3,-1.8738043308258057,609.0,-1.8738043308258057,solid,sampled
A4-03,Section 3,3,-1.820369005203247,610.0,-1.820369005203247,solid,sampled
A4-03,Section 3,3,-1.79888916015625,611.0,-1.79888916015625,solid,sampled
A4-03,Section 3,3,-1.76961088180542,612.0,-1.76961088180542,solid,sampled
A4-03,Section 3,3,-1.8519703149795532,613.0,-1.8519703149795532,solid,sampled
A4-03,Section 3,3,-1.8813512325286865,614.0,-1.8813512325286865,solid,sampled
A4-03,Section 3,3,-1.9008570909500122,615.0,-1.9008570909500122,solid,sampled
A4-03,Section 3,3,-1.891860008239746,616.0,-1.891860008239746,solid,sampled
A4-03,Section 3,3,-1.9043127298355103,617.0,-1.9043127298355103,solid,sampled
A4-03,Section 3,3,-1.9402931928634644,618.0,-1.9402931928634644,solid,sampled
A4-03,Section 3,3,-2.144897699356079,619.0,-2.144897699356079,solid,sampled
A4-03,Section 3,3,-2.1331748962402344,620.0,-2.1331748962402344,solid,sampled
A4-03,Section 3,3,-2.1309385299682617,621.0,-2.1309385299682617,solid,sampled
A4-03,Section 3,3,-2.0989785194396973,622.0,-2.0989785194396973,solid,sampled
A4-03,Section 3,3,-2.0438671112060547,623.0,-2.0438671112060547,solid,sampled
A4-03,Section 3,3,-2.012293815612793,624.0,-2.012293815612793,solid,sampled
A4-03,Section 3,3,-2.0125064849853516,625.0,-2.0125064849853516,solid,sampled
A4-03,Section 3,3,-2.0321497917175293,626.0,-2.0321497917175293,solid,sampled
A4-03,Section 3,3,-2.078843832015991,627.0,-2.078843832015991,solid,sampled
A4-03,Section 3,3,-2.1243343353271484,628.0,-2.1243343353271484,solid,sampled
A4-03,Section 3,3,-2.0982983112335205,629.0,-2.0982983112335205,solid,sampled
A4-03,Section 3,3,-2.083966016769409,630.0,-2.083966016769409,solid,sampled
A4-03,Section 3,3,-2.0775742530822754,631.0,-2.0775742530822754,solid,sampled
A4-03,Section 3,3,-2.0936777591705322,632.0,-2.0936777591705322,solid,sampled
A4-03,Section 3,3,-2.110342502593994,633.0,-2.110342502593994,solid,sampled
A4-03,Section 3,3,-2.1174418926239014,634.0,-2.1174418926239014,solid,sampled
A4-03,Section 3,3,-2.112201452255249,635.0,-2.112201452255249,solid,sampled
A4-03,Section 3,3,-2.1341867446899414,636.0,-2.1341867446899414,solid,sampled
A4-03,Section 3,3,-2.1481876373291016,637.0,-2.1481876373291016,solid,sampled
A4-03,Section 3,3,-2.184906482696533,638.0,-2.184906482696533,solid,sampled
A4-03,Section 3,3,-2.1740431785583496,639.0,-2.1740431785583496,solid,sampled
A4-03,Section 3,3,-2.2012908458709717,640.0,-2.2012908458709717,solid,sampled
A4-03,Section 3,3,-2.2392072677612305,641.0,-2.2392072677612305,solid,sampled
A4-03,Section 3,3,-2.2508535385131836,642.0,-2.2508535385131836,solid,sampled
A4-03,Section 3,3,-2.251415729522705,643.0,-2.251415729522705,solid,sampled
A4-03,Section 3,3,-2.279026985168457,644.0,-2.279026985168457,solid,sampled
A4-03,Section 3,3,-2.2570724487304688,645.0,-2.2570724487304688,solid,sampled
A4-03,Section 3,3,-2.2618112564086914,646.0,-2.2618112564086914,solid,sampled
A4-03,Section 3,3,-2.3070621490478516,647.0,-2.3070621490478516,solid,sampled
A4-03,Section 3,3,-2.3035342693328857,648.0,-2.3035342693328857,solid,sampled
A4-03,Section 3,3,-2.305323600769043,649.0,-2.305323600769043,solid,sampled
A4-03,Section 3,3,-2.282973289489746,650.0,-2.282973289489746,solid,sampled
A4-03,Section 3,3,-2.2780706882476807,651.0,-2.2780706882476807,solid,sampled
A4-03,Section 3,3,-2.28012752532959,652.0,-2.28012752532959,solid,sampled
A4-03,Section 3,3,-2.2803802490234375,653.0,-2.2803802490234375,solid,sampled
A4-03,Section 3,3,-2.3385910987854004,654.0,-2.3385910987854004,solid,sampled
A4-03,Section 3,3,-2.372370958328247,655.0,-2.372370958328247,solid,sampled
A4-03,Section 3,3,-2.3936429023742676,656.0,-2.3936429023742676,solid,sampled
A4-03,Section 3,3,-2.415248394012451,657.0,-2.415248394012451,solid,sampled
A4-03,Section 3,3,-2.391284942626953,658.0,-2.391284942626953,solid,sampled
A4-03,Section 3,3,-2.41798996925354,659.0,-2.41798996925354,solid,sampled
A4-03,Section 3,3,-2.427488327026367,660.0,-2.427488327026367,solid,sampled
A4-03,Section 3,3,-2.4295763969421387,661.0,-2.4295763969421387,solid,sampled
A4-03,Section 3,3,-2.4386072158813477,662.0,-2.4386072158813477,solid,sampled
A4-03,Section 3,3,-2.4430668354034424,663.0,-2.4430668354034424,solid,sampled
A4-03,Section 3,3,-2.4532859325408936,664.0,-2.4532859325408936,solid,sampled
A4-03,Section 3,3,-2.4538826942443848,665.0,-2.4538826942443848,solid,sampled
A4-03,Section 3,3,-2.4684484004974365,666.0,-2.4684484004974365,solid,sampled
A4-03,Section 3,3,-2.4450342655181885,667.0,-2.4450342655181885,solid,sampled
A4-03,Section 3,3,-2.47479248046875,668.0,-2.47479248046875,solid,sampled
A4-03,Section 3,3,-2.505842924118042,669.0,-2.505842924118042,solid,sampled
A4-03,Section 3,3,-2.5103468894958496,670.0,-2.5103468894958496,solid,sampled
A4-03,Section 3,3,-2.5386831760406494,671.0,-2.5386831760406494,solid,sampled
A4-03,Section 3,3,-2.5577502250671387,672.0,-2.5577502250671387,solid,sampled
A4-03,Section 3,3,-2.5869202613830566,673.0,-2.5869202613830566,solid,sampled
A4-03,Section 3,3,-2.6285688877105713,674.0,-2.6285688877105713,solid,sampled
A4-03,Section 3,3,-2.624587059020996,675.0,-2.624587059020996,solid,sampled
A4-03,Section 3,3,-2.622556686401367,676.0,-2.622556686401367,solid,sampled
A4-03,Section 3,3,-2.6123878955841064,677.0,-2.6123878955841064,solid,sampled
A4-03,Section 3,3,-2.655803680419922,678.0,-2.655803680419922,solid,sampled
A4-03,Section 3,3,-2.7090625762939453,679.0,-2.7090625762939453,solid,sampled
A4-03,Section 3,3,-2.6625263690948486,680.0,-2.6625263690948486,solid,sampled
A4-03,Section 3,3,-2.629450559616089,681.0,-2.629450559616089,solid,sampled
A4-03,Section 3,3,-2.7089779376983643,682.0,-2.7089779376983643,solid,sampled
A4-03,Section 3,3,-2.793950319290161,683.0,-2.793950319290161,solid,sampled
A4-03,Section 3,3,-2.8596575260162354,684.0,-2.8596575260162354,solid,sampled
A4-03,Section 3,3,-2.8394312858581543,685.0,-2.8394312858581543,solid,sampled
A4-03,Section 3,3,-2.7779035568237305,686.0,-2.7779035568237305,solid,sampled
A4-03,Section 3,3,-2.9281673431396484,687.0,-2.9281673431396484,solid,sampled
A4-03,Section 3,3,-2.8068017959594727,688.0,-2.8068017959594727,solid,sampled
A4-03,Section 3,3,-2.888075590133667,689.0,-2.888075590133667,solid,sampled
A4-03,Section 3,3,-3.0,690.0,-3.142190456390381,solid,water_floor
A4-03,Section 3,3,-3.0,691.0,-3.195706367492676,solid,water_floor
A4-03,Section 3,3,-3.0,692.0,-3.323781967163086,solid,water_floor
A4-03,Section 3,3,-3.0,693.0,-3.1201324462890625,solid,water_floor
A4-03,Section 3,3,-3.0,694.0,-3.5079801082611084,solid,water_floor
A4-03,Section 3,3,-3.0,695.0,-4.2607903480529785,solid,water_floor
A4-03,Section 3,3,-3.0,696.0,-4.636198043823242,solid,water_floor
A4-03,Section 3,3,-3.0,697.0,-3.178252696990967,solid,water_floor
A4-03,Section 3,3,-2.8072903156280518,698.0,-2.8072903156280518,solid,sampled
A4-03,Section 3,3,-3.0,699.0,-3.083138942718506,solid,water_floor
A4-03,Section 3,3,-3.0,700.0,-13.153207778930664,solid,water_floor
A4-03,Section 3,3,-3.0,701.0,-20.083370208740234,solid,water_floor
A4-03,Section 3,3,-3.0,702.0,-22.138689041137695,solid,water_floor
A4-03,Section 3,3,-3.0,703.0,-24.493892669677734,solid,water_floor
A4-03,Section 3,3,-3.0,704.0,-39.46934509277344,solid,water_floor
A4-03,Section 3,3,-3.0,705.0,-30.428592681884766,solid,water_floor
A4-03,Section 3,3,-3.0,706.0,-28.227554321289062,solid,water_floor
A4-03,Section 3,3,-3.0,707.0,-34.80137252807617,solid,water_floor
A4-03,Section 3,3,-3.0,708.0,-37.84992218017578,solid,water_floor
A4-03,Section 3,3,-3.0,709.0,-46.507469177246094,solid,water_floor
A4-03,Section 3,3,-3.0,710.0,-47.90382385253906,solid,water_floor
A4-03,Section 3,3,-3.0,711.0,-54.769989013671875,solid,water_floor
A4-03,Section 3,3,-3.0,712.0,-45.51959228515625,solid,water_floor
A4-03,Section 3,3,-3.0,713.0,-61.083518981933594,solid,water_floor
A4-03,Section 3,3,-3.0,714.0,-62.88703918457031,solid,water_floor
A4-03,Section 3,3,-3.0,715.0,-47.70475769042969,solid,water_floor
A4-03,Section 3,3,-3.0,716.0,-46.17449188232422,solid,water_floor
A4-03,Section 3,3,-3.0,717.0,-51.513694763183594,solid,water_floor
A4-03,Section 3,3,-3.0,718.0,-45.77398681640625,solid,water_floor
A4-03,Section 3,3,-3.0,719.0,-52.500205993652344,solid,water_floor
A4-03,Section 3,3,-3.0,720.0,-53.00876998901367,solid,water_floor
A4-03,Section 3,3,-3.0,721.0,-49.22309494018555,solid,water_floor
A4-03,Section 3,3,-3.0,722.0,-63.643009185791016,solid,water_floor
A4-03,Section 3,3,-3.0,723.0,-69.3562240600586,solid,water_floor
A4-03,Section 3,3,-3.0,724.0,-55.998779296875,solid,water_floor
A4-03,Section 3,3,-3.0,725.0,-58.59190368652344,solid,water_floor
A4-03,Section 3,3,-3.0,726.0,-61.93561553955078,solid,water_floor
A4-03,Section 3,3,-3.0,727.0,-55.55046463012695,solid,water_floor
A4-03,Section 3,3,-3.0,728.0,-59.809295654296875,solid,water_floor
A4-03,Section 3,3,-3.0,729.0,-51.75822830200195,solid,water_floor
A4-03,Section 3,3,-3.0,730.0,-56.222869873046875,solid,water_floor
A4-03,Section 3,3,-3.0,731.0,-55.09367370605469,solid,water_floor
A4-03,Section 3,3,-3.0,732.0,-54.65119552612305,solid,water_floor
A4-03,Section 3,3,-3.0,733.0,-56.9012336730957,solid,water_floor
A4-03,Section 3,3,-3.0,734.0,-55.033416748046875,solid,water_floor
A4-03,Section 3,3,-3.0,735.0,-57.608360290527344,solid,water_floor
A4-03,Section 3,3,-3.0,736.0,-60.788963317871094,solid,water_floor
A4-03,Section 3,3,-3.0,737.0,-54.6138801574707,solid,water_floor
A4-03,Section 3,3,-3.0,738.0,-57.41273498535156,solid,water_floor
A4-03,Section 3,3,-3.0,739.0,-58.832916259765625,solid,water_floor
A4-03,Section 3,3,-3.0,740.0,-65.30188751220703,solid,water_floor
A4-03,Section 3,3,-3.0,741.0,-62.47099304199219,solid,water_floor
A4-03,Section 3,3,-3.0,742.0,-64.15338134765625,solid,water_floor
A4-03,Section 3,3,-3.0,743.0,-58.79814910888672,solid,water_floor
A4-03,Section 3,3,-3.0,744.0,-58.20233154296875,solid,water_floor
A4-03,Section 3,3,-3.0,745.0,-58.10004425048828,solid,water_floor
A4-03,Section 3,3,-3.0,746.0,-58.34674072265625,solid,water_floor
A4-03,Section 3,3,-3.0,747.0,-54.5238151550293,solid,water_floor
A4-03,Section 3,3,-3.0,748.0,-54.45660400390625,solid,water_floor
A4-03,Section 3,3,-3.0,749.0,-57.42430877685547,solid,water_floor
A4-03,Section 3,3,-3.0,750.0,-51.85482406616211,solid,water_floor
A4-03,Section 3,3,-3.0,751.0,-55.04310607910156,solid,water_floor
A4-03,Section 3,3,-3.0,752.0,-57.906333923339844,solid,water_floor
A4-03,Section 3,3,-3.0,753.0,-59.704795837402344,solid,water_floor
A4-03,Section 3,3,-3.0,754.0,-57.669132232666016,solid,water_floor
A4-03,Section 3,3,-3.0,755.0,-55.66168975830078,solid,water_floor
A4-03,Section 3,3,-3.0,756.0,-57.57292938232422,solid,water_floor
A4-03,Section 3,3,-3.0,757.0,-57.62998962402344,solid,water_floor
A4-03,Section 3,3,-3.0,758.0,-53.92359924316406,solid,water_floor
A4-03,Section 3,3,-3.0,759.0,-53.46221160888672,solid,water_floor
A4-03,Section 3,3,-3.0,760.0,-55.46580505371094,solid,water_floor
A4-03,Section 3,3,-3.0,761.0,-49.792762756347656,solid,water_floor
A4-03,Section 3,3,-3.0,762.0,-53.493980407714844,solid,water_floor
A4-03,Section 3,3,-3.0,763.0,-54.891536712646484,solid,water_floor
A4-03,Section 3,3,-3.0,764.0,-57.4821891784668,solid,water_floor
A4-03,Section 3,3,-3.0,765.0,-54.64120101928711,solid,water_floor
A4-03,Section 3,3,-3.0,766.0,-62.28290557861328,solid,water_floor
A4-03,Section 3,3,-3.0,767.0,-53.1296272277832,solid,water_floor
A4-03,Section 3,3,-3.0,768.0,-48.04312515258789,solid,water_floor
A4-03,Section 3,3,-3.0,769.0,-56.667320251464844,solid,water_floor
A4-03,Section 3,3,-3.0,770.0,-55.380706787109375,solid,water_floor
A4-03,Section 3,3,-3.0,771.0,-45.81690979003906,solid,water_floor
A4-03,Section 3,3,-3.0,772.0,-47.00859069824219,solid,water_floor
A4-03,Section 3,3,-3.0,773.0,-52.086673736572266,solid,water_floor
A4-03,Section 3,3,-3.0,774.0,-28.2670955657959,solid,water_floor
A4-03,Section 3,3,-3.0,775.0,-31.292844772338867,solid,water_floor
A4-03,Section 3,3,-3.0,776.0,-22.11947250366211,solid,water_floor
A4-03,Section 3,3,-3.0,777.0,-19.92292022705078,solid,water_floor
A4-03,Section 3,3,-3.0,778.0,-22.17045021057129,solid,water_floor
A4-03,Section 3,3,-3.0,779.0,-30.34699249267578,solid,water_floor
A4-03,Section 3,3,-3.0,780.0,-24.21280288696289,solid,water_floor
A4-03,Section 3,3,-3.0,781.0,-34.333736419677734,solid,water_floor
A4-03,Section 3,3,-3.0,782.0,-21.384689331054688,solid,water_floor
A4-03,Section 3,3,-3.0,783.0,-15.120780944824219,solid,water_floor
A4-03,Section 3,3,-3.0,784.0,-9.416069030761719,solid,water_floor
A4-03,Section 3,3,-3.0,785.0,-9.723658561706543,solid,water_floor
A4-03,Section 3,3,-3.0,786.0,-7.732061862945557,solid,water_floor
A4-03,Section 3,3,-3.0,787.0,-4.235006332397461,solid,water_floor
A4-03,Section 3,3,-2.9400904178619385,788.0,-2.9400904178619385,solid,sampled
A4-03,Section 3,3,-2.802949905395508,789.0,-2.802949905395508,solid,sampled
A4-03,Section 3,3,-2.5331573486328125,790.0,-2.5331573486328125,solid,sampled
A4-03,Section 3,3,-2.3074727058410645,791.0,-2.3074727058410645,solid,sampled
A4-03,Section 3,3,-2.036302089691162,792.0,-2.036302089691162,solid,sampled
A4-03,Section 3,3,-1.7533214092254639,793.0,-1.7533214092254639,solid,sampled
A4-03,Section 3,3,-1.5355665683746338,794.0,-1.5355665683746338,solid,sampled
A4-03,Section 3,3,-1.3574376106262207,795.0,-1.3574376106262207,solid,sampled
A4-03,Section 3,3,-1.1810733079910278,796.0,-1.1810733079910278,solid,sampled
A4-03,Section 3,3,-1.022179126739502,797.0,-1.022179126739502,solid,sampled
A4-03,Section 3,3,-0.7458431720733643,798.0,-0.7458431720733643,solid,sampled
A4-03,Section 3,3,-0.38420912623405457,799.0,-0.38420912623405457,solid,sampled
A4-03,Section 3,3,-0.21919572353363037,800.0,-0.21919572353363037,solid,sampled
A4-03,Section 3,3,-0.08944720029830933,801.0,-0.08944720029830933,solid,sampled
A4-03,Section 3,3,0.01541125774383545,802.0,0.01541125774383545,solid,sampled
A4-03,Section 3,3,0.13847829401493073,803.0,0.13847829401493073,solid,sampled
A4-03,Section 3,3,0.34541434049606323,804.0,0.34541434049606323,solid,sampled
A4-03,Section 3,3,0.5124814510345459,805.0,0.5124814510345459,solid,sampled
A4-03,Section 3,3,0.6425122022628784,806.0,0.6425122022628784,solid,sampled
A4-03,Section 3,3,0.6746834516525269,807.0,0.6746834516525269,solid,sampled
A4-03,Section 3,3,0.685251772403717,808.0,0.685251772403717,solid,sampled
A4-03,Section 3,3,0.6822525858879089,809.0,0.6822525858879089,solid,sampled
A4-03,Section 3,3,0.687736988067627,810.0,0.687736988067627,solid,sampled
A4-03,Section 3,3,0.6922397613525391,811.0,0.6922397613525391,solid,sampled
A4-03,Section 3,3,0.6972947120666504,812.0,0.6972947120666504,solid,sampled
A4-03,Section 3,3,0.6976801156997681,813.0,0.6976801156997681,solid,sampled
A4-03,Section 3,3,0.6967553496360779,814.0,0.6967553496360779,solid,sampled
A4-03,Section 3,3,0.7129490375518799,815.0,0.7129490375518799,solid,sampled
A4-03,Section 3,3,0.7139641046524048,816.0,0.7139641046524048,solid,sampled
A4-03,Section 3,3,0.722103476524353,817.0,0.722103476524353,solid,sampled
A4-03,Section 3,3,0.719137966632843,818.0,0.719137966632843,solid,sampled
A4-03,Section 3,3,0.7139961123466492,819.0,0.7139961123466492,solid,sampled
A4-03,Section 3,3,0.7089585065841675,820.0,0.7089585065841675,solid,sampled
A4-03,Section 3,3,0.7062585353851318,821.0,0.7062585353851318,solid,sampled
A4-03,Section 3,3,0.7136290073394775,822.0,0.7136290073394775,solid,sampled
A4-03,Section 3,3,0.7110428214073181,823.0,0.7110428214073181,solid,sampled
A4-03,Section 3,3,0.7287931442260742,824.0,0.7287931442260742,solid,sampled
A4-03,Section 3,3,0.7223175764083862,825.0,0.7223175764083862,solid,sampled
A4-03,Section 3,3,0.7190995216369629,826.0,0.7190995216369629,solid,sampled
A4-03,Section 3,3,0.708767294883728,827.0,0.708767294883728,solid,sampled
A4-03,Section 3,3,0.697074294090271,828.0,0.697074294090271,solid,sampled
A4-03,Section 3,3,0.673059344291687,829.0,0.673059344291687,solid,sampled
A4-03,Section 3,3,0.620869517326355,830.0,0.620869517326355,solid,sampled
A4-03,Section 3,3,0.5404510498046875,831.0,0.5404510498046875,solid,sampled
A4-03,Section 3,3,0.4659973382949829,832.0,0.4659973382949829,solid,sampled
A4-03,Section 3,3,0.3414955139160156,833.0,0.3414955139160156,solid,sampled
A4-03,Section 3,3,0.2412353903055191,834.0,0.2412353903055191,solid,sampled
A4-03,Section 3,3,0.17564503848552704,835.0,0.17564503848552704,solid,sampled
A4-03,Section 3,3,0.062200725078582764,836.0,0.062200725078582764,solid,sampled
A4-03,Section 3,3,-0.043338850140571594,837.0,-0.043338850140571594,solid,sampled
A4-03,Section 3,3,-0.23583486676216125,838.0,-0.23583486676216125,solid,sampled
A4-03,Section 3,3,-0.3954542279243469,839.0,-0.3954542279243469,solid,sampled
A4-03,Section 3,3,-0.5561419725418091,840.0,-0.5561419725418091,solid,sampled
A4-03,Section 3,3,-0.6989051103591919,841.0,-0.6989051103591919,solid,sampled
A4-03,Section 3,3,-0.8345804214477539,842.0,-0.8345804214477539,solid,sampled
A4-03,Section 3,3,-0.9549598693847656,843.0,-0.9549598693847656,solid,sampled
A4-03,Section 3,3,-1.068812370300293,844.0,-1.068812370300293,solid,sampled
A4-03,Section 3,3,-1.2062631845474243,845.0,-1.2062631845474243,solid,sampled
A4-03,Section 3,3,-1.336315631866455,846.0,-1.336315631866455,solid,sampled
A4-03,Section 3,3,-1.4693318605422974,847.0,-1.4693318605422974,solid,sampled
A4-03,Section 3,3,-1.4580738544464111,848.0,-1.4580738544464111,solid,sampled
A4-03,Section 3,3,-1.4520044326782227,849.0,-1.4520044326782227,solid,sampled
A4-03,Section 3,3,-1.4246872663497925,850.0,-1.4246872663497925,solid,sampled
A4-03,Section 3,3,-1.4152015447616577,851.0,-1.4152015447616577,solid,sampled
A4-03,Section 3,3,-1.3839155435562134,852.0,-1.3839155435562134,solid,sampled
A4-03,Section 3,3,-1.3676471710205078,853.0,-1.3676471710205078,solid,sampled
A4-03,Section 3,3,-1.3579473495483398,854.0,-1.3579473495483398,solid,sampled
A4-03,Section 3,3,-1.3519465923309326,855.0,-1.3519465923309326,solid,sampled
A4-03,Section 3,3,-1.3728991746902466,856.0,-1.3728991746902466,solid,sampled
A4-03,Section 3,3,-1.340991735458374,857.0,-1.340991735458374,solid,sampled
A4-03,Section 3,3,-1.3902944326400757,858.0,-1.3902944326400757,solid,sampled
A4-03,Section 3,3,-1.3668168783187866,859.0,-1.3668168783187866,solid,sampled
A4-03,Section 3,3,-1.3807952404022217,860.0,-1.3807952404022217,solid,sampled
A4-03,Section 3,3,-1.4093358516693115,861.0,-1.4093358516693115,solid,sampled
A4-03,Section 3,3,-1.4535512924194336,862.0,-1.4535512924194336,solid,sampled
A4-03,Section 3,3,-1.4860175848007202,863.0,-1.4860175848007202,solid,sampled
A4-03,Section 3,3,-1.4599568843841553,864.0,-1.4599568843841553,solid,sampled
A4-03,Section 3,3,-1.4978480339050293,865.0,-1.4978480339050293,solid,sampled
A4-03,Section 3,3,-1.4717118740081787,866.0,-1.4717118740081787,solid,sampled
A4-03,Section 3,3,-1.47603440284729,867.0,-1.47603440284729,solid,sampled
A4-03,Section 3,3,-1.5058296918869019,868.0,-1.5058296918869019,solid,sampled
A4-03,Section 3,3,-1.5872540473937988,869.0,-1.5872540473937988,solid,sampled
A4-03,Section 3,3,-1.713151216506958,870.0,-1.713151216506958,solid,sampled
A4-03,Section 3,3,-1.805696964263916,871.0,-1.805696964263916,solid,sampled
A4-03,Section 3,3,-1.8808417320251465,872.0,-1.8808417320251465,solid,sampled
A4-03,Section 3,3,-1.989055871963501,873.0,-1.989055871963501,solid,sampled
A4-03,Section 3,3,-2.0232772827148438,874.0,-2.0232772827148438,solid,sampled
A4-03,Section 3,3,-2.0007693767547607,875.0,-2.0007693767547607,solid,sampled
A4-03,Section 3,3,-2.0140390396118164,876.0,-2.0140390396118164,solid,sampled
A4-03,Section 3,3,-2.0027599334716797,877.0,-2.0027599334716797,solid,sampled
A4-03,Section 3,3,-2.014540195465088,878.0,-2.014540195465088,solid,sampled
A4-03,Section 3,3,-1.9181177616119385,879.0,-1.9181177616119385,solid,sampled
A4-03,Section 3,3,-1.775696873664856,880.0,-1.775696873664856,solid,sampled
A4-03,Section 3,3,-1.6697508096694946,881.0,-1.6697508096694946,solid,sampled
A4-03,Section 3,3,-1.5416364669799805,882.0,-1.5416364669799805,solid,sampled
A4-03,Section 3,3,-1.42045259475708,883.0,-1.42045259475708,solid,sampled
A4-03,Section 3,3,-1.3017348051071167,884.0,-1.3017348051071167,solid,sampled
A4-03,Section 3,3,-1.2168195247650146,885.0,-1.2168195247650146,solid,sampled
A4-03,Section 3,3,-1.1247143745422363,886.0,-1.1247143745422363,solid,sampled
A4-03,Section 3,3,-1.0602025985717773,887.0,-1.0602025985717773,solid,sampled
A4-03,Section 3,3,-0.9937283992767334,888.0,-0.9937283992767334,solid,sampled
A4-03,Section 3,3,-0.9150463938713074,889.0,-0.9150463938713074,solid,sampled
A4-03,Section 3,3,-0.793725848197937,890.0,-0.793725848197937,solid,sampled
A4-03,Section 3,3,-0.6794507503509521,891.0,-0.6794507503509521,solid,sampled
A4-03,Section 3,3,-0.5701611042022705,892.0,-0.5701611042022705,solid,sampled
A4-03,Section 3,3,-0.5129798650741577,893.0,-0.5129798650741577,solid,sampled
A4-03,Section 3,3,-0.40998202562332153,894.0,-0.40998202562332153,solid,sampled
A4-03,Section 3,3,-0.3330334722995758,895.0,-0.3330334722995758,solid,sampled
A4-03,Section 3,3,-0.2309078574180603,896.0,-0.2309078574180603,solid,sampled
A4-03,Section 3,3,-0.11966812610626221,897.0,-0.11966812610626221,solid,sampled
A4-03,Section 3,3,0.012874513864517212,898.0,0.012874513864517212,solid,sampled
A4-03,Section 3,3,0.10160326957702637,899.0,0.10160326957702637,solid,sampled
A4-03,Section 3,3,0.14891237020492554,900.0,0.14891237020492554,solid,sampled
A4-03,Section 3,3,0.1858723759651184,901.0,0.1858723759651184,solid,sampled
A4-03,Section 3,3,0.22616428136825562,902.0,0.22616428136825562,solid,sampled
A4-03,Section 3,3,0.2581057548522949,903.0,0.2581057548522949,solid,sampled
A4-03,Section 3,3,0.3206588625907898,904.0,0.3206588625907898,solid,sampled
A4-03,Section 3,3,0.35703593492507935,905.0,0.35703593492507935,solid,sampled
A4-03,Section 3,3,0.4311670958995819,906.0,0.4311670958995819,solid,sampled
A4-03,Section 3,3,0.4656800627708435,907.0,0.4656800627708435,solid,sampled
A4-03,Section 3,3,0.5001788139343262,908.0,0.5001788139343262,solid,sampled
A4-03,Section 3,3,0.8079584240913391,909.0,0.8079584240913391,solid,sampled
A4-03,Section 3,3,0.8862361907958984,910.0,0.8862361907958984,solid,sampled
A4-03,Section 3,3,0.8268555402755737,911.0,0.8268555402755737,solid,sampled
A4-03,Section 3,3,0.8939948678016663,912.0,0.8939948678016663,solid,sampled
A4-03,Section 3,3,0.9954299330711365,913.0,0.9954299330711365,solid,sampled
A4-03,Section 3,3,1.9405441284179688,914.0,1.9405441284179688,solid,sampled
A4-03,Section 3,3,1.7844603061676025,915.0,1.7844603061676025,solid,sampled
A4-03,Section 3,3,1.7065155506134033,916.0,1.7065155506134033,solid,sampled
A4-03,Section 3,3,1.6983275413513184,917.0,1.6983275413513184,solid,sampled
A4-03,Section 3,3,1.7771350145339966,918.0,1.7771350145339966,solid,sampled
A4-03,Section 3,3,1.90339994430542,919.0,1.90339994430542,solid,sampled
A4-03,Section 3,3,2.0242934226989746,920.0,2.0242934226989746,solid,sampled
A4-03,Section 3,3,2.282188892364502,921.0,2.282188892364502,solid,sampled
A4-03,Section 3,3,6.411693572998047,922.0,6.411693572998047,solid,sampled
A4-03,Section 3,3,8.307065963745117,923.0,8.307065963745117,solid,sampled
A4-03,Section 3,3,8.65920639038086,924.0,8.65920639038086,solid,sampled
A4-03,Section 3,3,9.839616775512695,925.0,9.839616775512695,solid,sampled
A4-03,Section 3,3,10.747133255004883,926.0,10.747133255004883,solid,sampled
A4-03,Section 3,3,11.058723449707031,927.0,11.058723449707031,solid,sampled
A4-03,Section 3,3,11.192109107971191,928.0,11.192109107971191,solid,sampled
A4-03,Section 3,3,10.772835731506348,929.0,10.772835731506348,solid,sampled
A4-03,Section 3,3,11.205757141113281,930.0,11.205757141113281,solid,sampled
A4-03,Section 3,3,11.53890323638916,931.0,11.53890323638916,solid,sampled
A4-03,Section 3,3,10.790084838867188,932.0,10.790084838867188,solid,sampled
A4-03,Section 3,3,10.920995712280273,933.0,10.920995712280273,solid,sampled
A4-03,Section 3,3,11.059439659118652,934.0,11.059439659118652,solid,sampled
A4-03,Section 3,3,11.186155319213867,935.0,11.186155319213867,solid,sampled
A4-03,Section 3,3,11.319732666015625,936.0,11.319732666015625,solid,sampled
A4-03,Section 3,3,11.471761703491211,937.0,11.471761703491211,solid,sampled
A4-03,Section 3,3,11.60865306854248,938.0,11.60865306854248,solid,sampled
A4-03,Section 3,3,11.836549758911133,939.0,11.836549758911133,solid,sampled
A4-03,Section 3,3,12.007725715637207,940.0,12.007725715637207,solid,sampled
A4-03,Section 3,3,12.09296703338623,941.0,12.09296703338623,solid,sampled
A4-03,Section 3,3,12.228294372558594,942.0,12.228294372558594,solid,sampled
A4-03,Section 3,3,12.397795677185059,943.0,12.397795677185059,solid,sampled
A4-03,Section 3,3,12.839430809020996,944.0,12.839430809020996,solid,sampled
A4-03,Section 3,3,12.713794708251953,945.0,12.713794708251953,solid,sampled
A4-03,Section 3,3,12.865527153015137,946.0,12.865527153015137,solid,sampled
A4-03,Section 3,3,13.044608116149902,947.0,13.044608116149902,solid,sampled
A4-03,Section 3,3,13.393239974975586,948.0,13.393239974975586,solid,sampled
A4-03,Section 3,3,14.1532621383667,949.0,14.1532621383667,solid,sampled
A4-03,Section 3,3,14.608150482177734,950.0,14.608150482177734,solid,sampled
A4-03,Section 3,3,14.446285247802734,951.0,14.446285247802734,solid,sampled
A4-03,Section 3,3,14.271045684814453,952.0,14.271045684814453,solid,sampled
A4-03,Section 3,3,13.692792892456055,953.0,13.692792892456055,solid,sampled
A4-03,Section 3,3,18.072301864624023,954.0,18.072301864624023,solid,sampled
A4-03,Section 3,3,19.15219497680664,955.0,19.15219497680664,solid,sampled
A4-03,Section 3,3,19.125545501708984,956.0,19.125545501708984,solid,sampled
A4-03,Section 3,3,18.7076473236084,957.0,18.7076473236084,solid,sampled
A4-03,Section 3,3,18.980899810791016,958.0,18.980899810791016,solid,sampled
A4-03,Section 3,3,17.741138458251953,959.0,17.741138458251953,solid,sampled
A4-03,Section 3,3,17.609046936035156,960.0,17.609046936035156,solid,sampled
A4-03,Section 3,3,17.190324783325195,961.0,17.190324783325195,solid,sampled
A4-03,Section 3,3,13.11157512664795,962.0,13.11157512664795,solid,sampled
A4-03,Section 3,3,10.30649471282959,963.0,10.30649471282959,solid,sampled
A4-03,Section 3,3,10.049884796142578,964.0,10.049884796142578,solid,sampled
A4-03,Section 3,3,9.12747859954834,965.0,9.12747859954834,solid,sampled
A4-03,Section 3,3,15.38167667388916,966.0,15.38167667388916,solid,sampled
A4-03,Section 3,3,15.699525833129883,967.0,15.699525833129883,solid,sampled
A4-03,Section 3,3,16.15151023864746,968.0,16.15151023864746,solid,sampled
A4-03,Section 3,3,18.01483154296875,969.0,18.01483154296875,solid,sampled
A4-03,Section 3,3,18.745683670043945,970.0,18.745683670043945,solid,sampled
A4-03,Section 3,3,0.0,971.0,,dotted,null_fill
A4-03,Section 3,3,0.0,972.0,,dotted,null_fill
A4-03,Section 3,3,0.0,973.0,,dotted,null_fill
A4-03,Section 3,3,0.0,974.0,,dotted,null_fill
A4-03,Section 3,3,0.0,975.0,,dotted,null_fill
A4-03,Section 3,3,0.0,976.0,,dotted,null_fill
A4-03,Section 3,3,0.0,977.0,,dotted,null_fill
A4-03,Section 3,3,0.0,978.0,,dotted,null_fill
A4-03,Section 3,3,0.0,979.0,,dotted,null_fill
A4-03,Section 3,3,0.0,980.0,,dotted,null_fill
A4-03,Section 3,3,0.0,981.0,,dotted,null_fill
A4-03,Section 3,3,0.0,982.0,,dotted,null_fill
A4-03,Section 3,3,0.0,983.0,,dotted,null_fill
A4-03,Section 3,3,0.0,984.0,,dotted,null_fill
A4-03,Section 3,3,0.0,985.0,,dotted,null_fill
A4-03,Section 3,3,0.0,986.0,,dotted,null_fill
A4-03,Section 3,3,0.0,987.0,,dotted,null_fill
A4-03,Section 3,3,0.0,988.0,,dotted,null_fill
A4-03,Section 3,3,0.0,989.0,,dotted,null_fill
A4-03,Section 3,3,0.0,990.0,,dotted,null_fill
A4-03,Section 3,3,0.0,991.0,,dotted,null_fill
A4-03,Section 3,3,0.0,992.0,,dotted,null_fill
A4-03,Section 3,3,0.0,993.0,,dotted,null_fill
A4-03,Section 3,3,0.0,994.0,,dotted,null_fill
A4-03,Section 3,3,0.0,995.0,,dotted,null_fill
A4-03,Section 3,3,0.0,996.0,,dotted,null_fill
A4-03,Section 3,3,0.0,997.0,,dotted,null_fill
A4-03,Section 3,3,0.0,998.0,,dotted,null_fill
A4-03,Section 3,3,0.0,999.0,,dotted,null_fill
A4-03,Section 3,3,0.0,1000.0,,dotted,null_fill
A4-03,Section 3,3,0.0,1001.0,,dotted,null_fill
