section_id,label,sort_order,height_m,distance_m,raw_height_m,line_style,value_state
A8-01,Section 1,1,0.0,0.0,,dotted,null_fill
A8-01,Section 1,1,0.0,1.0,,dotted,null_fill
A8-01,Section 1,1,0.0,2.0,,dotted,null_fill
A8-01,Section 1,1,0.0,3.0,,dotted,null_fill
A8-01,Section 1,1,0.0,4.0,,dotted,null_fill
A8-01,Section 1,1,0.0,5.0,,dotted,null_fill
A8-01,Section 1,1,0.0,6.0,,dotted,null_fill
A8-01,Section 1,1,0.0,7.0,,dotted,null_fill
A8-01,Section 1,1,0.0,8.0,,dotted,null_fill
A8-01,Section 1,1,0.0,9.0,,dotted,null_fill
A8-01,Section 1,1,0.0,10.0,,dotted,null_fill
A8-01,Section 1,1,0.0,11.0,,dotted,null_fill
A8-01,Section 1,1,0.0,12.0,,dotted,null_fill
A8-01,Section 1,1,0.0,13.0,,dotted,null_fill
A8-01,Section 1,1,0.0,14.0,,dotted,null_fill
A8-01,Section 1,1,0.0,15.0,,dotted,null_fill
A8-01,Section 1,1,0.0,16.0,,dotted,null_fill
A8-01,Section 1,1,0.0,17.0,,dotted,null_fill
A8-01,Section 1,1,0.0,18.0,,dotted,null_fill
A8-01,Section 1,1,25.99990463256836,19.0,25.99990463256836,solid,sampled
A8-01,Section 1,1,25.77276611328125,20.0,25.77276611328125,solid,sampled
A8-01,Section 1,1,25.235868453979492,21.0,25.235868453979492,solid,sampled
A8-01,Section 1,1,24.745914459228516,22.0,24.745914459228516,solid,sampled
A8-01,Section 1,1,24.10525894165039,23.0,24.10525894165039,solid,sampled
A8-01,Section 1,1,20.184127807617188,24.0,20.184127807617188,solid,sampled
A8-01,Section 1,1,20.198549270629883,25.0,20.198549270629883,solid,sampled
A8-01,Section 1,1,17.079641342163086,26.0,17.079641342163086,solid,sampled
A8-01,Section 1,1,16.038330078125,27.0,16.038330078125,solid,sampled
A8-01,Section 1,1,15.055379867553711,28.0,15.055379867553711,solid,sampled
A8-01,Section 1,1,14.679549217224121,29.0,14.679549217224121,solid,sampled
A8-01,Section 1,1,14.652623176574707,30.0,14.652623176574707,solid,sampled
A8-01,Section 1,1,14.144655227661133,31.0,14.144655227661133,solid,sampled
A8-01,Section 1,1,13.736620903015137,32.0,13.736620903015137,solid,sampled
A8-01,Section 1,1,13.768552780151367,33.0,13.768552780151367,solid,sampled
A8-01,Section 1,1,19.02846336364746,34.0,19.02846336364746,solid,sampled
A8-01,Section 1,1,19.505931854248047,35.0,19.505931854248047,solid,sampled
A8-01,Section 1,1,19.973281860351562,36.0,19.973281860351562,solid,sampled
A8-01,Section 1,1,19.458158493041992,37.0,19.458158493041992,solid,sampled
A8-01,Section 1,1,20.01824951171875,38.0,20.01824951171875,solid,sampled
A8-01,Section 1,1,23.982662200927734,39.0,23.982662200927734,solid,sampled
A8-01,Section 1,1,25.018678665161133,40.0,25.018678665161133,solid,sampled
A8-01,Section 1,1,24.65457534790039,41.0,24.65457534790039,solid,sampled
A8-01,Section 1,1,24.49433135986328,42.0,24.49433135986328,solid,sampled
A8-01,Section 1,1,23.732681274414062,43.0,23.732681274414062,solid,sampled
A8-01,Section 1,1,24.06452751159668,44.0,24.06452751159668,solid,sampled
A8-01,Section 1,1,23.85187530517578,45.0,23.85187530517578,solid,sampled
A8-01,Section 1,1,23.73138999938965,46.0,23.73138999938965,solid,sampled
A8-01,Section 1,1,23.865699768066406,47.0,23.865699768066406,solid,sampled
A8-01,Section 1,1,24.047571182250977,48.0,24.047571182250977,solid,sampled
A8-01,Section 1,1,23.4197940826416,49.0,23.4197940826416,solid,sampled
A8-01,Section 1,1,22.427249908447266,50.0,22.427249908447266,solid,sampled
A8-01,Section 1,1,22.39389419555664,51.0,22.39389419555664,solid,sampled
A8-01,Section 1,1,21.98489761352539,52.0,21.98489761352539,solid,sampled
A8-01,Section 1,1,21.003400802612305,53.0,21.003400802612305,solid,sampled
A8-01,Section 1,1,20.123517990112305,54.0,20.123517990112305,solid,sampled
A8-01,Section 1,1,19.09391212463379,55.0,19.09391212463379,solid,sampled
A8-01,Section 1,1,18.897750854492188,56.0,18.897750854492188,solid,sampled
A8-01,Section 1,1,17.77413558959961,57.0,17.77413558959961,solid,sampled
A8-01,Section 1,1,17.074748992919922,58.0,17.074748992919922,solid,sampled
A8-01,Section 1,1,16.2863712310791,59.0,16.2863712310791,solid,sampled
A8-01,Section 1,1,15.435161590576172,60.0,15.435161590576172,solid,sampled
A8-01,Section 1,1,14.566487312316895,61.0,14.566487312316895,solid,sampled
A8-01,Section 1,1,14.60087776184082,62.0,14.60087776184082,solid,sampled
A8-01,Section 1,1,12.895296096801758,63.0,12.895296096801758,solid,sampled
A8-01,Section 1,1,12.265800476074219,64.0,12.265800476074219,solid,sampled
A8-01,Section 1,1,11.445635795593262,65.0,11.445635795593262,solid,sampled
A8-01,Section 1,1,10.838467597961426,66.0,10.838467597961426,solid,sampled
A8-01,Section 1,1,8.232665061950684,67.0,8.232665061950684,solid,sampled
A8-01,Section 1,1,2.4036378860473633,68.0,2.4036378860473633,solid,sampled
A8-01,Section 1,1,2.240230083465576,69.0,2.240230083465576,solid,sampled
A8-01,Section 1,1,2.089475631713867,70.0,2.089475631713867,solid,sampled
A8-01,Section 1,1,2.0953500270843506,71.0,2.0953500270843506,solid,sampled
A8-01,Section 1,1,2.0606184005737305,72.0,2.0606184005737305,solid,sampled
A8-01,Section 1,1,2.037954330444336,73.0,2.037954330444336,solid,sampled
A8-01,Section 1,1,2.027413845062256,74.0,2.027413845062256,solid,sampled
A8-01,Section 1,1,2.006875514984131,75.0,2.006875514984131,solid,sampled
A8-01,Section 1,1,2.006786346435547,76.0,2.006786346435547,solid,sampled
A8-01,Section 1,1,1.9864457845687866,77.0,1.9864457845687866,solid,sampled
A8-01,Section 1,1,1.976743221282959,78.0,1.976743221282959,solid,sampled
A8-01,Section 1,1,1.9636515378952026,79.0,1.9636515378952026,solid,sampled
A8-01,Section 1,1,1.9584909677505493,80.0,1.9584909677505493,solid,sampled
A8-01,Section 1,1,1.9469695091247559,81.0,1.9469695091247559,solid,sampled
A8-01,Section 1,1,1.9344788789749146,82.0,1.9344788789749146,solid,sampled
A8-01,Section 1,1,1.9227664470672607,83.0,1.9227664470672607,solid,sampled
A8-01,Section 1,1,1.904956340789795,84.0,1.904956340789795,solid,sampled
A8-01,Section 1,1,1.8906797170639038,85.0,1.8906797170639038,solid,sampled
A8-01,Section 1,1,1.8625463247299194,86.0,1.8625463247299194,solid,sampled
A8-01,Section 1,1,1.843980073928833,87.0,1.843980073928833,solid,sampled
A8-01,Section 1,1,1.830164909362793,88.0,1.830164909362793,solid,sampled
A8-01,Section 1,1,1.804946780204773,89.0,1.804946780204773,solid,sampled
A8-01,Section 1,1,1.791565179824829,90.0,1.791565179824829,solid,sampled
A8-01,Section 1,1,1.7790900468826294,91.0,1.7790900468826294,solid,sampled
A8-01,Section 1,1,1.7814617156982422,92.0,1.7814617156982422,solid,sampled
A8-01,Section 1,1,1.771677851676941,93.0,1.771677851676941,solid,sampled
A8-01,Section 1,1,1.769446849822998,94.0,1.769446849822998,solid,sampled
A8-01,Section 1,1,1.763632893562317,95.0,1.763632893562317,solid,sampled
A8-01,Section 1,1,1.7609292268753052,96.0,1.7609292268753052,solid,sampled
A8-01,Section 1,1,1.760327935218811,97.0,1.760327935218811,solid,sampled
A8-01,Section 1,1,1.7608609199523926,98.0,1.7608609199523926,solid,sampled
A8-01,Section 1,1,1.7486717700958252,99.0,1.7486717700958252,solid,sampled
A8-01,Section 1,1,1.7296220064163208,100.0,1.7296220064163208,solid,sampled
A8-01,Section 1,1,1.7121602296829224,101.0,1.7121602296829224,solid,sampled
A8-01,Section 1,1,1.4754489660263062,102.0,1.4754489660263062,solid,sampled
A8-01,Section 1,1,1.1423368453979492,103.0,1.1423368453979492,solid,sampled
A8-01,Section 1,1,0.8384146094322205,104.0,0.8384146094322205,solid,sampled
A8-01,Section 1,1,0.8131375312805176,105.0,0.8131375312805176,solid,sampled
A8-01,Section 1,1,0.9889634847640991,106.0,0.9889634847640991,solid,sampled
A8-01,Section 1,1,1.1454150676727295,107.0,1.1454150676727295,solid,sampled
A8-01,Section 1,1,1.3181209564208984,108.0,1.3181209564208984,solid,sampled
A8-01,Section 1,1,1.40846586227417,109.0,1.40846586227417,solid,sampled
A8-01,Section 1,1,1.4659552574157715,110.0,1.4659552574157715,solid,sampled
A8-01,Section 1,1,1.4983818531036377,111.0,1.4983818531036377,solid,sampled
A8-01,Section 1,1,1.510631799697876,112.0,1.510631799697876,solid,sampled
A8-01,Section 1,1,1.5243175029754639,113.0,1.5243175029754639,solid,sampled
A8-01,Section 1,1,1.5306777954101562,114.0,1.5306777954101562,solid,sampled
A8-01,Section 1,1,1.5327374935150146,115.0,1.5327374935150146,solid,sampled
A8-01,Section 1,1,1.5168720483779907,116.0,1.5168720483779907,solid,sampled
A8-01,Section 1,1,1.5097365379333496,117.0,1.5097365379333496,solid,sampled
A8-01,Section 1,1,1.5101079940795898,118.0,1.5101079940795898,solid,sampled
A8-01,Section 1,1,1.4594948291778564,119.0,1.4594948291778564,solid,sampled
A8-01,Section 1,1,1.4076926708221436,120.0,1.4076926708221436,solid,sampled
A8-01,Section 1,1,1.3460590839385986,121.0,1.3460590839385986,solid,sampled
A8-01,Section 1,1,1.2579416036605835,122.0,1.2579416036605835,solid,sampled
A8-01,Section 1,1,1.0617547035217285,123.0,1.0617547035217285,solid,sampled
A8-01,Section 1,1,0.917027473449707,124.0,0.917027473449707,solid,sampled
A8-01,Section 1,1,0.8452757000923157,125.0,0.8452757000923157,solid,sampled
A8-01,Section 1,1,0.7814355492591858,126.0,0.7814355492591858,solid,sampled
A8-01,Section 1,1,0.8134468793869019,127.0,0.8134468793869019,solid,sampled
A8-01,Section 1,1,0.9253835082054138,128.0,0.9253835082054138,solid,sampled
A8-01,Section 1,1,1.2090868949890137,129.0,1.2090868949890137,solid,sampled
A8-01,Section 1,1,1.3482121229171753,130.0,1.3482121229171753,solid,sampled
A8-01,Section 1,1,1.3878514766693115,131.0,1.3878514766693115,solid,sampled
A8-01,Section 1,1,1.3812201023101807,132.0,1.3812201023101807,solid,sampled
A8-01,Section 1,1,1.3866511583328247,133.0,1.3866511583328247,solid,sampled
A8-01,Section 1,1,1.3908315896987915,134.0,1.3908315896987915,solid,sampled
A8-01,Section 1,1,1.3956180810928345,135.0,1.3956180810928345,solid,sampled
A8-01,Section 1,1,1.3981833457946777,136.0,1.3981833457946777,solid,sampled
A8-01,Section 1,1,1.3834947347640991,137.0,1.3834947347640991,solid,sampled
A8-01,Section 1,1,1.3888185024261475,138.0,1.3888185024261475,solid,sampled
A8-01,Section 1,1,1.3841030597686768,139.0,1.3841030597686768,solid,sampled
A8-01,Section 1,1,1.3798704147338867,140.0,1.3798704147338867,solid,sampled
A8-01,Section 1,1,1.3755742311477661,141.0,1.3755742311477661,solid,sampled
A8-01,Section 1,1,1.3906148672103882,142.0,1.3906148672103882,solid,sampled
A8-01,Section 1,1,1.3899075984954834,143.0,1.3899075984954834,solid,sampled
A8-01,Section 1,1,1.3897197246551514,144.0,1.3897197246551514,solid,sampled
A8-01,Section 1,1,1.3860478401184082,145.0,1.3860478401184082,solid,sampled
A8-01,Section 1,1,1.389145851135254,146.0,1.389145851135254,solid,sampled
A8-01,Section 1,1,1.3955800533294678,147.0,1.3955800533294678,solid,sampled
A8-01,Section 1,1,1.3856329917907715,148.0,1.3856329917907715,solid,sampled
A8-01,Section 1,1,1.366492748260498,149.0,1.366492748260498,solid,sampled
A8-01,Section 1,1,1.362636685371399,150.0,1.362636685371399,solid,sampled
A8-01,Section 1,1,1.3495395183563232,151.0,1.3495395183563232,solid,sampled
A8-01,Section 1,1,1.3408207893371582,152.0,1.3408207893371582,solid,sampled
A8-01,Section 1,1,1.3324153423309326,153.0,1.3324153423309326,solid,sampled
A8-01,Section 1,1,1.3178770542144775,154.0,1.3178770542144775,solid,sampled
A8-01,Section 1,1,1.3038307428359985,155.0,1.3038307428359985,solid,sampled
A8-01,Section 1,1,1.31087327003479,156.0,1.31087327003479,solid,sampled
A8-01,Section 1,1,1.3298977613449097,157.0,1.3298977613449097,solid,sampled
A8-01,Section 1,1,1.3187921047210693,158.0,1.3187921047210693,solid,sampled
A8-01,Section 1,1,1.3035776615142822,159.0,1.3035776615142822,solid,sampled
A8-01,Section 1,1,1.301481008529663,160.0,1.301481008529663,solid,sampled
A8-01,Section 1,1,1.2887468338012695,161.0,1.2887468338012695,solid,sampled
A8-01,Section 1,1,1.275889277458191,162.0,1.275889277458191,solid,sampled
A8-01,Section 1,1,1.2462295293807983,163.0,1.2462295293807983,solid,sampled
A8-01,Section 1,1,1.2158153057098389,164.0,1.2158153057098389,solid,sampled
A8-01,Section 1,1,1.2612838745117188,165.0,1.2612838745117188,solid,sampled
A8-01,Section 1,1,1.2674530744552612,166.0,1.2674530744552612,solid,sampled
A8-01,Section 1,1,1.2557793855667114,167.0,1.2557793855667114,solid,sampled
A8-01,Section 1,1,1.2507990598678589,168.0,1.2507990598678589,solid,sampled
A8-01,Section 1,1,1.2705614566802979,169.0,1.2705614566802979,solid,sampled
A8-01,Section 1,1,1.2836791276931763,170.0,1.2836791276931763,solid,sampled
A8-01,Section 1,1,1.29343843460083,171.0,1.29343843460083,solid,sampled
A8-01,Section 1,1,1.3286359310150146,172.0,1.3286359310150146,solid,sampled
A8-01,Section 1,1,1.3357547521591187,173.0,1.3357547521591187,solid,sampled
A8-01,Section 1,1,1.3464469909667969,174.0,1.3464469909667969,solid,sampled
A8-01,Section 1,1,1.3522157669067383,175.0,1.3522157669067383,solid,sampled
A8-01,Section 1,1,1.3698064088821411,176.0,1.3698064088821411,solid,sampled
A8-01,Section 1,1,1.371258020401001,177.0,1.371258020401001,solid,sampled
A8-01,Section 1,1,1.3780932426452637,178.0,1.3780932426452637,solid,sampled
A8-01,Section 1,1,1.386364459991455,179.0,1.386364459991455,solid,sampled
A8-01,Section 1,1,1.3950165510177612,180.0,1.3950165510177612,solid,sampled
A8-01,Section 1,1,1.3870913982391357,181.0,1.3870913982391357,solid,sampled
A8-01,Section 1,1,1.4008020162582397,182.0,1.4008020162582397,solid,sampled
A8-01,Section 1,1,1.4002103805541992,183.0,1.4002103805541992,solid,sampled
A8-01,Section 1,1,1.3829466104507446,184.0,1.3829466104507446,solid,sampled
A8-01,Section 1,1,1.3787174224853516,185.0,1.3787174224853516,solid,sampled
A8-01,Section 1,1,1.38021719455719,186.0,1.38021719455719,solid,sampled
A8-01,Section 1,1,1.3769880533218384,187.0,1.3769880533218384,solid,sampled
A8-01,Section 1,1,1.3391857147216797,188.0,1.3391857147216797,solid,sampled
A8-01,Section 1,1,1.3486250638961792,189.0,1.3486250638961792,solid,sampled
A8-01,Section 1,1,1.3596982955932617,190.0,1.3596982955932617,solid,sampled
A8-01,Section 1,1,1.3925338983535767,191.0,1.3925338983535767,solid,sampled
A8-01,Section 1,1,1.4016387462615967,192.0,1.4016387462615967,solid,sampled
A8-01,Section 1,1,1.4081878662109375,193.0,1.4081878662109375,solid,sampled
A8-01,Section 1,1,1.3943603038787842,194.0,1.3943603038787842,solid,sampled
A8-01,Section 1,1,1.3765578269958496,195.0,1.3765578269958496,solid,sampled
A8-01,Section 1,1,1.376375675201416,196.0,1.376375675201416,solid,sampled
A8-01,Section 1,1,1.3597590923309326,197.0,1.3597590923309326,solid,sampled
A8-01,Section 1,1,1.3468873500823975,198.0,1.3468873500823975,solid,sampled
A8-01,Section 1,1,1.358666181564331,199.0,1.358666181564331,solid,sampled
A8-01,Section 1,1,1.4034109115600586,200.0,1.4034109115600586,solid,sampled
A8-01,Section 1,1,1.3924241065979004,201.0,1.3924241065979004,solid,sampled
A8-01,Section 1,1,1.4051984548568726,202.0,1.4051984548568726,solid,sampled
A8-01,Section 1,1,1.4000438451766968,203.0,1.4000438451766968,solid,sampled
A8-01,Section 1,1,1.4053938388824463,204.0,1.4053938388824463,solid,sampled
A8-01,Section 1,1,1.3949114084243774,205.0,1.3949114084243774,solid,sampled
A8-01,Section 1,1,1.3993847370147705,206.0,1.3993847370147705,solid,sampled
A8-01,Section 1,1,1.4092776775360107,207.0,1.4092776775360107,solid,sampled
A8-01,Section 1,1,1.4112987518310547,208.0,1.4112987518310547,solid,sampled
A8-01,Section 1,1,1.4167537689208984,209.0,1.4167537689208984,solid,sampled
A8-01,Section 1,1,1.4086703062057495,210.0,1.4086703062057495,solid,sampled
A8-01,Section 1,1,1.403917908668518,211.0,1.403917908668518,solid,sampled
A8-01,Section 1,1,1.3997013568878174,212.0,1.3997013568878174,solid,sampled
A8-01,Section 1,1,1.4027316570281982,213.0,1.4027316570281982,solid,sampled
A8-01,Section 1,1,1.3889580965042114,214.0,1.3889580965042114,solid,sampled
A8-01,Section 1,1,1.3749675750732422,215.0,1.3749675750732422,solid,sampled
A8-01,Section 1,1,1.3791600465774536,216.0,1.3791600465774536,solid,sampled
A8-01,Section 1,1,1.379037857055664,217.0,1.379037857055664,solid,sampled
A8-01,Section 1,1,1.3724300861358643,218.0,1.3724300861358643,solid,sampled
A8-01,Section 1,1,1.3673210144042969,219.0,1.3673210144042969,solid,sampled
A8-01,Section 1,1,1.356009840965271,220.0,1.356009840965271,solid,sampled
A8-01,Section 1,1,1.3565173149108887,221.0,1.3565173149108887,solid,sampled
A8-01,Section 1,1,1.3409745693206787,222.0,1.3409745693206787,solid,sampled
A8-01,Section 1,1,1.325603723526001,223.0,1.325603723526001,solid,sampled
A8-01,Section 1,1,1.3079817295074463,224.0,1.3079817295074463,solid,sampled
A8-01,Section 1,1,1.248799204826355,225.0,1.248799204826355,solid,sampled
A8-01,Section 1,1,1.303118109703064,226.0,1.303118109703064,solid,sampled
A8-01,Section 1,1,0.9900497198104858,227.0,0.9900497198104858,solid,sampled
A8-01,Section 1,1,0.5175914764404297,228.0,0.5175914764404297,solid,sampled
A8-01,Section 1,1,0.11987501382827759,229.0,0.11987501382827759,solid,sampled
A8-01,Section 1,1,0.19908177852630615,230.0,0.19908177852630615,solid,sampled
A8-01,Section 1,1,0.33164262771606445,231.0,0.33164262771606445,solid,sampled
A8-01,Section 1,1,0.5632821321487427,232.0,0.5632821321487427,solid,sampled
A8-01,Section 1,1,0.8609144687652588,233.0,0.8609144687652588,solid,sampled
A8-01,Section 1,1,1.0961778163909912,234.0,1.0961778163909912,solid,sampled
A8-01,Section 1,1,1.1697196960449219,235.0,1.1697196960449219,solid,sampled
A8-01,Section 1,1,1.202148675918579,236.0,1.202148675918579,solid,sampled
A8-01,Section 1,1,1.2134191989898682,237.0,1.2134191989898682,solid,sampled
A8-01,Section 1,1,1.2190598249435425,238.0,1.2190598249435425,solid,sampled
A8-01,Section 1,1,1.2181203365325928,239.0,1.2181203365325928,solid,sampled
A8-01,Section 1,1,1.2153208255767822,240.0,1.2153208255767822,solid,sampled
A8-01,Section 1,1,1.2030813694000244,241.0,1.2030813694000244,solid,sampled
A8-01,Section 1,1,1.1849391460418701,242.0,1.1849391460418701,solid,sampled
A8-01,Section 1,1,1.1650892496109009,243.0,1.1650892496109009,solid,sampled
A8-01,Section 1,1,1.1392717361450195,244.0,1.1392717361450195,solid,sampled
A8-01,Section 1,1,1.1273062229156494,245.0,1.1273062229156494,solid,sampled
A8-01,Section 1,1,1.0983376502990723,246.0,1.0983376502990723,solid,sampled
A8-01,Section 1,1,1.0836024284362793,247.0,1.0836024284362793,solid,sampled
A8-01,Section 1,1,1.0664550065994263,248.0,1.0664550065994263,solid,sampled
A8-01,Section 1,1,1.0608975887298584,249.0,1.0608975887298584,solid,sampled
A8-01,Section 1,1,1.042864203453064,250.0,1.042864203453064,solid,sampled
A8-01,Section 1,1,1.038524866104126,251.0,1.038524866104126,solid,sampled
A8-01,Section 1,1,1.0204248428344727,252.0,1.0204248428344727,solid,sampled
A8-01,Section 1,1,1.002979040145874,253.0,1.002979040145874,solid,sampled
A8-01,Section 1,1,0.9995961785316467,254.0,0.9995961785316467,solid,sampled
A8-01,Section 1,1,0.9921413064002991,255.0,0.9921413064002991,solid,sampled
A8-01,Section 1,1,0.9933063387870789,256.0,0.9933063387870789,solid,sampled
A8-01,Section 1,1,0.967857301235199,257.0,0.967857301235199,solid,sampled
A8-01,Section 1,1,0.9659579992294312,258.0,0.9659579992294312,solid,sampled
A8-01,Section 1,1,0.9773682355880737,259.0,0.9773682355880737,solid,sampled
A8-01,Section 1,1,0.972564697265625,260.0,0.972564697265625,solid,sampled
A8-01,Section 1,1,0.9826933145523071,261.0,0.9826933145523071,solid,sampled
A8-01,Section 1,1,0.9863060712814331,262.0,0.9863060712814331,solid,sampled
A8-01,Section 1,1,0.9889997839927673,263.0,0.9889997839927673,solid,sampled
A8-01,Section 1,1,1.0055897235870361,264.0,1.0055897235870361,solid,sampled
A8-01,Section 1,1,1.0124962329864502,265.0,1.0124962329864502,solid,sampled
A8-01,Section 1,1,1.0221679210662842,266.0,1.0221679210662842,solid,sampled
A8-01,Section 1,1,1.029975175857544,267.0,1.029975175857544,solid,sampled
A8-01,Section 1,1,1.034078598022461,268.0,1.034078598022461,solid,sampled
A8-01,Section 1,1,1.0519193410873413,269.0,1.0519193410873413,solid,sampled
A8-01,Section 1,1,1.060220718383789,270.0,1.060220718383789,solid,sampled
A8-01,Section 1,1,1.067044734954834,271.0,1.067044734954834,solid,sampled
A8-01,Section 1,1,1.0660982131958008,272.0,1.0660982131958008,solid,sampled
A8-01,Section 1,1,1.0821958780288696,273.0,1.0821958780288696,solid,sampled
A8-01,Section 1,1,1.078816533088684,274.0,1.078816533088684,solid,sampled
A8-01,Section 1,1,1.0589643716812134,275.0,1.0589643716812134,solid,sampled
A8-01,Section 1,1,1.0765846967697144,276.0,1.0765846967697144,solid,sampled
A8-01,Section 1,1,1.0791268348693848,277.0,1.0791268348693848,solid,sampled
A8-01,Section 1,1,1.0917975902557373,278.0,1.0917975902557373,solid,sampled
A8-01,Section 1,1,1.0517704486846924,279.0,1.0517704486846924,solid,sampled
A8-01,Section 1,1,0.9322352409362793,280.0,0.9322352409362793,solid,sampled
A8-01,Section 1,1,0.699532151222229,281.0,0.699532151222229,solid,sampled
A8-01,Section 1,1,0.47396743297576904,282.0,0.47396743297576904,solid,sampled
A8-01,Section 1,1,0.19109344482421875,283.0,0.19109344482421875,solid,sampled
A8-01,Section 1,1,0.02816009521484375,284.0,0.02816009521484375,solid,sampled
A8-01,Section 1,1,-0.0028169453144073486,285.0,-0.0028169453144073486,solid,sampled
A8-01,Section 1,1,-0.02854253351688385,286.0,-0.02854253351688385,solid,sampled
A8-01,Section 1,1,0.25569748878479004,287.0,0.25569748878479004,solid,sampled
A8-01,Section 1,1,0.8892214298248291,288.0,0.8892214298248291,solid,sampled
A8-01,Section 1,1,1.0178284645080566,289.0,1.0178284645080566,solid,sampled
A8-01,Section 1,1,1.0371007919311523,290.0,1.0371007919311523,solid,sampled
A8-01,Section 1,1,1.0291492938995361,291.0,1.0291492938995361,solid,sampled
A8-01,Section 1,1,1.023414134979248,292.0,1.023414134979248,solid,sampled
A8-01,Section 1,1,1.01526939868927,293.0,1.01526939868927,solid,sampled
A8-01,Section 1,1,1.0096940994262695,294.0,1.0096940994262695,solid,sampled
A8-01,Section 1,1,1.0178678035736084,295.0,1.0178678035736084,solid,sampled
A8-01,Section 1,1,1.020097255706787,296.0,1.020097255706787,solid,sampled
A8-01,Section 1,1,1.0272477865219116,297.0,1.0272477865219116,solid,sampled
A8-01,Section 1,1,1.0225441455841064,298.0,1.0225441455841064,solid,sampled
A8-01,Section 1,1,1.0116029977798462,299.0,1.0116029977798462,solid,sampled
A8-01,Section 1,1,0.9906291365623474,300.0,0.9906291365623474,solid,sampled
A8-01,Section 1,1,0.980329155921936,301.0,0.980329155921936,solid,sampled
A8-01,Section 1,1,0.9526491165161133,302.0,0.9526491165161133,solid,sampled
A8-01,Section 1,1,0.9076878428459167,303.0,0.9076878428459167,solid,sampled
A8-01,Section 1,1,0.9015861749649048,304.0,0.9015861749649048,solid,sampled
A8-01,Section 1,1,0.8749682903289795,305.0,0.8749682903289795,solid,sampled
A8-01,Section 1,1,0.8416428565979004,306.0,0.8416428565979004,solid,sampled
A8-01,Section 1,1,0.8219618797302246,307.0,0.8219618797302246,solid,sampled
A8-01,Section 1,1,0.8039896488189697,308.0,0.8039896488189697,solid,sampled
A8-01,Section 1,1,0.7599022388458252,309.0,0.7599022388458252,solid,sampled
A8-01,Section 1,1,0.7386075258255005,310.0,0.7386075258255005,solid,sampled
A8-01,Section 1,1,0.700388491153717,311.0,0.700388491153717,solid,sampled
A8-01,Section 1,1,0.6568115949630737,312.0,0.6568115949630737,solid,sampled
A8-01,Section 1,1,0.619675874710083,313.0,0.619675874710083,solid,sampled
A8-01,Section 1,1,0.5937148332595825,314.0,0.5937148332595825,solid,sampled
A8-01,Section 1,1,0.5737165212631226,315.0,0.5737165212631226,solid,sampled
A8-01,Section 1,1,0.5546004772186279,316.0,0.5546004772186279,solid,sampled
A8-01,Section 1,1,0.48383378982543945,317.0,0.48383378982543945,solid,sampled
A8-01,Section 1,1,0.35118624567985535,318.0,0.35118624567985535,solid,sampled
A8-01,Section 1,1,0.10677233338356018,319.0,0.10677233338356018,solid,sampled
A8-01,Section 1,1,-0.19374537467956543,320.0,-0.19374537467956543,solid,sampled
A8-01,Section 1,1,-0.30038750171661377,321.0,-0.30038750171661377,solid,sampled
A8-01,Section 1,1,-0.083079993724823,322.0,-0.083079993724823,solid,sampled
A8-01,Section 1,1,0.7202763557434082,323.0,0.7202763557434082,solid,sampled
A8-01,Section 1,1,0.7906574010848999,324.0,0.7906574010848999,solid,sampled
A8-01,Section 1,1,0.7745054960250854,325.0,0.7745054960250854,solid,sampled
A8-01,Section 1,1,0.7764700055122375,326.0,0.7764700055122375,solid,sampled
A8-01,Section 1,1,0.7804036140441895,327.0,0.7804036140441895,solid,sampled
A8-01,Section 1,1,0.7785320281982422,328.0,0.7785320281982422,solid,sampled
A8-01,Section 1,1,0.78107750415802,329.0,0.78107750415802,solid,sampled
A8-01,Section 1,1,0.684991180896759,330.0,0.684991180896759,solid,sampled
A8-01,Section 1,1,0.16040372848510742,331.0,0.16040372848510742,solid,sampled
A8-01,Section 1,1,-0.2643759250640869,332.0,-0.2643759250640869,solid,sampled
A8-01,Section 1,1,-0.39799487590789795,333.0,-0.39799487590789795,solid,sampled
A8-01,Section 1,1,-0.44126975536346436,334.0,-0.44126975536346436,solid,sampled
A8-01,Section 1,1,-0.48043644428253174,335.0,-0.48043644428253174,solid,sampled
A8-01,Section 1,1,-0.3639051914215088,336.0,-0.3639051914215088,solid,sampled
A8-01,Section 1,1,0.022006958723068237,337.0,0.022006958723068237,solid,sampled
A8-01,Section 1,1,0.3052661418914795,338.0,0.3052661418914795,solid,sampled
A8-01,Section 1,1,0.4319934844970703,339.0,0.4319934844970703,solid,sampled
A8-01,Section 1,1,0.5337018966674805,340.0,0.5337018966674805,solid,sampled
A8-01,Section 1,1,0.5707541704177856,341.0,0.5707541704177856,solid,sampled
A8-01,Section 1,1,0.610234797000885,342.0,0.610234797000885,solid,sampled
A8-01,Section 1,1,0.625545859336853,343.0,0.625545859336853,solid,sampled
A8-01,Section 1,1,0.6317219734191895,344.0,0.6317219734191895,solid,sampled
A8-01,Section 1,1,0.6398419141769409,345.0,0.6398419141769409,solid,sampled
A8-01,Section 1,1,0.591803789138794,346.0,0.591803789138794,solid,sampled
A8-01,Section 1,1,0.5875835418701172,347.0,0.5875835418701172,solid,sampled
A8-01,Section 1,1,0.6394872069358826,348.0,0.6394872069358826,solid,sampled
A8-01,Section 1,1,0.6332669258117676,349.0,0.6332669258117676,solid,sampled
A8-01,Section 1,1,0.6301931738853455,350.0,0.6301931738853455,solid,sampled
A8-01,Section 1,1,0.6206212043762207,351.0,0.6206212043762207,solid,sampled
A8-01,Section 1,1,0.6179749965667725,352.0,0.6179749965667725,solid,sampled
A8-01,Section 1,1,0.6227178573608398,353.0,0.6227178573608398,solid,sampled
A8-01,Section 1,1,0.6179159879684448,354.0,0.6179159879684448,solid,sampled
A8-01,Section 1,1,0.6112881898880005,355.0,0.6112881898880005,solid,sampled
A8-01,Section 1,1,0.6014750003814697,356.0,0.6014750003814697,solid,sampled
A8-01,Section 1,1,0.6062965393066406,357.0,0.6062965393066406,solid,sampled
A8-01,Section 1,1,0.5965860486030579,358.0,0.5965860486030579,solid,sampled
A8-01,Section 1,1,0.5907335877418518,359.0,0.5907335877418518,solid,sampled
A8-01,Section 1,1,0.588776707649231,360.0,0.588776707649231,solid,sampled
A8-01,Section 1,1,0.570539116859436,361.0,0.570539116859436,solid,sampled
A8-01,Section 1,1,0.574462890625,362.0,0.574462890625,solid,sampled
A8-01,Section 1,1,0.5734455585479736,363.0,0.5734455585479736,solid,sampled
A8-01,Section 1,1,0.5671703815460205,364.0,0.5671703815460205,solid,sampled
A8-01,Section 1,1,0.5484774708747864,365.0,0.5484774708747864,solid,sampled
A8-01,Section 1,1,0.5432494878768921,366.0,0.5432494878768921,solid,sampled
A8-01,Section 1,1,0.5286809206008911,367.0,0.5286809206008911,solid,sampled
A8-01,Section 1,1,0.517296314239502,368.0,0.517296314239502,solid,sampled
A8-01,Section 1,1,0.5014687180519104,369.0,0.5014687180519104,solid,sampled
A8-01,Section 1,1,0.4924324154853821,370.0,0.4924324154853821,solid,sampled
A8-01,Section 1,1,0.48468080163002014,371.0,0.48468080163002014,solid,sampled
A8-01,Section 1,1,0.4689905047416687,372.0,0.4689905047416687,solid,sampled
A8-01,Section 1,1,0.46531760692596436,373.0,0.46531760692596436,solid,sampled
A8-01,Section 1,1,0.443126916885376,374.0,0.443126916885376,solid,sampled
A8-01,Section 1,1,0.43500739336013794,375.0,0.43500739336013794,solid,sampled
A8-01,Section 1,1,0.4178358316421509,376.0,0.4178358316421509,solid,sampled
A8-01,Section 1,1,0.3974834084510803,377.0,0.3974834084510803,solid,sampled
A8-01,Section 1,1,0.3893795609474182,378.0,0.3893795609474182,solid,sampled
A8-01,Section 1,1,0.36838236451148987,379.0,0.36838236451148987,solid,sampled
A8-01,Section 1,1,0.348550021648407,380.0,0.348550021648407,solid,sampled
A8-01,Section 1,1,0.3463176488876343,381.0,0.3463176488876343,solid,sampled
A8-01,Section 1,1,0.32880711555480957,382.0,0.32880711555480957,solid,sampled
A8-01,Section 1,1,0.32262754440307617,383.0,0.32262754440307617,solid,sampled
A8-01,Section 1,1,0.31243371963500977,384.0,0.31243371963500977,solid,sampled
A8-01,Section 1,1,0.3001289963722229,385.0,0.3001289963722229,solid,sampled
A8-01,Section 1,1,0.28007930517196655,386.0,0.28007930517196655,solid,sampled
A8-01,Section 1,1,0.2788403332233429,387.0,0.2788403332233429,solid,sampled
A8-01,Section 1,1,0.25915050506591797,388.0,0.25915050506591797,solid,sampled
A8-01,Section 1,1,0.2569854259490967,389.0,0.2569854259490967,solid,sampled
A8-01,Section 1,1,0.24251365661621094,390.0,0.24251365661621094,solid,sampled
A8-01,Section 1,1,0.23044224083423615,391.0,0.23044224083423615,solid,sampled
A8-01,Section 1,1,0.20488974452018738,392.0,0.20488974452018738,solid,sampled
A8-01,Section 1,1,0.20192056894302368,393.0,0.20192056894302368,solid,sampled
A8-01,Section 1,1,0.1780325174331665,394.0,0.1780325174331665,solid,sampled
A8-01,Section 1,1,0.1724870204925537,395.0,0.1724870204925537,solid,sampled
A8-01,Section 1,1,0.16076835989952087,396.0,0.16076835989952087,solid,sampled
A8-01,Section 1,1,0.14846208691596985,397.0,0.14846208691596985,solid,sampled
A8-01,Section 1,1,0.12145176529884338,398.0,0.12145176529884338,solid,sampled
A8-01,Section 1,1,0.11351969838142395,399.0,0.11351969838142395,solid,sampled
A8-01,Section 1,1,0.09631210565567017,400.0,0.09631210565567017,solid,sampled
A8-01,Section 1,1,0.08726595342159271,401.0,0.08726595342159271,solid,sampled
A8-01,Section 1,1,0.0556410551071167,402.0,0.0556410551071167,solid,sampled
A8-01,Section 1,1,0.04039508104324341,403.0,0.04039508104324341,solid,sampled
A8-01,Section 1,1,0.02953830361366272,404.0,0.02953830361366272,solid,sampled
A8-01,Section 1,1,0.0013554096221923828,405.0,0.0013554096221923828,solid,sampled
A8-01,Section 1,1,-0.025155067443847656,406.0,-0.025155067443847656,solid,sampled
A8-01,Section 1,1,-0.028002038598060608,407.0,-0.028002038598060608,solid,sampled
A8-01,Section 1,1,-0.045441821217536926,408.0,-0.045441821217536926,solid,sampled
A8-01,Section 1,1,-0.06278901547193527,409.0,-0.06278901547193527,solid,sampled
A8-01,Section 1,1,-0.07686901092529297,410.0,-0.07686901092529297,solid,sampled
A8-01,Section 1,1,-0.061641693115234375,411.0,-0.061641693115234375,solid,sampled
A8-01,Section 1,1,-0.08039456605911255,412.0,-0.08039456605911255,solid,sampled
A8-01,Section 1,1,-0.09635283052921295,413.0,-0.09635283052921295,solid,sampled
A8-01,Section 1,1,-0.10448294878005981,414.0,-0.10448294878005981,solid,sampled
A8-01,Section 1,1,-0.10551787167787552,415.0,-0.10551787167787552,solid,sampled
A8-01,Section 1,1,-0.11697894334793091,416.0,-0.11697894334793091,solid,sampled
A8-01,Section 1,1,-0.12416577339172363,417.0,-0.12416577339172363,solid,sampled
A8-01,Section 1,1,-0.1398918628692627,418.0,-0.1398918628692627,solid,sampled
A8-01,Section 1,1,-0.1424349844455719,419.0,-0.1424349844455719,solid,sampled
A8-01,Section 1,1,-0.1255592405796051,420.0,-0.1255592405796051,solid,sampled
A8-01,Section 1,1,-0.12274044752120972,421.0,-0.12274044752120972,solid,sampled
A8-01,Section 1,1,-0.09063822031021118,422.0,-0.09063822031021118,solid,sampled
A8-01,Section 1,1,-0.0976652204990387,423.0,-0.0976652204990387,solid,sampled
A8-01,Section 1,1,-0.0726059079170227,424.0,-0.0726059079170227,solid,sampled
A8-01,Section 1,1,-0.05915427207946777,425.0,-0.05915427207946777,solid,sampled
A8-01,Section 1,1,-0.02241671085357666,426.0,-0.02241671085357666,solid,sampled
A8-01,Section 1,1,-0.023439884185791016,427.0,-0.023439884185791016,solid,sampled
A8-01,Section 1,1,-0.01817585527896881,428.0,-0.01817585527896881,solid,sampled
A8-01,Section 1,1,-0.020895466208457947,429.0,-0.020895466208457947,solid,sampled
A8-01,Section 1,1,-0.034706443548202515,430.0,-0.034706443548202515,solid,sampled
A8-01,Section 1,1,-0.04368853569030762,431.0,-0.04368853569030762,solid,sampled
A8-01,Section 1,1,-0.053127169609069824,432.0,-0.053127169609069824,solid,sampled
A8-01,Section 1,1,-0.06409406661987305,433.0,-0.06409406661987305,solid,sampled
A8-01,Section 1,1,-0.07094818353652954,434.0,-0.07094818353652954,solid,sampled
A8-01,Section 1,1,-0.08747407793998718,435.0,-0.08747407793998718,solid,sampled
A8-01,Section 1,1,-0.08823490142822266,436.0,-0.08823490142822266,solid,sampled
A8-01,Section 1,1,-0.12293136119842529,437.0,-0.12293136119842529,solid,sampled
A8-01,Section 1,1,-0.1472616195678711,438.0,-0.1472616195678711,solid,sampled
A8-01,Section 1,1,-0.18320080637931824,439.0,-0.18320080637931824,solid,sampled
A8-01,Section 1,1,-0.24179983139038086,440.0,-0.24179983139038086,solid,sampled
A8-01,Section 1,1,-0.26256003975868225,441.0,-0.26256003975868225,solid,sampled
A8-01,Section 1,1,-0.30507615208625793,442.0,-0.30507615208625793,solid,sampled
A8-01,Section 1,1,-0.3668365478515625,443.0,-0.3668365478515625,solid,sampled
A8-01,Section 1,1,-0.3983331024646759,444.0,-0.3983331024646759,solid,sampled
A8-01,Section 1,1,-0.46644341945648193,445.0,-0.46644341945648193,solid,sampled
A8-01,Section 1,1,-0.5325183868408203,446.0,-0.5325183868408203,solid,sampled
A8-01,Section 1,1,-0.6069750785827637,447.0,-0.6069750785827637,solid,sampled
A8-01,Section 1,1,-0.6959971785545349,448.0,-0.6959971785545349,solid,sampled
A8-01,Section 1,1,-0.7654478549957275,449.0,-0.7654478549957275,solid,sampled
A8-01,Section 1,1,-0.8177244663238525,450.0,-0.8177244663238525,solid,sampled
A8-01,Section 1,1,-0.9220086932182312,451.0,-0.9220086932182312,solid,sampled
A8-01,Section 1,1,-2.230449676513672,452.0,-2.230449676513672,solid,sampled
A8-01,Section 1,1,-3.0,453.0,-14.774251937866211,solid,water_floor
A8-01,Section 1,1,-3.0,454.0,-29.55501937866211,solid,water_floor
A8-01,Section 1,1,-3.0,455.0,-28.588762283325195,solid,water_floor
A8-01,Section 1,1,-3.0,456.0,-31.322885513305664,solid,water_floor
A8-01,Section 1,1,-3.0,457.0,-31.446407318115234,solid,water_floor
A8-01,Section 1,1,-3.0,458.0,-28.237659454345703,solid,water_floor
A8-01,Section 1,1,-3.0,459.0,-41.228572845458984,solid,water_floor
A8-01,Section 1,1,-3.0,460.0,-32.11993408203125,solid,water_floor
A8-01,Section 1,1,-3.0,461.0,-30.680694580078125,solid,water_floor
A8-01,Section 1,1,-3.0,462.0,-31.675914764404297,solid,water_floor
A8-01,Section 1,1,-3.0,463.0,-27.521512985229492,solid,water_floor
A8-01,Section 1,1,-3.0,464.0,-29.967315673828125,solid,water_floor
A8-01,Section 1,1,-3.0,465.0,-30.33774185180664,solid,water_floor
A8-01,Section 1,1,-3.0,466.0,-35.79463195800781,solid,water_floor
A8-01,Section 1,1,-3.0,467.0,-37.730255126953125,solid,water_floor
A8-01,Section 1,1,-3.0,468.0,-27.515071868896484,solid,water_floor
A8-01,Section 1,1,-3.0,469.0,-27.85959243774414,solid,water_floor
A8-01,Section 1,1,-3.0,470.0,-35.11984634399414,solid,water_floor
A8-01,Section 1,1,-3.0,471.0,-30.250905990600586,solid,water_floor
A8-01,Section 1,1,-3.0,472.0,-31.00835609436035,solid,water_floor
A8-01,Section 1,1,-3.0,473.0,-40.68418884277344,solid,water_floor
A8-01,Section 1,1,-3.0,474.0,-38.781463623046875,solid,water_floor
A8-01,Section 1,1,-3.0,475.0,-39.91478729248047,solid,water_floor
A8-01,Section 1,1,-3.0,476.0,-43.053321838378906,solid,water_floor
A8-01,Section 1,1,-3.0,477.0,-29.123733520507812,solid,water_floor
A8-01,Section 1,1,-3.0,478.0,-34.23253631591797,solid,water_floor
A8-01,Section 1,1,-3.0,479.0,-29.054489135742188,solid,water_floor
A8-01,Section 1,1,-3.0,480.0,-38.96632385253906,solid,water_floor
A8-01,Section 1,1,-3.0,481.0,-32.89256286621094,solid,water_floor
A8-01,Section 1,1,-3.0,482.0,-38.69331741333008,solid,water_floor
A8-01,Section 1,1,-3.0,483.0,-21.513866424560547,solid,water_floor
A8-01,Section 1,1,-3.0,484.0,-30.1350040435791,solid,water_floor
A8-01,Section 1,1,-3.0,485.0,-23.3689022064209,solid,water_floor
A8-01,Section 1,1,-3.0,486.0,-19.777828216552734,solid,water_floor
A8-01,Section 1,1,-3.0,487.0,-14.063055992126465,solid,water_floor
A8-01,Section 1,1,-3.0,488.0,-11.045190811157227,solid,water_floor
A8-01,Section 1,1,-3.0,489.0,-11.446027755737305,solid,water_floor
A8-01,Section 1,1,-3.0,490.0,-14.726885795593262,solid,water_floor
A8-01,Section 1,1,-3.0,491.0,-13.298251152038574,solid,water_floor
A8-01,Section 1,1,-3.0,492.0,-5.110585689544678,solid,water_floor
A8-01,Section 1,1,-3.0,493.0,-5.583648681640625,solid,water_floor
A8-01,Section 1,1,-3.0,494.0,-4.335173606872559,solid,water_floor
A8-01,Section 1,1,-1.6215543746948242,495.0,-1.6215543746948242,solid,sampled
A8-01,Section 1,1,-1.9008738994598389,496.0,-1.9008738994598389,solid,sampled
A8-01,Section 1,1,-1.1449190378189087,497.0,-1.1449190378189087,solid,sampled
A8-01,Section 1,1,-0.9088448286056519,498.0,-0.9088448286056519,solid,sampled
A8-01,Section 1,1,-0.8683788776397705,499.0,-0.8683788776397705,solid,sampled
A8-01,Section 1,1,-0.8188884258270264,500.0,-0.8188884258270264,solid,sampled
A8-01,Section 1,1,-0.7675877213478088,501.0,-0.7675877213478088,solid,sampled
A8-01,Section 1,1,-0.6819182634353638,502.0,-0.6819182634353638,solid,sampled
A8-01,Section 1,1,-0.6397649049758911,503.0,-0.6397649049758911,solid,sampled
A8-01,Section 1,1,-0.6000919342041016,504.0,-0.6000919342041016,solid,sampled
A8-01,Section 1,1,-0.5419557094573975,505.0,-0.5419557094573975,solid,sampled
A8-01,Section 1,1,-0.4787972569465637,506.0,-0.4787972569465637,solid,sampled
A8-01,Section 1,1,-0.4476301670074463,507.0,-0.4476301670074463,solid,sampled
A8-01,Section 1,1,-0.4099635183811188,508.0,-0.4099635183811188,solid,sampled
A8-01,Section 1,1,-0.3511337637901306,509.0,-0.3511337637901306,solid,sampled
A8-01,Section 1,1,-0.30266809463500977,510.0,-0.30266809463500977,solid,sampled
A8-01,Section 1,1,-0.2361658811569214,511.0,-0.2361658811569214,solid,sampled
A8-01,Section 1,1,-0.16617195308208466,512.0,-0.16617195308208466,solid,sampled
A8-01,Section 1,1,-0.10166477411985397,513.0,-0.10166477411985397,solid,sampled
A8-01,Section 1,1,-0.014614492654800415,514.0,-0.014614492654800415,solid,sampled
A8-01,Section 1,1,0.08012032508850098,515.0,0.08012032508850098,solid,sampled
A8-01,Section 1,1,0.15053385496139526,516.0,0.15053385496139526,solid,sampled
A8-01,Section 1,1,0.27836695313453674,517.0,0.27836695313453674,solid,sampled
A8-01,Section 1,1,0.39530158042907715,518.0,0.39530158042907715,solid,sampled
A8-01,Section 1,1,0.5103328227996826,519.0,0.5103328227996826,solid,sampled
A8-01,Section 1,1,0.6278982162475586,520.0,0.6278982162475586,solid,sampled
A8-01,Section 1,1,0.7148508429527283,521.0,0.7148508429527283,solid,sampled
A8-01,Section 1,1,0.7882158160209656,522.0,0.7882158160209656,solid,sampled
A8-01,Section 1,1,0.8610861301422119,523.0,0.8610861301422119,solid,sampled
A8-01,Section 1,1,0.9219739437103271,524.0,0.9219739437103271,solid,sampled
A8-01,Section 1,1,0.9738569259643555,525.0,0.9738569259643555,solid,sampled
A8-01,Section 1,1,1.0193474292755127,526.0,1.0193474292755127,solid,sampled
A8-01,Section 1,1,1.0680150985717773,527.0,1.0680150985717773,solid,sampled
A8-01,Section 1,1,1.0961389541625977,528.0,1.0961389541625977,solid,sampled
A8-01,Section 1,1,1.235744833946228,529.0,1.235744833946228,solid,sampled
A8-01,Section 1,1,1.2250967025756836,530.0,1.2250967025756836,solid,sampled
A8-01,Section 1,1,1.2457616329193115,531.0,1.2457616329193115,solid,sampled
A8-01,Section 1,1,1.3141851425170898,532.0,1.3141851425170898,solid,sampled
A8-01,Section 1,1,1.4019891023635864,533.0,1.4019891023635864,solid,sampled
A8-01,Section 1,1,1.4183475971221924,534.0,1.4183475971221924,solid,sampled
A8-01,Section 1,1,1.4403667449951172,535.0,1.4403667449951172,solid,sampled
A8-01,Section 1,1,1.4857802391052246,536.0,1.4857802391052246,solid,sampled
A8-01,Section 1,1,1.5353574752807617,537.0,1.5353574752807617,solid,sampled
A8-01,Section 1,1,1.6020554304122925,538.0,1.6020554304122925,solid,sampled
A8-01,Section 1,1,1.693724513053894,539.0,1.693724513053894,solid,sampled
A8-01,Section 1,1,1.8010590076446533,540.0,1.8010590076446533,solid,sampled
A8-01,Section 1,1,1.9132490158081055,541.0,1.9132490158081055,solid,sampled
A8-01,Section 1,1,2.0398969650268555,542.0,2.0398969650268555,solid,sampled
A8-01,Section 1,1,2.1666691303253174,543.0,2.1666691303253174,solid,sampled
A8-01,Section 1,1,2.2985780239105225,544.0,2.2985780239105225,solid,sampled
A8-01,Section 1,1,3.7801084518432617,545.0,3.7801084518432617,solid,sampled
A8-01,Section 1,1,6.649308681488037,546.0,6.649308681488037,solid,sampled
A8-01,Section 1,1,10.277420997619629,547.0,10.277420997619629,solid,sampled
A8-01,Section 1,1,11.61897087097168,548.0,11.61897087097168,solid,sampled
A8-01,Section 1,1,12.017906188964844,549.0,12.017906188964844,solid,sampled
A8-01,Section 1,1,11.4204740524292,550.0,11.4204740524292,solid,sampled
A8-01,Section 1,1,10.97730827331543,551.0,10.97730827331543,solid,sampled
A8-01,Section 1,1,11.920923233032227,552.0,11.920923233032227,solid,sampled
A8-01,Section 1,1,12.320524215698242,553.0,12.320524215698242,solid,sampled
A8-01,Section 1,1,13.391688346862793,554.0,13.391688346862793,solid,sampled
A8-01,Section 1,1,13.749956130981445,555.0,13.749956130981445,solid,sampled
A8-01,Section 1,1,12.964678764343262,556.0,12.964678764343262,solid,sampled
A8-01,Section 1,1,12.331040382385254,557.0,12.331040382385254,solid,sampled
A8-01,Section 1,1,12.503727912902832,558.0,12.503727912902832,solid,sampled
A8-01,Section 1,1,12.90304946899414,559.0,12.90304946899414,solid,sampled
A8-01,Section 1,1,12.128011703491211,560.0,12.128011703491211,solid,sampled
A8-01,Section 1,1,11.167506217956543,561.0,11.167506217956543,solid,sampled
A8-01,Section 1,1,6.956334590911865,562.0,6.956334590911865,solid,sampled
A8-01,Section 1,1,6.902951717376709,563.0,6.902951717376709,solid,sampled
A8-01,Section 1,1,6.925563812255859,564.0,6.925563812255859,solid,sampled
A8-01,Section 1,1,6.93895959854126,565.0,6.93895959854126,solid,sampled
A8-01,Section 1,1,12.38254451751709,566.0,12.38254451751709,solid,sampled
A8-01,Section 1,1,12.374259948730469,567.0,12.374259948730469,solid,sampled
A8-01,Section 1,1,12.99108600616455,568.0,12.99108600616455,solid,sampled
A8-01,Section 1,1,12.283221244812012,569.0,12.283221244812012,solid,sampled
A8-01,Section 1,1,11.979456901550293,570.0,11.979456901550293,solid,sampled
A8-01,Section 1,1,14.546624183654785,571.0,14.546624183654785,solid,sampled
A8-01,Section 1,1,15.310763359069824,572.0,15.310763359069824,solid,sampled
A8-01,Section 1,1,14.93804931640625,573.0,14.93804931640625,solid,sampled
A8-01,Section 1,1,15.335378646850586,574.0,15.335378646850586,solid,sampled
A8-01,Section 1,1,15.575359344482422,575.0,15.575359344482422,solid,sampled
A8-01,Section 1,1,10.294720649719238,576.0,10.294720649719238,solid,sampled
A8-01,Section 1,1,10.25085735321045,577.0,10.25085735321045,solid,sampled
A8-01,Section 1,1,10.426982879638672,578.0,10.426982879638672,solid,sampled
A8-01,Section 1,1,10.579839706420898,579.0,10.579839706420898,solid,sampled
A8-01,Section 1,1,10.68460464477539,580.0,10.68460464477539,solid,sampled
A8-01,Section 1,1,10.774253845214844,581.0,10.774253845214844,solid,sampled
A8-01,Section 1,1,10.860730171203613,582.0,10.860730171203613,solid,sampled
A8-01,Section 1,1,10.97242546081543,583.0,10.97242546081543,solid,sampled
A8-01,Section 1,1,11.076301574707031,584.0,11.076301574707031,solid,sampled
A8-01,Section 1,1,11.201050758361816,585.0,11.201050758361816,solid,sampled
A8-01,Section 1,1,11.30109691619873,586.0,11.30109691619873,solid,sampled
A8-01,Section 1,1,11.432150840759277,587.0,11.432150840759277,solid,sampled
A8-01,Section 1,1,11.56401252746582,588.0,11.56401252746582,solid,sampled
A8-01,Section 1,1,11.732637405395508,589.0,11.732637405395508,solid,sampled
A8-01,Section 1,1,11.839919090270996,590.0,11.839919090270996,solid,sampled
A8-01,Section 1,1,12.08599853515625,591.0,12.08599853515625,solid,sampled
A8-01,Section 1,1,12.084517478942871,592.0,12.084517478942871,solid,sampled
A8-01,Section 1,1,12.243680000305176,593.0,12.243680000305176,solid,sampled
A8-01,Section 1,1,0.0,594.0,,dotted,null_fill
A8-01,Section 1,1,0.0,595.0,,dotted,null_fill
A8-01,Section 1,1,0.0,596.0,,dotted,null_fill
A8-01,Section 1,1,0.0,597.0,,dotted,null_fill
A8-01,Section 1,1,0.0,598.0,,dotted,null_fill
A8-01,Section 1,1,0.0,599.0,,dotted,null_fill
A8-01,Section 1,1,0.0,600.0,,dotted,null_fill
A8-01,Section 1,1,0.0,601.0,,dotted,null_fill
A8-01,Section 1,1,0.0,602.0,,dotted,null_fill
A8-01,Section 1,1,0.0,603.0,,dotted,null_fill
A8-01,Section 1,1,0.0,604.0,,dotted,null_fill
A8-01,Section 1,1,0.0,605.0,,dotted,null_fill
A8-01,Section 1,1,0.0,606.0,,dotted,null_fill
A8-01,Section 1,1,0.0,607.0,,dotted,null_fill
A8-01,Section 1,1,0.0,608.0,,dotted,null_fill
A8-01,Section 1,1,0.0,609.0,,dotted,null_fill
A8-01,Section 1,1,0.0,610.0,,dotted,null_fill
A8-01,Section 1,1,0.0,611.0,,dotted,null_fill
A8-01,Section 1,1,0.0,612.0,,dotted,null_fill
A8-01,Section 1,1,0.0,613.0,,dotted,null_fill
A8-01,Section 1,1,0.0,614.0,,dotted,null_fill
A8-01,Section 1,1,0.0,615.0,,dotted,null_fill
A8-01,Section 1,1,0.0,616.0,,dotted,null_fill
A8-01,Section 1,1,0.0,617.0,,dotted,null_fill
A8-01,Section 1,1,0.0,618.0,,dotted,null_fill
A8-01,Section 1,1,0.0,619.0,,dotted,null_fill
A8-01,Section 1,1,0.0,620.0,,dotted,null_fill
A8-02,Section 2,2,0.0,0.0,,dotted,null_fill
A8-02,Section 2,2,0.0,1.0,,dotted,null_fill
A8-02,Section 2,2,0.0,2.0,,dotted,null_fill
A8-02,Section 2,2,0.0,3.0,,dotted,null_fill
A8-02,Section 2,2,0.0,4.0,,dotted,null_fill
A8-02,Section 2,2,0.0,5.0,,dotted,null_fill
A8-02,Section 2,2,0.0,6.0,,dotted,null_fill
A8-02,Section 2,2,0.0,7.0,,dotted,null_fill
A8-02,Section 2,2,0.0,8.0,,dotted,null_fill
A8-02,Section 2,2,0.0,9.0,,dotted,null_fill
A8-02,Section 2,2,0.0,10.0,,dotted,null_fill
A8-02,Section 2,2,0.0,11.0,,dotted,null_fill
A8-02,Section 2,2,0.0,12.0,,dotted,null_fill
A8-02,Section 2,2,0.0,13.0,,dotted,null_fill
A8-02,Section 2,2,0.0,14.0,,dotted,null_fill
A8-02,Section 2,2,0.0,15.0,,dotted,null_fill
A8-02,Section 2,2,0.0,16.0,,dotted,null_fill
A8-02,Section 2,2,0.0,17.0,,dotted,null_fill
A8-02,Section 2,2,0.0,18.0,,dotted,null_fill
A8-02,Section 2,2,0.0,19.0,,dotted,null_fill
A8-02,Section 2,2,0.0,20.0,,dotted,null_fill
A8-02,Section 2,2,0.0,21.0,,dotted,null_fill
A8-02,Section 2,2,0.0,22.0,,dotted,null_fill
A8-02,Section 2,2,0.0,23.0,,dotted,null_fill
A8-02,Section 2,2,0.0,24.0,,dotted,null_fill
A8-02,Section 2,2,22.9520320892334,25.0,22.9520320892334,solid,sampled
A8-02,Section 2,2,22.37485122680664,26.0,22.37485122680664,solid,sampled
A8-02,Section 2,2,21.48789405822754,27.0,21.48789405822754,solid,sampled
A8-02,Section 2,2,20.927352905273438,28.0,20.927352905273438,solid,sampled
A8-02,Section 2,2,20.60630989074707,29.0,20.60630989074707,solid,sampled
A8-02,Section 2,2,17.377811431884766,30.0,17.377811431884766,solid,sampled
A8-02,Section 2,2,17.358097076416016,31.0,17.358097076416016,solid,sampled
A8-02,Section 2,2,9.264097213745117,32.0,9.264097213745117,solid,sampled
A8-02,Section 2,2,9.959732055664062,33.0,9.959732055664062,solid,sampled
A8-02,Section 2,2,10.075764656066895,34.0,10.075764656066895,solid,sampled
A8-02,Section 2,2,9.463692665100098,35.0,9.463692665100098,solid,sampled
A8-02,Section 2,2,9.356269836425781,36.0,9.356269836425781,solid,sampled
A8-02,Section 2,2,9.28211784362793,37.0,9.28211784362793,solid,sampled
A8-02,Section 2,2,9.265191078186035,38.0,9.265191078186035,solid,sampled
A8-02,Section 2,2,9.475313186645508,39.0,9.475313186645508,solid,sampled
A8-02,Section 2,2,9.340349197387695,40.0,9.340349197387695,solid,sampled
A8-02,Section 2,2,9.170385360717773,41.0,9.170385360717773,solid,sampled
A8-02,Section 2,2,8.90861701965332,42.0,8.90861701965332,solid,sampled
A8-02,Section 2,2,16.782939910888672,43.0,16.782939910888672,solid,sampled
A8-02,Section 2,2,16.34508514404297,44.0,16.34508514404297,solid,sampled
A8-02,Section 2,2,5.664539337158203,45.0,5.664539337158203,solid,sampled
A8-02,Section 2,2,4.479508876800537,46.0,4.479508876800537,solid,sampled
A8-02,Section 2,2,3.9308342933654785,47.0,3.9308342933654785,solid,sampled
A8-02,Section 2,2,3.7647480964660645,48.0,3.7647480964660645,solid,sampled
A8-02,Section 2,2,3.611546754837036,49.0,3.611546754837036,solid,sampled
A8-02,Section 2,2,3.5055036544799805,50.0,3.5055036544799805,solid,sampled
A8-02,Section 2,2,3.561347007751465,51.0,3.561347007751465,solid,sampled
A8-02,Section 2,2,3.581360340118408,52.0,3.581360340118408,solid,sampled
A8-02,Section 2,2,3.455260992050171,53.0,3.455260992050171,solid,sampled
A8-02,Section 2,2,3.4163904190063477,54.0,3.4163904190063477,solid,sampled
A8-02,Section 2,2,3.1057162284851074,55.0,3.1057162284851074,solid,sampled
A8-02,Section 2,2,3.094310760498047,56.0,3.094310760498047,solid,sampled
A8-02,Section 2,2,2.699151039123535,57.0,2.699151039123535,solid,sampled
A8-02,Section 2,2,2.853024959564209,58.0,2.853024959564209,solid,sampled
A8-02,Section 2,2,2.5583314895629883,59.0,2.5583314895629883,solid,sampled
A8-02,Section 2,2,2.94685697555542,60.0,2.94685697555542,solid,sampled
A8-02,Section 2,2,2.939288377761841,61.0,2.939288377761841,solid,sampled
A8-02,Section 2,2,3.2667903900146484,62.0,3.2667903900146484,solid,sampled
A8-02,Section 2,2,3.3325862884521484,63.0,3.3325862884521484,solid,sampled
A8-02,Section 2,2,3.178114175796509,64.0,3.178114175796509,solid,sampled
A8-02,Section 2,2,3.135887622833252,65.0,3.135887622833252,solid,sampled
A8-02,Section 2,2,3.120194911956787,66.0,3.120194911956787,solid,sampled
A8-02,Section 2,2,3.2015066146850586,67.0,3.2015066146850586,solid,sampled
A8-02,Section 2,2,3.2374539375305176,68.0,3.2374539375305176,solid,sampled
A8-02,Section 2,2,3.2396340370178223,69.0,3.2396340370178223,solid,sampled
A8-02,Section 2,2,3.2325470447540283,70.0,3.2325470447540283,solid,sampled
A8-02,Section 2,2,3.130413055419922,71.0,3.130413055419922,solid,sampled
A8-02,Section 2,2,3.030277729034424,72.0,3.030277729034424,solid,sampled
A8-02,Section 2,2,2.8919010162353516,73.0,2.8919010162353516,solid,sampled
A8-02,Section 2,2,2.8783373832702637,74.0,2.8783373832702637,solid,sampled
A8-02,Section 2,2,2.973471164703369,75.0,2.973471164703369,solid,sampled
A8-02,Section 2,2,2.8202004432678223,76.0,2.8202004432678223,solid,sampled
A8-02,Section 2,2,2.8362464904785156,77.0,2.8362464904785156,solid,sampled
A8-02,Section 2,2,2.766855478286743,78.0,2.766855478286743,solid,sampled
A8-02,Section 2,2,2.7769815921783447,79.0,2.7769815921783447,solid,sampled
A8-02,Section 2,2,2.703418254852295,80.0,2.703418254852295,solid,sampled
A8-02,Section 2,2,2.6646955013275146,81.0,2.6646955013275146,solid,sampled
A8-02,Section 2,2,2.4563612937927246,82.0,2.4563612937927246,solid,sampled
A8-02,Section 2,2,2.4691574573516846,83.0,2.4691574573516846,solid,sampled
A8-02,Section 2,2,2.470186710357666,84.0,2.470186710357666,solid,sampled
A8-02,Section 2,2,2.452078342437744,85.0,2.452078342437744,solid,sampled
A8-02,Section 2,2,2.431359052658081,86.0,2.431359052658081,solid,sampled
A8-02,Section 2,2,2.4162182807922363,87.0,2.4162182807922363,solid,sampled
A8-02,Section 2,2,2.4034295082092285,88.0,2.4034295082092285,solid,sampled
A8-02,Section 2,2,2.404139518737793,89.0,2.404139518737793,solid,sampled
A8-02,Section 2,2,2.3962888717651367,90.0,2.3962888717651367,solid,sampled
A8-02,Section 2,2,2.4127063751220703,91.0,2.4127063751220703,solid,sampled
A8-02,Section 2,2,2.4232542514801025,92.0,2.4232542514801025,solid,sampled
A8-02,Section 2,2,2.4550180435180664,93.0,2.4550180435180664,solid,sampled
A8-02,Section 2,2,2.464907169342041,94.0,2.464907169342041,solid,sampled
A8-02,Section 2,2,2.492694854736328,95.0,2.492694854736328,solid,sampled
A8-02,Section 2,2,2.4946272373199463,96.0,2.4946272373199463,solid,sampled
A8-02,Section 2,2,2.508180618286133,97.0,2.508180618286133,solid,sampled
A8-02,Section 2,2,2.5204954147338867,98.0,2.5204954147338867,solid,sampled
A8-02,Section 2,2,2.530771493911743,99.0,2.530771493911743,solid,sampled
A8-02,Section 2,2,2.5488381385803223,100.0,2.5488381385803223,solid,sampled
A8-02,Section 2,2,2.5578413009643555,101.0,2.5578413009643555,solid,sampled
A8-02,Section 2,2,2.566659450531006,102.0,2.566659450531006,solid,sampled
A8-02,Section 2,2,2.5745697021484375,103.0,2.5745697021484375,solid,sampled
A8-02,Section 2,2,2.570577383041382,104.0,2.570577383041382,solid,sampled
A8-02,Section 2,2,2.5867016315460205,105.0,2.5867016315460205,solid,sampled
A8-02,Section 2,2,2.6103527545928955,106.0,2.6103527545928955,solid,sampled
A8-02,Section 2,2,2.7226569652557373,107.0,2.7226569652557373,solid,sampled
A8-02,Section 2,2,2.8267719745635986,108.0,2.8267719745635986,solid,sampled
A8-02,Section 2,2,2.864549160003662,109.0,2.864549160003662,solid,sampled
A8-02,Section 2,2,2.932974338531494,110.0,2.932974338531494,solid,sampled
A8-02,Section 2,2,2.8923428058624268,111.0,2.8923428058624268,solid,sampled
A8-02,Section 2,2,2.919130563735962,112.0,2.919130563735962,solid,sampled
A8-02,Section 2,2,2.911844253540039,113.0,2.911844253540039,solid,sampled
A8-02,Section 2,2,2.8309178352355957,114.0,2.8309178352355957,solid,sampled
A8-02,Section 2,2,2.9216678142547607,115.0,2.9216678142547607,solid,sampled
A8-02,Section 2,2,2.93389630317688,116.0,2.93389630317688,solid,sampled
A8-02,Section 2,2,2.873269557952881,117.0,2.873269557952881,solid,sampled
A8-02,Section 2,2,2.8907909393310547,118.0,2.8907909393310547,solid,sampled
A8-02,Section 2,2,2.9655168056488037,119.0,2.9655168056488037,solid,sampled
A8-02,Section 2,2,2.8606648445129395,120.0,2.8606648445129395,solid,sampled
A8-02,Section 2,2,2.931199073791504,121.0,2.931199073791504,solid,sampled
A8-02,Section 2,2,2.8422999382019043,122.0,2.8422999382019043,solid,sampled
A8-02,Section 2,2,2.8253588676452637,123.0,2.8253588676452637,solid,sampled
A8-02,Section 2,2,2.7764651775360107,124.0,2.7764651775360107,solid,sampled
A8-02,Section 2,2,2.6109459400177,125.0,2.6109459400177,solid,sampled
A8-02,Section 2,2,2.520601272583008,126.0,2.520601272583008,solid,sampled
A8-02,Section 2,2,2.3523073196411133,127.0,2.3523073196411133,solid,sampled
A8-02,Section 2,2,2.3804054260253906,128.0,2.3804054260253906,solid,sampled
A8-02,Section 2,2,2.391328811645508,129.0,2.391328811645508,solid,sampled
A8-02,Section 2,2,2.4277687072753906,130.0,2.4277687072753906,solid,sampled
A8-02,Section 2,2,2.4776549339294434,131.0,2.4776549339294434,solid,sampled
A8-02,Section 2,2,2.5335943698883057,132.0,2.5335943698883057,solid,sampled
A8-02,Section 2,2,2.5531835556030273,133.0,2.5531835556030273,solid,sampled
A8-02,Section 2,2,2.5943026542663574,134.0,2.5943026542663574,solid,sampled
A8-02,Section 2,2,2.4902806282043457,135.0,2.4902806282043457,solid,sampled
A8-02,Section 2,2,2.435228109359741,136.0,2.435228109359741,solid,sampled
A8-02,Section 2,2,2.5562822818756104,137.0,2.5562822818756104,solid,sampled
A8-02,Section 2,2,2.494192123413086,138.0,2.494192123413086,solid,sampled
A8-02,Section 2,2,2.2754342555999756,139.0,2.2754342555999756,solid,sampled
A8-02,Section 2,2,2.2085533142089844,140.0,2.2085533142089844,solid,sampled
A8-02,Section 2,2,2.1907095909118652,141.0,2.1907095909118652,solid,sampled
A8-02,Section 2,2,2.190802574157715,142.0,2.190802574157715,solid,sampled
A8-02,Section 2,2,2.1910605430603027,143.0,2.1910605430603027,solid,sampled
A8-02,Section 2,2,2.157118797302246,144.0,2.157118797302246,solid,sampled
A8-02,Section 2,2,2.176729202270508,145.0,2.176729202270508,solid,sampled
A8-02,Section 2,2,2.1934027671813965,146.0,2.1934027671813965,solid,sampled
A8-02,Section 2,2,2.2187674045562744,147.0,2.2187674045562744,solid,sampled
A8-02,Section 2,2,2.2474586963653564,148.0,2.2474586963653564,solid,sampled
A8-02,Section 2,2,2.253744602203369,149.0,2.253744602203369,solid,sampled
A8-02,Section 2,2,2.271030902862549,150.0,2.271030902862549,solid,sampled
A8-02,Section 2,2,2.276840925216675,151.0,2.276840925216675,solid,sampled
A8-02,Section 2,2,2.282792568206787,152.0,2.282792568206787,solid,sampled
A8-02,Section 2,2,2.2865748405456543,153.0,2.2865748405456543,solid,sampled
A8-02,Section 2,2,2.287479877471924,154.0,2.287479877471924,solid,sampled
A8-02,Section 2,2,2.2989916801452637,155.0,2.2989916801452637,solid,sampled
A8-02,Section 2,2,2.3110432624816895,156.0,2.3110432624816895,solid,sampled
A8-02,Section 2,2,2.319571018218994,157.0,2.319571018218994,solid,sampled
A8-02,Section 2,2,2.341097831726074,158.0,2.341097831726074,solid,sampled
A8-02,Section 2,2,2.35084867477417,159.0,2.35084867477417,solid,sampled
A8-02,Section 2,2,2.3791608810424805,160.0,2.3791608810424805,solid,sampled
A8-02,Section 2,2,2.3820295333862305,161.0,2.3820295333862305,solid,sampled
A8-02,Section 2,2,2.4124085903167725,162.0,2.4124085903167725,solid,sampled
A8-02,Section 2,2,2.41615629196167,163.0,2.41615629196167,solid,sampled
A8-02,Section 2,2,2.4528002738952637,164.0,2.4528002738952637,solid,sampled
A8-02,Section 2,2,2.4572691917419434,165.0,2.4572691917419434,solid,sampled
A8-02,Section 2,2,2.484846830368042,166.0,2.484846830368042,solid,sampled
A8-02,Section 2,2,2.505467176437378,167.0,2.505467176437378,solid,sampled
A8-02,Section 2,2,2.5051138401031494,168.0,2.5051138401031494,solid,sampled
A8-02,Section 2,2,2.525038719177246,169.0,2.525038719177246,solid,sampled
A8-02,Section 2,2,2.547800064086914,170.0,2.547800064086914,solid,sampled
A8-02,Section 2,2,2.546583890914917,171.0,2.546583890914917,solid,sampled
A8-02,Section 2,2,2.5493576526641846,172.0,2.5493576526641846,solid,sampled
A8-02,Section 2,2,2.552668571472168,173.0,2.552668571472168,solid,sampled
A8-02,Section 2,2,2.5521039962768555,174.0,2.5521039962768555,solid,sampled
A8-02,Section 2,2,2.543433904647827,175.0,2.543433904647827,solid,sampled
A8-02,Section 2,2,2.5462663173675537,176.0,2.5462663173675537,solid,sampled
A8-02,Section 2,2,2.5503411293029785,177.0,2.5503411293029785,solid,sampled
A8-02,Section 2,2,2.5350160598754883,178.0,2.5350160598754883,solid,sampled
A8-02,Section 2,2,2.528970241546631,179.0,2.528970241546631,solid,sampled
A8-02,Section 2,2,2.514634370803833,180.0,2.514634370803833,solid,sampled
A8-02,Section 2,2,2.509784460067749,181.0,2.509784460067749,solid,sampled
A8-02,Section 2,2,2.5003507137298584,182.0,2.5003507137298584,solid,sampled
A8-02,Section 2,2,2.4852800369262695,183.0,2.4852800369262695,solid,sampled
A8-02,Section 2,2,2.493184804916382,184.0,2.493184804916382,solid,sampled
A8-02,Section 2,2,2.490400791168213,185.0,2.490400791168213,solid,sampled
A8-02,Section 2,2,2.5035464763641357,186.0,2.5035464763641357,solid,sampled
A8-02,Section 2,2,2.522390127182007,187.0,2.522390127182007,solid,sampled
A8-02,Section 2,2,2.7314865589141846,188.0,2.7314865589141846,solid,sampled
A8-02,Section 2,2,2.8012142181396484,189.0,2.8012142181396484,solid,sampled
A8-02,Section 2,2,2.737673282623291,190.0,2.737673282623291,solid,sampled
A8-02,Section 2,2,2.7636213302612305,191.0,2.7636213302612305,solid,sampled
A8-02,Section 2,2,2.7243800163269043,192.0,2.7243800163269043,solid,sampled
A8-02,Section 2,2,2.7550482749938965,193.0,2.7550482749938965,solid,sampled
A8-02,Section 2,2,2.972048759460449,194.0,2.972048759460449,solid,sampled
A8-02,Section 2,2,2.8478846549987793,195.0,2.8478846549987793,solid,sampled
A8-02,Section 2,2,2.7468490600585938,196.0,2.7468490600585938,solid,sampled
A8-02,Section 2,2,2.7610936164855957,197.0,2.7610936164855957,solid,sampled
A8-02,Section 2,2,2.7751336097717285,198.0,2.7751336097717285,solid,sampled
A8-02,Section 2,2,2.8600502014160156,199.0,2.8600502014160156,solid,sampled
A8-02,Section 2,2,2.903202533721924,200.0,2.903202533721924,solid,sampled
A8-02,Section 2,2,2.813206911087036,201.0,2.813206911087036,solid,sampled
A8-02,Section 2,2,2.7024505138397217,202.0,2.7024505138397217,solid,sampled
A8-02,Section 2,2,2.6424262523651123,203.0,2.6424262523651123,solid,sampled
A8-02,Section 2,2,2.783977746963501,204.0,2.783977746963501,solid,sampled
A8-02,Section 2,2,2.801596164703369,205.0,2.801596164703369,solid,sampled
A8-02,Section 2,2,2.8507778644561768,206.0,2.8507778644561768,solid,sampled
A8-02,Section 2,2,2.9472763538360596,207.0,2.9472763538360596,solid,sampled
A8-02,Section 2,2,3.0717222690582275,208.0,3.0717222690582275,solid,sampled
A8-02,Section 2,2,3.118506669998169,209.0,3.118506669998169,solid,sampled
A8-02,Section 2,2,3.0516586303710938,210.0,3.0516586303710938,solid,sampled
A8-02,Section 2,2,2.9961776733398438,211.0,2.9961776733398438,solid,sampled
A8-02,Section 2,2,3.0434958934783936,212.0,3.0434958934783936,solid,sampled
A8-02,Section 2,2,2.935328960418701,213.0,2.935328960418701,solid,sampled
A8-02,Section 2,2,2.912970781326294,214.0,2.912970781326294,solid,sampled
A8-02,Section 2,2,2.909140110015869,215.0,2.909140110015869,solid,sampled
A8-02,Section 2,2,2.9388365745544434,216.0,2.9388365745544434,solid,sampled
A8-02,Section 2,2,2.953007221221924,217.0,2.953007221221924,solid,sampled
A8-02,Section 2,2,2.9160614013671875,218.0,2.9160614013671875,solid,sampled
A8-02,Section 2,2,2.9273157119750977,219.0,2.9273157119750977,solid,sampled
A8-02,Section 2,2,2.9296376705169678,220.0,2.9296376705169678,solid,sampled
A8-02,Section 2,2,2.8968422412872314,221.0,2.8968422412872314,solid,sampled
A8-02,Section 2,2,2.915001392364502,222.0,2.915001392364502,solid,sampled
A8-02,Section 2,2,2.8810548782348633,223.0,2.8810548782348633,solid,sampled
A8-02,Section 2,2,2.8699288368225098,224.0,2.8699288368225098,solid,sampled
A8-02,Section 2,2,2.8101632595062256,225.0,2.8101632595062256,solid,sampled
A8-02,Section 2,2,2.7866601943969727,226.0,2.7866601943969727,solid,sampled
A8-02,Section 2,2,2.774756908416748,227.0,2.774756908416748,solid,sampled
A8-02,Section 2,2,2.7603023052215576,228.0,2.7603023052215576,solid,sampled
A8-02,Section 2,2,2.6874260902404785,229.0,2.6874260902404785,solid,sampled
A8-02,Section 2,2,2.6436197757720947,230.0,2.6436197757720947,solid,sampled
A8-02,Section 2,2,2.5942468643188477,231.0,2.5942468643188477,solid,sampled
A8-02,Section 2,2,2.5849552154541016,232.0,2.5849552154541016,solid,sampled
A8-02,Section 2,2,2.5076956748962402,233.0,2.5076956748962402,solid,sampled
A8-02,Section 2,2,2.489699602127075,234.0,2.489699602127075,solid,sampled
A8-02,Section 2,2,2.403768539428711,235.0,2.403768539428711,solid,sampled
A8-02,Section 2,2,2.320077419281006,236.0,2.320077419281006,solid,sampled
A8-02,Section 2,2,2.2493152618408203,237.0,2.2493152618408203,solid,sampled
A8-02,Section 2,2,2.227688789367676,238.0,2.227688789367676,solid,sampled
A8-02,Section 2,2,2.205429792404175,239.0,2.205429792404175,solid,sampled
A8-02,Section 2,2,2.169987678527832,240.0,2.169987678527832,solid,sampled
A8-02,Section 2,2,2.119779348373413,241.0,2.119779348373413,solid,sampled
A8-02,Section 2,2,2.073158025741577,242.0,2.073158025741577,solid,sampled
A8-02,Section 2,2,2.0003504753112793,243.0,2.0003504753112793,solid,sampled
A8-02,Section 2,2,1.9666904211044312,244.0,1.9666904211044312,solid,sampled
A8-02,Section 2,2,1.9123345613479614,245.0,1.9123345613479614,solid,sampled
A8-02,Section 2,2,1.868971824645996,246.0,1.868971824645996,solid,sampled
A8-02,Section 2,2,1.8403704166412354,247.0,1.8403704166412354,solid,sampled
A8-02,Section 2,2,1.8005218505859375,248.0,1.8005218505859375,solid,sampled
A8-02,Section 2,2,1.7685368061065674,249.0,1.7685368061065674,solid,sampled
A8-02,Section 2,2,1.7472913265228271,250.0,1.7472913265228271,solid,sampled
A8-02,Section 2,2,1.7336753606796265,251.0,1.7336753606796265,solid,sampled
A8-02,Section 2,2,1.7111170291900635,252.0,1.7111170291900635,solid,sampled
A8-02,Section 2,2,1.685712456703186,253.0,1.685712456703186,solid,sampled
A8-02,Section 2,2,1.644173502922058,254.0,1.644173502922058,solid,sampled
A8-02,Section 2,2,1.6046348810195923,255.0,1.6046348810195923,solid,sampled
A8-02,Section 2,2,1.5626952648162842,256.0,1.5626952648162842,solid,sampled
A8-02,Section 2,2,1.5292961597442627,257.0,1.5292961597442627,solid,sampled
A8-02,Section 2,2,1.4906296730041504,258.0,1.4906296730041504,solid,sampled
A8-02,Section 2,2,1.504375696182251,259.0,1.504375696182251,solid,sampled
A8-02,Section 2,2,1.4837007522583008,260.0,1.4837007522583008,solid,sampled
A8-02,Section 2,2,1.4809575080871582,261.0,1.4809575080871582,solid,sampled
A8-02,Section 2,2,1.5301796197891235,262.0,1.5301796197891235,solid,sampled
A8-02,Section 2,2,1.6344215869903564,263.0,1.6344215869903564,solid,sampled
A8-02,Section 2,2,1.78715980052948,264.0,1.78715980052948,solid,sampled
A8-02,Section 2,2,1.9301955699920654,265.0,1.9301955699920654,solid,sampled
A8-02,Section 2,2,2.034909248352051,266.0,2.034909248352051,solid,sampled
A8-02,Section 2,2,2.058624505996704,267.0,2.058624505996704,solid,sampled
A8-02,Section 2,2,2.096064805984497,268.0,2.096064805984497,solid,sampled
A8-02,Section 2,2,2.118220329284668,269.0,2.118220329284668,solid,sampled
A8-02,Section 2,2,2.137922763824463,270.0,2.137922763824463,solid,sampled
A8-02,Section 2,2,2.1594324111938477,271.0,2.1594324111938477,solid,sampled
A8-02,Section 2,2,2.169929027557373,272.0,2.169929027557373,solid,sampled
A8-02,Section 2,2,2.174828290939331,273.0,2.174828290939331,solid,sampled
A8-02,Section 2,2,2.183039665222168,274.0,2.183039665222168,solid,sampled
A8-02,Section 2,2,2.200037717819214,275.0,2.200037717819214,solid,sampled
A8-02,Section 2,2,2.19903302192688,276.0,2.19903302192688,solid,sampled
A8-02,Section 2,2,2.188032388687134,277.0,2.188032388687134,solid,sampled
A8-02,Section 2,2,2.1971750259399414,278.0,2.1971750259399414,solid,sampled
A8-02,Section 2,2,2.1990244388580322,279.0,2.1990244388580322,solid,sampled
A8-02,Section 2,2,2.202155113220215,280.0,2.202155113220215,solid,sampled
A8-02,Section 2,2,2.201742172241211,281.0,2.201742172241211,solid,sampled
A8-02,Section 2,2,2.2162561416625977,282.0,2.2162561416625977,solid,sampled
A8-02,Section 2,2,2.213444709777832,283.0,2.213444709777832,solid,sampled
A8-02,Section 2,2,2.22131085395813,284.0,2.22131085395813,solid,sampled
A8-02,Section 2,2,2.195751190185547,285.0,2.195751190185547,solid,sampled
A8-02,Section 2,2,2.219562530517578,286.0,2.219562530517578,solid,sampled
A8-02,Section 2,2,2.197206497192383,287.0,2.197206497192383,solid,sampled
A8-02,Section 2,2,2.1838486194610596,288.0,2.1838486194610596,solid,sampled
A8-02,Section 2,2,2.1827168464660645,289.0,2.1827168464660645,solid,sampled
A8-02,Section 2,2,2.173982620239258,290.0,2.173982620239258,solid,sampled
A8-02,Section 2,2,2.169739007949829,291.0,2.169739007949829,solid,sampled
A8-02,Section 2,2,2.161682605743408,292.0,2.161682605743408,solid,sampled
A8-02,Section 2,2,2.16099214553833,293.0,2.16099214553833,solid,sampled
A8-02,Section 2,2,2.146042823791504,294.0,2.146042823791504,solid,sampled
A8-02,Section 2,2,2.1335268020629883,295.0,2.1335268020629883,solid,sampled
A8-02,Section 2,2,2.1312954425811768,296.0,2.1312954425811768,solid,sampled
A8-02,Section 2,2,2.1286771297454834,297.0,2.1286771297454834,solid,sampled
A8-02,Section 2,2,2.1153271198272705,298.0,2.1153271198272705,solid,sampled
A8-02,Section 2,2,2.12111759185791,299.0,2.12111759185791,solid,sampled
A8-02,Section 2,2,2.111473560333252,300.0,2.111473560333252,solid,sampled
A8-02,Section 2,2,2.1117770671844482,301.0,2.1117770671844482,solid,sampled
A8-02,Section 2,2,2.102423906326294,302.0,2.102423906326294,solid,sampled
A8-02,Section 2,2,2.101558208465576,303.0,2.101558208465576,solid,sampled
A8-02,Section 2,2,2.1171762943267822,304.0,2.1171762943267822,solid,sampled
A8-02,Section 2,2,2.10599946975708,305.0,2.10599946975708,solid,sampled
A8-02,Section 2,2,2.080935478210449,306.0,2.080935478210449,solid,sampled
A8-02,Section 2,2,2.0823895931243896,307.0,2.0823895931243896,solid,sampled
A8-02,Section 2,2,2.076343059539795,308.0,2.076343059539795,solid,sampled
A8-02,Section 2,2,2.073961019515991,309.0,2.073961019515991,solid,sampled
A8-02,Section 2,2,2.068178176879883,310.0,2.068178176879883,solid,sampled
A8-02,Section 2,2,2.0701260566711426,311.0,2.0701260566711426,solid,sampled
A8-02,Section 2,2,2.0547242164611816,312.0,2.0547242164611816,solid,sampled
A8-02,Section 2,2,2.060969352722168,313.0,2.060969352722168,solid,sampled
A8-02,Section 2,2,2.0537240505218506,314.0,2.0537240505218506,solid,sampled
A8-02,Section 2,2,2.0667998790740967,315.0,2.0667998790740967,solid,sampled
A8-02,Section 2,2,2.044720411300659,316.0,2.044720411300659,solid,sampled
A8-02,Section 2,2,2.028578281402588,317.0,2.028578281402588,solid,sampled
A8-02,Section 2,2,2.0312485694885254,318.0,2.0312485694885254,solid,sampled
A8-02,Section 2,2,2.0429604053497314,319.0,2.0429604053497314,solid,sampled
A8-02,Section 2,2,2.0257482528686523,320.0,2.0257482528686523,solid,sampled
A8-02,Section 2,2,2.026914119720459,321.0,2.026914119720459,solid,sampled
A8-02,Section 2,2,2.031381130218506,322.0,2.031381130218506,solid,sampled
A8-02,Section 2,2,2.0303244590759277,323.0,2.0303244590759277,solid,sampled
A8-02,Section 2,2,2.0262413024902344,324.0,2.0262413024902344,solid,sampled
A8-02,Section 2,2,2.0157203674316406,325.0,2.0157203674316406,solid,sampled
A8-02,Section 2,2,2.0222201347351074,326.0,2.0222201347351074,solid,sampled
A8-02,Section 2,2,2.023980140686035,327.0,2.023980140686035,solid,sampled
A8-02,Section 2,2,2.0276896953582764,328.0,2.0276896953582764,solid,sampled
A8-02,Section 2,2,2.0213351249694824,329.0,2.0213351249694824,solid,sampled
A8-02,Section 2,2,2.0063555240631104,330.0,2.0063555240631104,solid,sampled
A8-02,Section 2,2,2.0259952545166016,331.0,2.0259952545166016,solid,sampled
A8-02,Section 2,2,2.0129714012145996,332.0,2.0129714012145996,solid,sampled
A8-02,Section 2,2,2.0053210258483887,333.0,2.0053210258483887,solid,sampled
A8-02,Section 2,2,2.0001959800720215,334.0,2.0001959800720215,solid,sampled
A8-02,Section 2,2,1.996795892715454,335.0,1.996795892715454,solid,sampled
A8-02,Section 2,2,2.0009186267852783,336.0,2.0009186267852783,solid,sampled
A8-02,Section 2,2,1.9810876846313477,337.0,1.9810876846313477,solid,sampled
A8-02,Section 2,2,1.9782310724258423,338.0,1.9782310724258423,solid,sampled
A8-02,Section 2,2,1.988000750541687,339.0,1.988000750541687,solid,sampled
A8-02,Section 2,2,1.9728833436965942,340.0,1.9728833436965942,solid,sampled
A8-02,Section 2,2,1.9672014713287354,341.0,1.9672014713287354,solid,sampled
A8-02,Section 2,2,1.9709835052490234,342.0,1.9709835052490234,solid,sampled
A8-02,Section 2,2,1.9643714427947998,343.0,1.9643714427947998,solid,sampled
A8-02,Section 2,2,1.969050407409668,344.0,1.969050407409668,solid,sampled
A8-02,Section 2,2,1.9744856357574463,345.0,1.9744856357574463,solid,sampled
A8-02,Section 2,2,1.9664723873138428,346.0,1.9664723873138428,solid,sampled
A8-02,Section 2,2,1.956146240234375,347.0,1.956146240234375,solid,sampled
A8-02,Section 2,2,1.9565725326538086,348.0,1.9565725326538086,solid,sampled
A8-02,Section 2,2,1.9474788904190063,349.0,1.9474788904190063,solid,sampled
A8-02,Section 2,2,1.9528617858886719,350.0,1.9528617858886719,solid,sampled
A8-02,Section 2,2,1.9558806419372559,351.0,1.9558806419372559,solid,sampled
A8-02,Section 2,2,1.9343807697296143,352.0,1.9343807697296143,solid,sampled
A8-02,Section 2,2,1.9337012767791748,353.0,1.9337012767791748,solid,sampled
A8-02,Section 2,2,1.9486359357833862,354.0,1.9486359357833862,solid,sampled
A8-02,Section 2,2,1.9473109245300293,355.0,1.9473109245300293,solid,sampled
A8-02,Section 2,2,1.9450104236602783,356.0,1.9450104236602783,solid,sampled
A8-02,Section 2,2,1.9446779489517212,357.0,1.9446779489517212,solid,sampled
A8-02,Section 2,2,1.933051586151123,358.0,1.933051586151123,solid,sampled
A8-02,Section 2,2,1.9208426475524902,359.0,1.9208426475524902,solid,sampled
A8-02,Section 2,2,1.9241163730621338,360.0,1.9241163730621338,solid,sampled
A8-02,Section 2,2,1.919945240020752,361.0,1.919945240020752,solid,sampled
A8-02,Section 2,2,1.9092721939086914,362.0,1.9092721939086914,solid,sampled
A8-02,Section 2,2,1.9195406436920166,363.0,1.9195406436920166,solid,sampled
A8-02,Section 2,2,1.910400390625,364.0,1.910400390625,solid,sampled
A8-02,Section 2,2,1.909409999847412,365.0,1.909409999847412,solid,sampled
A8-02,Section 2,2,1.9015010595321655,366.0,1.9015010595321655,solid,sampled
A8-02,Section 2,2,1.8945133686065674,367.0,1.8945133686065674,solid,sampled
A8-02,Section 2,2,1.89633047580719,368.0,1.89633047580719,solid,sampled
A8-02,Section 2,2,1.891592025756836,369.0,1.891592025756836,solid,sampled
A8-02,Section 2,2,1.888484001159668,370.0,1.888484001159668,solid,sampled
A8-02,Section 2,2,1.8946294784545898,371.0,1.8946294784545898,solid,sampled
A8-02,Section 2,2,1.8831173181533813,372.0,1.8831173181533813,solid,sampled
A8-02,Section 2,2,1.880103349685669,373.0,1.880103349685669,solid,sampled
A8-02,Section 2,2,1.8849155902862549,374.0,1.8849155902862549,solid,sampled
A8-02,Section 2,2,1.8814568519592285,375.0,1.8814568519592285,solid,sampled
A8-02,Section 2,2,1.8696099519729614,376.0,1.8696099519729614,solid,sampled
A8-02,Section 2,2,1.8755720853805542,377.0,1.8755720853805542,solid,sampled
A8-02,Section 2,2,1.8794819116592407,378.0,1.8794819116592407,solid,sampled
A8-02,Section 2,2,1.868585228919983,379.0,1.868585228919983,solid,sampled
A8-02,Section 2,2,1.8626720905303955,380.0,1.8626720905303955,solid,sampled
A8-02,Section 2,2,1.8675806522369385,381.0,1.8675806522369385,solid,sampled
A8-02,Section 2,2,1.8636451959609985,382.0,1.8636451959609985,solid,sampled
A8-02,Section 2,2,1.8659145832061768,383.0,1.8659145832061768,solid,sampled
A8-02,Section 2,2,1.8628357648849487,384.0,1.8628357648849487,solid,sampled
A8-02,Section 2,2,1.859407663345337,385.0,1.859407663345337,solid,sampled
A8-02,Section 2,2,1.8491588830947876,386.0,1.8491588830947876,solid,sampled
A8-02,Section 2,2,1.8441025018692017,387.0,1.8441025018692017,solid,sampled
A8-02,Section 2,2,1.8411383628845215,388.0,1.8411383628845215,solid,sampled
A8-02,Section 2,2,1.8510133028030396,389.0,1.8510133028030396,solid,sampled
A8-02,Section 2,2,1.8468658924102783,390.0,1.8468658924102783,solid,sampled
A8-02,Section 2,2,1.8459707498550415,391.0,1.8459707498550415,solid,sampled
A8-02,Section 2,2,1.8425066471099854,392.0,1.8425066471099854,solid,sampled
A8-02,Section 2,2,1.8235080242156982,393.0,1.8235080242156982,solid,sampled
A8-02,Section 2,2,1.834615707397461,394.0,1.834615707397461,solid,sampled
A8-02,Section 2,2,1.8271169662475586,395.0,1.8271169662475586,solid,sampled
A8-02,Section 2,2,1.8304475545883179,396.0,1.8304475545883179,solid,sampled
A8-02,Section 2,2,1.828158974647522,397.0,1.828158974647522,solid,sampled
A8-02,Section 2,2,1.8277883529663086,398.0,1.8277883529663086,solid,sampled
A8-02,Section 2,2,1.8282570838928223,399.0,1.8282570838928223,solid,sampled
A8-02,Section 2,2,1.8315796852111816,400.0,1.8315796852111816,solid,sampled
A8-02,Section 2,2,1.8219140768051147,401.0,1.8219140768051147,solid,sampled
A8-02,Section 2,2,1.8090996742248535,402.0,1.8090996742248535,solid,sampled
A8-02,Section 2,2,1.822618007659912,403.0,1.822618007659912,solid,sampled
A8-02,Section 2,2,1.8172447681427002,404.0,1.8172447681427002,solid,sampled
A8-02,Section 2,2,1.8212529420852661,405.0,1.8212529420852661,solid,sampled
A8-02,Section 2,2,1.8162927627563477,406.0,1.8162927627563477,solid,sampled
A8-02,Section 2,2,1.8140664100646973,407.0,1.8140664100646973,solid,sampled
A8-02,Section 2,2,1.810657024383545,408.0,1.810657024383545,solid,sampled
A8-02,Section 2,2,1.804182529449463,409.0,1.804182529449463,solid,sampled
A8-02,Section 2,2,1.806291103363037,410.0,1.806291103363037,solid,sampled
A8-02,Section 2,2,1.792007565498352,411.0,1.792007565498352,solid,sampled
A8-02,Section 2,2,1.800320029258728,412.0,1.800320029258728,solid,sampled
A8-02,Section 2,2,1.797456979751587,413.0,1.797456979751587,solid,sampled
A8-02,Section 2,2,1.7912578582763672,414.0,1.7912578582763672,solid,sampled
A8-02,Section 2,2,1.7918063402175903,415.0,1.7918063402175903,solid,sampled
A8-02,Section 2,2,1.790562629699707,416.0,1.790562629699707,solid,sampled
A8-02,Section 2,2,1.7979923486709595,417.0,1.7979923486709595,solid,sampled
A8-02,Section 2,2,1.7878175973892212,418.0,1.7878175973892212,solid,sampled
A8-02,Section 2,2,1.781787633895874,419.0,1.781787633895874,solid,sampled
A8-02,Section 2,2,1.7933019399642944,420.0,1.7933019399642944,solid,sampled
A8-02,Section 2,2,1.7966034412384033,421.0,1.7966034412384033,solid,sampled
A8-02,Section 2,2,1.7989118099212646,422.0,1.7989118099212646,solid,sampled
A8-02,Section 2,2,1.793778896331787,423.0,1.793778896331787,solid,sampled
A8-02,Section 2,2,1.790870189666748,424.0,1.790870189666748,solid,sampled
A8-02,Section 2,2,1.7873296737670898,425.0,1.7873296737670898,solid,sampled
A8-02,Section 2,2,1.7922148704528809,426.0,1.7922148704528809,solid,sampled
A8-02,Section 2,2,1.7993948459625244,427.0,1.7993948459625244,solid,sampled
A8-02,Section 2,2,1.801438331604004,428.0,1.801438331604004,solid,sampled
A8-02,Section 2,2,1.7901309728622437,429.0,1.7901309728622437,solid,sampled
A8-02,Section 2,2,1.7995904684066772,430.0,1.7995904684066772,solid,sampled
A8-02,Section 2,2,1.806648850440979,431.0,1.806648850440979,solid,sampled
A8-02,Section 2,2,1.8112590312957764,432.0,1.8112590312957764,solid,sampled
A8-02,Section 2,2,1.7976958751678467,433.0,1.7976958751678467,solid,sampled
A8-02,Section 2,2,1.7993247509002686,434.0,1.7993247509002686,solid,sampled
A8-02,Section 2,2,1.798680067062378,435.0,1.798680067062378,solid,sampled
A8-02,Section 2,2,1.792994737625122,436.0,1.792994737625122,solid,sampled
A8-02,Section 2,2,1.7995853424072266,437.0,1.7995853424072266,solid,sampled
A8-02,Section 2,2,1.79301917552948,438.0,1.79301917552948,solid,sampled
A8-02,Section 2,2,1.7707743644714355,439.0,1.7707743644714355,solid,sampled
A8-02,Section 2,2,1.777428388595581,440.0,1.777428388595581,solid,sampled
A8-02,Section 2,2,1.7705585956573486,441.0,1.7705585956573486,solid,sampled
A8-02,Section 2,2,1.777338981628418,442.0,1.777338981628418,solid,sampled
A8-02,Section 2,2,1.7728536128997803,443.0,1.7728536128997803,solid,sampled
A8-02,Section 2,2,1.7687427997589111,444.0,1.7687427997589111,solid,sampled
A8-02,Section 2,2,1.7761127948760986,445.0,1.7761127948760986,solid,sampled
A8-02,Section 2,2,1.761589527130127,446.0,1.761589527130127,solid,sampled
A8-02,Section 2,2,1.7498364448547363,447.0,1.7498364448547363,solid,sampled
A8-02,Section 2,2,1.7513773441314697,448.0,1.7513773441314697,solid,sampled
A8-02,Section 2,2,1.7552224397659302,449.0,1.7552224397659302,solid,sampled
A8-02,Section 2,2,1.7534761428833008,450.0,1.7534761428833008,solid,sampled
A8-02,Section 2,2,1.741379976272583,451.0,1.741379976272583,solid,sampled
A8-02,Section 2,2,1.7389607429504395,452.0,1.7389607429504395,solid,sampled
A8-02,Section 2,2,1.7425328493118286,453.0,1.7425328493118286,solid,sampled
A8-02,Section 2,2,1.7379891872406006,454.0,1.7379891872406006,solid,sampled
A8-02,Section 2,2,1.7234588861465454,455.0,1.7234588861465454,solid,sampled
A8-02,Section 2,2,1.7197675704956055,456.0,1.7197675704956055,solid,sampled
A8-02,Section 2,2,1.7212783098220825,457.0,1.7212783098220825,solid,sampled
A8-02,Section 2,2,1.7170088291168213,458.0,1.7170088291168213,solid,sampled
A8-02,Section 2,2,1.713109016418457,459.0,1.713109016418457,solid,sampled
A8-02,Section 2,2,1.7125358581542969,460.0,1.7125358581542969,solid,sampled
A8-02,Section 2,2,1.7123913764953613,461.0,1.7123913764953613,solid,sampled
A8-02,Section 2,2,1.7045477628707886,462.0,1.7045477628707886,solid,sampled
A8-02,Section 2,2,1.693587064743042,463.0,1.693587064743042,solid,sampled
A8-02,Section 2,2,1.6906251907348633,464.0,1.6906251907348633,solid,sampled
A8-02,Section 2,2,1.6927540302276611,465.0,1.6927540302276611,solid,sampled
A8-02,Section 2,2,1.691646933555603,466.0,1.691646933555603,solid,sampled
A8-02,Section 2,2,1.6867530345916748,467.0,1.6867530345916748,solid,sampled
A8-02,Section 2,2,1.6828339099884033,468.0,1.6828339099884033,solid,sampled
A8-02,Section 2,2,1.6885536909103394,469.0,1.6885536909103394,solid,sampled
A8-02,Section 2,2,1.6896617412567139,470.0,1.6896617412567139,solid,sampled
A8-02,Section 2,2,1.6787203550338745,471.0,1.6787203550338745,solid,sampled
A8-02,Section 2,2,1.6810226440429688,472.0,1.6810226440429688,solid,sampled
A8-02,Section 2,2,1.6755459308624268,473.0,1.6755459308624268,solid,sampled
A8-02,Section 2,2,1.675539255142212,474.0,1.675539255142212,solid,sampled
A8-02,Section 2,2,1.6648650169372559,475.0,1.6648650169372559,solid,sampled
A8-02,Section 2,2,1.6699042320251465,476.0,1.6699042320251465,solid,sampled
A8-02,Section 2,2,1.675001859664917,477.0,1.675001859664917,solid,sampled
A8-02,Section 2,2,1.6616849899291992,478.0,1.6616849899291992,solid,sampled
A8-02,Section 2,2,1.65622079372406,479.0,1.65622079372406,solid,sampled
A8-02,Section 2,2,1.6596436500549316,480.0,1.6596436500549316,solid,sampled
A8-02,Section 2,2,1.6543388366699219,481.0,1.6543388366699219,solid,sampled
A8-02,Section 2,2,1.6484010219573975,482.0,1.6484010219573975,solid,sampled
A8-02,Section 2,2,1.6436727046966553,483.0,1.6436727046966553,solid,sampled
A8-02,Section 2,2,1.6445372104644775,484.0,1.6445372104644775,solid,sampled
A8-02,Section 2,2,1.6371984481811523,485.0,1.6371984481811523,solid,sampled
A8-02,Section 2,2,1.6304259300231934,486.0,1.6304259300231934,solid,sampled
A8-02,Section 2,2,1.6265437602996826,487.0,1.6265437602996826,solid,sampled
A8-02,Section 2,2,1.6253334283828735,488.0,1.6253334283828735,solid,sampled
A8-02,Section 2,2,1.6250168085098267,489.0,1.6250168085098267,solid,sampled
A8-02,Section 2,2,1.6165543794631958,490.0,1.6165543794631958,solid,sampled
A8-02,Section 2,2,1.6138932704925537,491.0,1.6138932704925537,solid,sampled
A8-02,Section 2,2,1.6144601106643677,492.0,1.6144601106643677,solid,sampled
A8-02,Section 2,2,1.6085987091064453,493.0,1.6085987091064453,solid,sampled
A8-02,Section 2,2,1.604520559310913,494.0,1.604520559310913,solid,sampled
A8-02,Section 2,2,1.5986685752868652,495.0,1.5986685752868652,solid,sampled
A8-02,Section 2,2,1.5985959768295288,496.0,1.5985959768295288,solid,sampled
A8-02,Section 2,2,1.593045711517334,497.0,1.593045711517334,solid,sampled
A8-02,Section 2,2,1.5886461734771729,498.0,1.5886461734771729,solid,sampled
A8-02,Section 2,2,1.5833714008331299,499.0,1.5833714008331299,solid,sampled
A8-02,Section 2,2,1.5842742919921875,500.0,1.5842742919921875,solid,sampled
A8-02,Section 2,2,1.5898933410644531,501.0,1.5898933410644531,solid,sampled
A8-02,Section 2,2,1.5906741619110107,502.0,1.5906741619110107,solid,sampled
A8-02,Section 2,2,1.5827617645263672,503.0,1.5827617645263672,solid,sampled
A8-02,Section 2,2,1.5747647285461426,504.0,1.5747647285461426,solid,sampled
A8-02,Section 2,2,1.5535221099853516,505.0,1.5535221099853516,solid,sampled
A8-02,Section 2,2,1.5691685676574707,506.0,1.5691685676574707,solid,sampled
A8-02,Section 2,2,1.5749807357788086,507.0,1.5749807357788086,solid,sampled
A8-02,Section 2,2,1.5723299980163574,508.0,1.5723299980163574,solid,sampled
A8-02,Section 2,2,1.5859087705612183,509.0,1.5859087705612183,solid,sampled
A8-02,Section 2,2,1.608507752418518,510.0,1.608507752418518,solid,sampled
A8-02,Section 2,2,1.626402735710144,511.0,1.626402735710144,solid,sampled
A8-02,Section 2,2,1.6308598518371582,512.0,1.6308598518371582,solid,sampled
A8-02,Section 2,2,1.6200385093688965,513.0,1.6200385093688965,solid,sampled
A8-02,Section 2,2,1.5797569751739502,514.0,1.5797569751739502,solid,sampled
A8-02,Section 2,2,1.5350412130355835,515.0,1.5350412130355835,solid,sampled
A8-02,Section 2,2,1.5131158828735352,516.0,1.5131158828735352,solid,sampled
A8-02,Section 2,2,1.523817777633667,517.0,1.523817777633667,solid,sampled
A8-02,Section 2,2,1.5315011739730835,518.0,1.5315011739730835,solid,sampled
A8-02,Section 2,2,1.5401476621627808,519.0,1.5401476621627808,solid,sampled
A8-02,Section 2,2,1.530002236366272,520.0,1.530002236366272,solid,sampled
A8-02,Section 2,2,1.5457005500793457,521.0,1.5457005500793457,solid,sampled
A8-02,Section 2,2,1.5552420616149902,522.0,1.5552420616149902,solid,sampled
A8-02,Section 2,2,1.5413873195648193,523.0,1.5413873195648193,solid,sampled
A8-02,Section 2,2,1.471008062362671,524.0,1.471008062362671,solid,sampled
A8-02,Section 2,2,1.5307093858718872,525.0,1.5307093858718872,solid,sampled
A8-02,Section 2,2,1.5794837474822998,526.0,1.5794837474822998,solid,sampled
A8-02,Section 2,2,1.5930448770523071,527.0,1.5930448770523071,solid,sampled
A8-02,Section 2,2,1.6008380651474,528.0,1.6008380651474,solid,sampled
A8-02,Section 2,2,1.6268209218978882,529.0,1.6268209218978882,solid,sampled
A8-02,Section 2,2,1.6387906074523926,530.0,1.6387906074523926,solid,sampled
A8-02,Section 2,2,1.6548912525177002,531.0,1.6548912525177002,solid,sampled
A8-02,Section 2,2,1.6588406562805176,532.0,1.6588406562805176,solid,sampled
A8-02,Section 2,2,1.6723029613494873,533.0,1.6723029613494873,solid,sampled
A8-02,Section 2,2,1.6615077257156372,534.0,1.6615077257156372,solid,sampled
A8-02,Section 2,2,1.6831316947937012,535.0,1.6831316947937012,solid,sampled
A8-02,Section 2,2,1.6856173276901245,536.0,1.6856173276901245,solid,sampled
A8-02,Section 2,2,1.6985446214675903,537.0,1.6985446214675903,solid,sampled
A8-02,Section 2,2,1.6939892768859863,538.0,1.6939892768859863,solid,sampled
A8-02,Section 2,2,1.6934049129486084,539.0,1.6934049129486084,solid,sampled
A8-02,Section 2,2,1.7153236865997314,540.0,1.7153236865997314,solid,sampled
A8-02,Section 2,2,1.7052887678146362,541.0,1.7052887678146362,solid,sampled
A8-02,Section 2,2,1.6693315505981445,542.0,1.6693315505981445,solid,sampled
A8-02,Section 2,2,1.7166078090667725,543.0,1.7166078090667725,solid,sampled
A8-02,Section 2,2,1.7297625541687012,544.0,1.7297625541687012,solid,sampled
A8-02,Section 2,2,1.6973084211349487,545.0,1.6973084211349487,solid,sampled
A8-02,Section 2,2,1.7169814109802246,546.0,1.7169814109802246,solid,sampled
A8-02,Section 2,2,1.7550002336502075,547.0,1.7550002336502075,solid,sampled
A8-02,Section 2,2,1.7609901428222656,548.0,1.7609901428222656,solid,sampled
A8-02,Section 2,2,1.7572786808013916,549.0,1.7572786808013916,solid,sampled
A8-02,Section 2,2,1.7246930599212646,550.0,1.7246930599212646,solid,sampled
A8-02,Section 2,2,1.7375266551971436,551.0,1.7375266551971436,solid,sampled
A8-02,Section 2,2,1.7487294673919678,552.0,1.7487294673919678,solid,sampled
A8-02,Section 2,2,1.7573884725570679,553.0,1.7573884725570679,solid,sampled
A8-02,Section 2,2,1.763324499130249,554.0,1.763324499130249,solid,sampled
A8-02,Section 2,2,1.7191963195800781,555.0,1.7191963195800781,solid,sampled
A8-02,Section 2,2,1.7044211626052856,556.0,1.7044211626052856,solid,sampled
A8-02,Section 2,2,1.7047374248504639,557.0,1.7047374248504639,solid,sampled
A8-02,Section 2,2,1.7275876998901367,558.0,1.7275876998901367,solid,sampled
A8-02,Section 2,2,1.7494454383850098,559.0,1.7494454383850098,solid,sampled
A8-02,Section 2,2,1.763580560684204,560.0,1.763580560684204,solid,sampled
A8-02,Section 2,2,1.7640548944473267,561.0,1.7640548944473267,solid,sampled
A8-02,Section 2,2,1.7638978958129883,562.0,1.7638978958129883,solid,sampled
A8-02,Section 2,2,1.7741036415100098,563.0,1.7741036415100098,solid,sampled
A8-02,Section 2,2,1.7669997215270996,564.0,1.7669997215270996,solid,sampled
A8-02,Section 2,2,1.7854331731796265,565.0,1.7854331731796265,solid,sampled
A8-02,Section 2,2,1.7906540632247925,566.0,1.7906540632247925,solid,sampled
A8-02,Section 2,2,1.783336877822876,567.0,1.783336877822876,solid,sampled
A8-02,Section 2,2,1.772592544555664,568.0,1.772592544555664,solid,sampled
A8-02,Section 2,2,1.771131157875061,569.0,1.771131157875061,solid,sampled
A8-02,Section 2,2,1.76406729221344,570.0,1.76406729221344,solid,sampled
A8-02,Section 2,2,1.7793577909469604,571.0,1.7793577909469604,solid,sampled
A8-02,Section 2,2,1.7739875316619873,572.0,1.7739875316619873,solid,sampled
A8-02,Section 2,2,1.78914213180542,573.0,1.78914213180542,solid,sampled
A8-02,Section 2,2,1.7783472537994385,574.0,1.7783472537994385,solid,sampled
A8-02,Section 2,2,1.7559552192687988,575.0,1.7559552192687988,solid,sampled
A8-02,Section 2,2,1.7229623794555664,576.0,1.7229623794555664,solid,sampled
A8-02,Section 2,2,1.7246689796447754,577.0,1.7246689796447754,solid,sampled
A8-02,Section 2,2,1.723323106765747,578.0,1.723323106765747,solid,sampled
A8-02,Section 2,2,1.7309367656707764,579.0,1.7309367656707764,solid,sampled
A8-02,Section 2,2,1.721545696258545,580.0,1.721545696258545,solid,sampled
A8-02,Section 2,2,1.7427139282226562,581.0,1.7427139282226562,solid,sampled
A8-02,Section 2,2,1.7301055192947388,582.0,1.7301055192947388,solid,sampled
A8-02,Section 2,2,1.7114115953445435,583.0,1.7114115953445435,solid,sampled
A8-02,Section 2,2,1.6940712928771973,584.0,1.6940712928771973,solid,sampled
A8-02,Section 2,2,1.6877254247665405,585.0,1.6877254247665405,solid,sampled
A8-02,Section 2,2,1.6764191389083862,586.0,1.6764191389083862,solid,sampled
A8-02,Section 2,2,1.6828351020812988,587.0,1.6828351020812988,solid,sampled
A8-02,Section 2,2,1.684320092201233,588.0,1.684320092201233,solid,sampled
A8-02,Section 2,2,1.6719017028808594,589.0,1.6719017028808594,solid,sampled
A8-02,Section 2,2,1.6496680974960327,590.0,1.6496680974960327,solid,sampled
A8-02,Section 2,2,1.6416149139404297,591.0,1.6416149139404297,solid,sampled
A8-02,Section 2,2,1.643823504447937,592.0,1.643823504447937,solid,sampled
A8-02,Section 2,2,1.6284458637237549,593.0,1.6284458637237549,solid,sampled
A8-02,Section 2,2,1.6054272651672363,594.0,1.6054272651672363,solid,sampled
A8-02,Section 2,2,1.5996930599212646,595.0,1.5996930599212646,solid,sampled
A8-02,Section 2,2,1.588442325592041,596.0,1.588442325592041,solid,sampled
A8-02,Section 2,2,1.5830618143081665,597.0,1.5830618143081665,solid,sampled
A8-02,Section 2,2,1.5689327716827393,598.0,1.5689327716827393,solid,sampled
A8-02,Section 2,2,1.5505419969558716,599.0,1.5505419969558716,solid,sampled
A8-02,Section 2,2,1.5449762344360352,600.0,1.5449762344360352,solid,sampled
A8-02,Section 2,2,1.5258327722549438,601.0,1.5258327722549438,solid,sampled
A8-02,Section 2,2,1.5155363082885742,602.0,1.5155363082885742,solid,sampled
A8-02,Section 2,2,1.502622127532959,603.0,1.502622127532959,solid,sampled
A8-02,Section 2,2,1.4818956851959229,604.0,1.4818956851959229,solid,sampled
A8-02,Section 2,2,1.4716724157333374,605.0,1.4716724157333374,solid,sampled
A8-02,Section 2,2,1.4567668437957764,606.0,1.4567668437957764,solid,sampled
A8-02,Section 2,2,1.4367200136184692,607.0,1.4367200136184692,solid,sampled
A8-02,Section 2,2,1.418135166168213,608.0,1.418135166168213,solid,sampled
A8-02,Section 2,2,1.3992679119110107,609.0,1.3992679119110107,solid,sampled
A8-02,Section 2,2,1.389516830444336,610.0,1.389516830444336,solid,sampled
A8-02,Section 2,2,1.3835773468017578,611.0,1.3835773468017578,solid,sampled
A8-02,Section 2,2,1.3644136190414429,612.0,1.3644136190414429,solid,sampled
A8-02,Section 2,2,1.347179651260376,613.0,1.347179651260376,solid,sampled
A8-02,Section 2,2,1.3303232192993164,614.0,1.3303232192993164,solid,sampled
A8-02,Section 2,2,1.3230254650115967,615.0,1.3230254650115967,solid,sampled
A8-02,Section 2,2,1.3008309602737427,616.0,1.3008309602737427,solid,sampled
A8-02,Section 2,2,1.285179615020752,617.0,1.285179615020752,solid,sampled
A8-02,Section 2,2,1.2719981670379639,618.0,1.2719981670379639,solid,sampled
A8-02,Section 2,2,1.2598531246185303,619.0,1.2598531246185303,solid,sampled
A8-02,Section 2,2,1.2411789894104004,620.0,1.2411789894104004,solid,sampled
A8-02,Section 2,2,1.2231887578964233,621.0,1.2231887578964233,solid,sampled
A8-02,Section 2,2,1.2091851234436035,622.0,1.2091851234436035,solid,sampled
A8-02,Section 2,2,1.1983931064605713,623.0,1.1983931064605713,solid,sampled
A8-02,Section 2,2,1.1888896226882935,624.0,1.1888896226882935,solid,sampled
A8-02,Section 2,2,1.169705867767334,625.0,1.169705867767334,solid,sampled
A8-02,Section 2,2,1.158456563949585,626.0,1.158456563949585,solid,sampled
A8-02,Section 2,2,1.133518099784851,627.0,1.133518099784851,solid,sampled
A8-02,Section 2,2,1.1213459968566895,628.0,1.1213459968566895,solid,sampled
A8-02,Section 2,2,1.1011426448822021,629.0,1.1011426448822021,solid,sampled
A8-02,Section 2,2,1.088228464126587,630.0,1.088228464126587,solid,sampled
A8-02,Section 2,2,1.0715304613113403,631.0,1.0715304613113403,solid,sampled
A8-02,Section 2,2,1.0719579458236694,632.0,1.0719579458236694,solid,sampled
A8-02,Section 2,2,1.045029640197754,633.0,1.045029640197754,solid,sampled
A8-02,Section 2,2,1.0257370471954346,634.0,1.0257370471954346,solid,sampled
A8-02,Section 2,2,1.02691650390625,635.0,1.02691650390625,solid,sampled
A8-02,Section 2,2,1.0021995306015015,636.0,1.0021995306015015,solid,sampled
A8-02,Section 2,2,0.9794920682907104,637.0,0.9794920682907104,solid,sampled
A8-02,Section 2,2,0.9681395888328552,638.0,0.9681395888328552,solid,sampled
A8-02,Section 2,2,0.944283127784729,639.0,0.944283127784729,solid,sampled
A8-02,Section 2,2,0.930058479309082,640.0,0.930058479309082,solid,sampled
A8-02,Section 2,2,0.9241264462471008,641.0,0.9241264462471008,solid,sampled
A8-02,Section 2,2,0.914028525352478,642.0,0.914028525352478,solid,sampled
A8-02,Section 2,2,0.8978366851806641,643.0,0.8978366851806641,solid,sampled
A8-02,Section 2,2,0.887069582939148,644.0,0.887069582939148,solid,sampled
A8-02,Section 2,2,0.8755841255187988,645.0,0.8755841255187988,solid,sampled
A8-02,Section 2,2,0.8600937128067017,646.0,0.8600937128067017,solid,sampled
A8-02,Section 2,2,0.8547800779342651,647.0,0.8547800779342651,solid,sampled
A8-02,Section 2,2,0.8427505493164062,648.0,0.8427505493164062,solid,sampled
A8-02,Section 2,2,0.8193948864936829,649.0,0.8193948864936829,solid,sampled
A8-02,Section 2,2,0.8157510161399841,650.0,0.8157510161399841,solid,sampled
A8-02,Section 2,2,0.8078603744506836,651.0,0.8078603744506836,solid,sampled
A8-02,Section 2,2,0.8014298677444458,652.0,0.8014298677444458,solid,sampled
A8-02,Section 2,2,0.7792923450469971,653.0,0.7792923450469971,solid,sampled
A8-02,Section 2,2,0.7398056983947754,654.0,0.7398056983947754,solid,sampled
A8-02,Section 2,2,0.7119784355163574,655.0,0.7119784355163574,solid,sampled
A8-02,Section 2,2,0.6517077684402466,656.0,0.6517077684402466,solid,sampled
A8-02,Section 2,2,0.5817675590515137,657.0,0.5817675590515137,solid,sampled
A8-02,Section 2,2,0.5174264907836914,658.0,0.5174264907836914,solid,sampled
A8-02,Section 2,2,0.46371620893478394,659.0,0.46371620893478394,solid,sampled
A8-02,Section 2,2,0.38335442543029785,660.0,0.38335442543029785,solid,sampled
A8-02,Section 2,2,0.34148892760276794,661.0,0.34148892760276794,solid,sampled
A8-02,Section 2,2,0.3264889121055603,662.0,0.3264889121055603,solid,sampled
A8-02,Section 2,2,0.23739232122898102,663.0,0.23739232122898102,solid,sampled
A8-02,Section 2,2,0.11168241500854492,664.0,0.11168241500854492,solid,sampled
A8-02,Section 2,2,-0.161577045917511,665.0,-0.161577045917511,solid,sampled
A8-02,Section 2,2,-0.4143795371055603,666.0,-0.4143795371055603,solid,sampled
A8-02,Section 2,2,-0.6438688039779663,667.0,-0.6438688039779663,solid,sampled
A8-02,Section 2,2,-3.0,668.0,-4.8364362716674805,solid,water_floor
A8-02,Section 2,2,-3.0,669.0,-9.612702369689941,solid,water_floor
A8-02,Section 2,2,-3.0,670.0,-11.645413398742676,solid,water_floor
A8-02,Section 2,2,-3.0,671.0,-28.702363967895508,solid,water_floor
A8-02,Section 2,2,-3.0,672.0,-44.26708221435547,solid,water_floor
A8-02,Section 2,2,-3.0,673.0,-47.02583312988281,solid,water_floor
A8-02,Section 2,2,-3.0,674.0,-42.0001106262207,solid,water_floor
A8-02,Section 2,2,-3.0,675.0,-30.89533233642578,solid,water_floor
A8-02,Section 2,2,-3.0,676.0,-41.517677307128906,solid,water_floor
A8-02,Section 2,2,-3.0,677.0,-29.18576431274414,solid,water_floor
A8-02,Section 2,2,-3.0,678.0,-35.034027099609375,solid,water_floor
A8-02,Section 2,2,-3.0,679.0,-23.087528228759766,solid,water_floor
A8-02,Section 2,2,-3.0,680.0,-25.450096130371094,solid,water_floor
A8-02,Section 2,2,-3.0,681.0,-39.857505798339844,solid,water_floor
A8-02,Section 2,2,-3.0,682.0,-41.97876739501953,solid,water_floor
A8-02,Section 2,2,-3.0,683.0,-42.233428955078125,solid,water_floor
A8-02,Section 2,2,-3.0,684.0,-38.41495895385742,solid,water_floor
A8-02,Section 2,2,-3.0,685.0,-33.737300872802734,solid,water_floor
A8-02,Section 2,2,-3.0,686.0,-41.1068229675293,solid,water_floor
A8-02,Section 2,2,-3.0,687.0,-48.17473602294922,solid,water_floor
A8-02,Section 2,2,-3.0,688.0,-48.996307373046875,solid,water_floor
A8-02,Section 2,2,-3.0,689.0,-47.504581451416016,solid,water_floor
A8-02,Section 2,2,-3.0,690.0,-54.52252960205078,solid,water_floor
A8-02,Section 2,2,-3.0,691.0,-44.77226638793945,solid,water_floor
A8-02,Section 2,2,-3.0,692.0,-54.54534149169922,solid,water_floor
A8-02,Section 2,2,-3.0,693.0,-49.41929626464844,solid,water_floor
A8-02,Section 2,2,-3.0,694.0,-47.39671325683594,solid,water_floor
A8-02,Section 2,2,-3.0,695.0,-53.19350051879883,solid,water_floor
A8-02,Section 2,2,-3.0,696.0,-56.275917053222656,solid,water_floor
A8-02,Section 2,2,-3.0,697.0,-56.50496292114258,solid,water_floor
A8-02,Section 2,2,-3.0,698.0,-52.55591583251953,solid,water_floor
A8-02,Section 2,2,-3.0,699.0,-43.42007827758789,solid,water_floor
A8-02,Section 2,2,-3.0,700.0,-44.437530517578125,solid,water_floor
A8-02,Section 2,2,-3.0,701.0,-50.498435974121094,solid,water_floor
A8-02,Section 2,2,-3.0,702.0,-50.43364715576172,solid,water_floor
A8-02,Section 2,2,-3.0,703.0,-45.95852279663086,solid,water_floor
A8-02,Section 2,2,-3.0,704.0,-43.0079231262207,solid,water_floor
A8-02,Section 2,2,-3.0,705.0,-43.09486770629883,solid,water_floor
A8-02,Section 2,2,-1.255608081817627,706.0,-1.255608081817627,solid,sampled
A8-02,Section 2,2,-0.8658063411712646,707.0,-0.8658063411712646,solid,sampled
A8-02,Section 2,2,-0.7340928316116333,708.0,-0.7340928316116333,solid,sampled
A8-02,Section 2,2,-0.6552131175994873,709.0,-0.6552131175994873,solid,sampled
A8-02,Section 2,2,-0.6356706023216248,710.0,-0.6356706023216248,solid,sampled
A8-02,Section 2,2,-0.6637095212936401,711.0,-0.6637095212936401,solid,sampled
A8-02,Section 2,2,-0.6335450410842896,712.0,-0.6335450410842896,solid,sampled
A8-02,Section 2,2,-0.659480094909668,713.0,-0.659480094909668,solid,sampled
A8-02,Section 2,2,-0.6180036664009094,714.0,-0.6180036664009094,solid,sampled
A8-02,Section 2,2,-0.6165062785148621,715.0,-0.6165062785148621,solid,sampled
A8-02,Section 2,2,-0.5858173370361328,716.0,-0.5858173370361328,solid,sampled
A8-02,Section 2,2,-0.5707447528839111,717.0,-0.5707447528839111,solid,sampled
A8-02,Section 2,2,-0.5320272445678711,718.0,-0.5320272445678711,solid,sampled
A8-02,Section 2,2,-0.527517557144165,719.0,-0.527517557144165,solid,sampled
A8-02,Section 2,2,-0.5168368816375732,720.0,-0.5168368816375732,solid,sampled
A8-02,Section 2,2,-0.5066723227500916,721.0,-0.5066723227500916,solid,sampled
A8-02,Section 2,2,-0.49365508556365967,722.0,-0.49365508556365967,solid,sampled
A8-02,Section 2,2,-0.47870945930480957,723.0,-0.47870945930480957,solid,sampled
A8-02,Section 2,2,-0.4857264757156372,724.0,-0.4857264757156372,solid,sampled
A8-02,Section 2,2,-0.47455549240112305,725.0,-0.47455549240112305,solid,sampled
A8-02,Section 2,2,-0.4579049348831177,726.0,-0.4579049348831177,solid,sampled
A8-02,Section 2,2,-0.448161244392395,727.0,-0.448161244392395,solid,sampled
A8-02,Section 2,2,-0.42170995473861694,728.0,-0.42170995473861694,solid,sampled
A8-02,Section 2,2,-0.4172923266887665,729.0,-0.4172923266887665,solid,sampled
A8-02,Section 2,2,-0.399973064661026,730.0,-0.399973064661026,solid,sampled
A8-02,Section 2,2,-0.3852977752685547,731.0,-0.3852977752685547,solid,sampled
A8-02,Section 2,2,-0.35404324531555176,732.0,-0.35404324531555176,solid,sampled
A8-02,Section 2,2,-0.3112581968307495,733.0,-0.3112581968307495,solid,sampled
A8-02,Section 2,2,-0.2768312692642212,734.0,-0.2768312692642212,solid,sampled
A8-02,Section 2,2,-0.2337074875831604,735.0,-0.2337074875831604,solid,sampled
A8-02,Section 2,2,-0.19395500421524048,736.0,-0.19395500421524048,solid,sampled
A8-02,Section 2,2,-0.15503409504890442,737.0,-0.15503409504890442,solid,sampled
A8-02,Section 2,2,-0.11118641495704651,738.0,-0.11118641495704651,solid,sampled
A8-02,Section 2,2,-0.07609910517930984,739.0,-0.07609910517930984,solid,sampled
A8-02,Section 2,2,-0.02731025218963623,740.0,-0.02731025218963623,solid,sampled
A8-02,Section 2,2,0.01902560144662857,741.0,0.01902560144662857,solid,sampled
A8-02,Section 2,2,0.06457775831222534,742.0,0.06457775831222534,solid,sampled
A8-02,Section 2,2,0.12712951004505157,743.0,0.12712951004505157,solid,sampled
A8-02,Section 2,2,0.17882823944091797,744.0,0.17882823944091797,solid,sampled
A8-02,Section 2,2,0.23592180013656616,745.0,0.23592180013656616,solid,sampled
A8-02,Section 2,2,0.30164670944213867,746.0,0.30164670944213867,solid,sampled
A8-02,Section 2,2,0.3618800938129425,747.0,0.3618800938129425,solid,sampled
A8-02,Section 2,2,0.4284346103668213,748.0,0.4284346103668213,solid,sampled
A8-02,Section 2,2,0.5053800344467163,749.0,0.5053800344467163,solid,sampled
A8-02,Section 2,2,0.5879989862442017,750.0,0.5879989862442017,solid,sampled
A8-02,Section 2,2,0.674850344657898,751.0,0.674850344657898,solid,sampled
A8-02,Section 2,2,0.7595435380935669,752.0,0.7595435380935669,solid,sampled
A8-02,Section 2,2,0.84805828332901,753.0,0.84805828332901,solid,sampled
A8-02,Section 2,2,0.9329690933227539,754.0,0.9329690933227539,solid,sampled
A8-02,Section 2,2,1.019853949546814,755.0,1.019853949546814,solid,sampled
A8-02,Section 2,2,1.1156294345855713,756.0,1.1156294345855713,solid,sampled
A8-02,Section 2,2,1.208320140838623,757.0,1.208320140838623,solid,sampled
A8-02,Section 2,2,1.2798525094985962,758.0,1.2798525094985962,solid,sampled
A8-02,Section 2,2,1.3519803285598755,759.0,1.3519803285598755,solid,sampled
A8-02,Section 2,2,1.4101372957229614,760.0,1.4101372957229614,solid,sampled
A8-02,Section 2,2,1.4588404893875122,761.0,1.4588404893875122,solid,sampled
A8-02,Section 2,2,1.5157743692398071,762.0,1.5157743692398071,solid,sampled
A8-02,Section 2,2,1.5751674175262451,763.0,1.5751674175262451,solid,sampled
A8-02,Section 2,2,1.6246492862701416,764.0,1.6246492862701416,solid,sampled
A8-02,Section 2,2,1.6631925106048584,765.0,1.6631925106048584,solid,sampled
A8-02,Section 2,2,1.7151726484298706,766.0,1.7151726484298706,solid,sampled
A8-02,Section 2,2,1.7427699565887451,767.0,1.7427699565887451,solid,sampled
A8-02,Section 2,2,1.7885398864746094,768.0,1.7885398864746094,solid,sampled
A8-02,Section 2,2,1.8195370435714722,769.0,1.8195370435714722,solid,sampled
A8-02,Section 2,2,1.848946452140808,770.0,1.848946452140808,solid,sampled
A8-02,Section 2,2,1.875933051109314,771.0,1.875933051109314,solid,sampled
A8-02,Section 2,2,1.9036846160888672,772.0,1.9036846160888672,solid,sampled
A8-02,Section 2,2,1.9363963603973389,773.0,1.9363963603973389,solid,sampled
A8-02,Section 2,2,1.9619910717010498,774.0,1.9619910717010498,solid,sampled
A8-02,Section 2,2,1.9929794073104858,775.0,1.9929794073104858,solid,sampled
A8-02,Section 2,2,2.0265140533447266,776.0,2.0265140533447266,solid,sampled
A8-02,Section 2,2,2.0681724548339844,777.0,2.0681724548339844,solid,sampled
A8-02,Section 2,2,2.098616361618042,778.0,2.098616361618042,solid,sampled
A8-02,Section 2,2,2.1370291709899902,779.0,2.1370291709899902,solid,sampled
A8-02,Section 2,2,2.185238838195801,780.0,2.185238838195801,solid,sampled
A8-02,Section 2,2,2.2365660667419434,781.0,2.2365660667419434,solid,sampled
A8-02,Section 2,2,2.3176536560058594,782.0,2.3176536560058594,solid,sampled
A8-02,Section 2,2,2.409816265106201,783.0,2.409816265106201,solid,sampled
A8-02,Section 2,2,2.591904640197754,784.0,2.591904640197754,solid,sampled
A8-02,Section 2,2,5.792213439941406,785.0,5.792213439941406,solid,sampled
A8-02,Section 2,2,5.740053176879883,786.0,5.740053176879883,solid,sampled
A8-02,Section 2,2,5.684726238250732,787.0,5.684726238250732,solid,sampled
A8-02,Section 2,2,5.669999122619629,788.0,5.669999122619629,solid,sampled
A8-02,Section 2,2,8.18892765045166,789.0,8.18892765045166,solid,sampled
A8-02,Section 2,2,8.589385986328125,790.0,8.589385986328125,solid,sampled
A8-02,Section 2,2,8.755685806274414,791.0,8.755685806274414,solid,sampled
A8-02,Section 2,2,8.94863224029541,792.0,8.94863224029541,solid,sampled
A8-02,Section 2,2,6.657859802246094,793.0,6.657859802246094,solid,sampled
A8-02,Section 2,2,6.529387474060059,794.0,6.529387474060059,solid,sampled
A8-02,Section 2,2,6.61641788482666,795.0,6.61641788482666,solid,sampled
A8-02,Section 2,2,6.784446716308594,796.0,6.784446716308594,solid,sampled
A8-02,Section 2,2,7.200122356414795,797.0,7.200122356414795,solid,sampled
A8-02,Section 2,2,6.8257527351379395,798.0,6.8257527351379395,solid,sampled
A8-02,Section 2,2,6.887809753417969,799.0,6.887809753417969,solid,sampled
A8-02,Section 2,2,7.883634567260742,800.0,7.883634567260742,solid,sampled
A8-02,Section 2,2,9.288772583007812,801.0,9.288772583007812,solid,sampled
A8-02,Section 2,2,9.05356216430664,802.0,9.05356216430664,solid,sampled
A8-02,Section 2,2,9.430572509765625,803.0,9.430572509765625,solid,sampled
A8-02,Section 2,2,8.202787399291992,804.0,8.202787399291992,solid,sampled
A8-02,Section 2,2,7.526005744934082,805.0,7.526005744934082,solid,sampled
A8-02,Section 2,2,7.627432823181152,806.0,7.627432823181152,solid,sampled
A8-02,Section 2,2,7.750582218170166,807.0,7.750582218170166,solid,sampled
A8-02,Section 2,2,7.827274799346924,808.0,7.827274799346924,solid,sampled
A8-02,Section 2,2,7.92910099029541,809.0,7.92910099029541,solid,sampled
A8-02,Section 2,2,8.038276672363281,810.0,8.038276672363281,solid,sampled
A8-02,Section 2,2,8.14175796508789,811.0,8.14175796508789,solid,sampled
A8-02,Section 2,2,8.228191375732422,812.0,8.228191375732422,solid,sampled
A8-02,Section 2,2,8.348979949951172,813.0,8.348979949951172,solid,sampled
A8-02,Section 2,2,8.364943504333496,814.0,8.364943504333496,solid,sampled
A8-02,Section 2,2,8.441617012023926,815.0,8.441617012023926,solid,sampled
A8-02,Section 2,2,8.532271385192871,816.0,8.532271385192871,solid,sampled
A8-02,Section 2,2,8.575757026672363,817.0,8.575757026672363,solid,sampled
A8-02,Section 2,2,8.603198051452637,818.0,8.603198051452637,solid,sampled
A8-02,Section 2,2,8.694868087768555,819.0,8.694868087768555,solid,sampled
A8-02,Section 2,2,8.740297317504883,820.0,8.740297317504883,solid,sampled
A8-02,Section 2,2,8.829203605651855,821.0,8.829203605651855,solid,sampled
A8-02,Section 2,2,8.804969787597656,822.0,8.804969787597656,solid,sampled
A8-02,Section 2,2,8.848965644836426,823.0,8.848965644836426,solid,sampled
A8-02,Section 2,2,8.861261367797852,824.0,8.861261367797852,solid,sampled
A8-02,Section 2,2,8.910467147827148,825.0,8.910467147827148,solid,sampled
A8-02,Section 2,2,8.987646102905273,826.0,8.987646102905273,solid,sampled
A8-02,Section 2,2,9.039258003234863,827.0,9.039258003234863,solid,sampled
A8-02,Section 2,2,9.126628875732422,828.0,9.126628875732422,solid,sampled
A8-02,Section 2,2,9.259298324584961,829.0,9.259298324584961,solid,sampled
A8-02,Section 2,2,12.894091606140137,830.0,12.894091606140137,solid,sampled
A8-02,Section 2,2,13.296947479248047,831.0,13.296947479248047,solid,sampled
A8-02,Section 2,2,14.563584327697754,832.0,14.563584327697754,solid,sampled
A8-02,Section 2,2,14.692251205444336,833.0,14.692251205444336,solid,sampled
A8-02,Section 2,2,13.74294376373291,834.0,13.74294376373291,solid,sampled
A8-02,Section 2,2,0.0,835.0,,dotted,null_fill
A8-02,Section 2,2,0.0,836.0,,dotted,null_fill
A8-02,Section 2,2,0.0,837.0,,dotted,null_fill
A8-02,Section 2,2,0.0,838.0,,dotted,null_fill
A8-02,Section 2,2,0.0,839.0,,dotted,null_fill
A8-02,Section 2,2,0.0,840.0,,dotted,null_fill
A8-02,Section 2,2,0.0,841.0,,dotted,null_fill
A8-02,Section 2,2,0.0,842.0,,dotted,null_fill
A8-02,Section 2,2,0.0,843.0,,dotted,null_fill
A8-02,Section 2,2,0.0,844.0,,dotted,null_fill
A8-02,Section 2,2,0.0,845.0,,dotted,null_fill
A8-02,Section 2,2,0.0,846.0,,dotted,null_fill
A8-02,Section 2,2,0.0,847.0,,dotted,null_fill
A8-02,Section 2,2,0.0,848.0,,dotted,null_fill
A8-02,Section 2,2,0.0,849.0,,dotted,null_fill
A8-02,Section 2,2,0.0,850.0,,dotted,null_fill
A8-02,Section 2,2,0.0,851.0,,dotted,null_fill
A8-02,Section 2,2,0.0,852.0,,dotted,null_fill
A8-02,Section 2,2,0.0,853.0,,dotted,null_fill
A8-02,Section 2,2,0.0,854.0,,dotted,null_fill
A8-02,Section 2,2,0.0,855.0,,dotted,null_fill
A8-02,Section 2,2,0.0,856.0,,dotted,null_fill
A8-02,Section 2,2,0.0,857.0,,dotted,null_fill
A8-02,Section 2,2,0.0,858.0,,dotted,null_fill
A8-03,Section 3,3,0.0,0.0,,dotted,null_fill
A8-03,Section 3,3,0.0,1.0,,dotted,null_fill
A8-03,Section 3,3,0.0,2.0,,dotted,null_fill
A8-03,Section 3,3,0.0,3.0,,dotted,null_fill
A8-03,Section 3,3,0.0,4.0,,dotted,null_fill
A8-03,Section 3,3,0.0,5.0,,dotted,null_fill
A8-03,Section 3,3,0.0,6.0,,dotted,null_fill
A8-03,Section 3,3,0.0,7.0,,dotted,null_fill
A8-03,Section 3,3,0.0,8.0,,dotted,null_fill
A8-03,Section 3,3,0.0,9.0,,dotted,null_fill
A8-03,Section 3,3,0.0,10.0,,dotted,null_fill
A8-03,Section 3,3,0.0,11.0,,dotted,null_fill
A8-03,Section 3,3,0.0,12.0,,dotted,null_fill
A8-03,Section 3,3,0.0,13.0,,dotted,null_fill
A8-03,Section 3,3,0.0,14.0,,dotted,null_fill
A8-03,Section 3,3,0.0,15.0,,dotted,null_fill
A8-03,Section 3,3,0.0,16.0,,dotted,null_fill
A8-03,Section 3,3,0.0,17.0,,dotted,null_fill
A8-03,Section 3,3,0.0,18.0,,dotted,null_fill
A8-03,Section 3,3,0.0,19.0,,dotted,null_fill
A8-03,Section 3,3,0.0,20.0,,dotted,null_fill
A8-03,Section 3,3,0.0,21.0,,dotted,null_fill
A8-03,Section 3,3,0.0,22.0,,dotted,null_fill
A8-03,Section 3,3,0.0,23.0,,dotted,null_fill
A8-03,Section 3,3,0.0,24.0,,dotted,null_fill
A8-03,Section 3,3,0.0,25.0,,dotted,null_fill
A8-03,Section 3,3,0.0,26.0,,dotted,null_fill
A8-03,Section 3,3,0.0,27.0,,dotted,null_fill
A8-03,Section 3,3,0.0,28.0,,dotted,null_fill
A8-03,Section 3,3,0.0,29.0,,dotted,null_fill
A8-03,Section 3,3,0.0,30.0,,dotted,null_fill
A8-03,Section 3,3,0.0,31.0,,dotted,null_fill
A8-03,Section 3,3,0.0,32.0,,dotted,null_fill
A8-03,Section 3,3,0.0,33.0,,dotted,null_fill
A8-03,Section 3,3,0.0,34.0,,dotted,null_fill
A8-03,Section 3,3,0.0,35.0,,dotted,null_fill
A8-03,Section 3,3,0.0,36.0,,dotted,null_fill
A8-03,Section 3,3,0.0,37.0,,dotted,null_fill
A8-03,Section 3,3,0.0,38.0,,dotted,null_fill
A8-03,Section 3,3,0.0,39.0,,dotted,null_fill
A8-03,Section 3,3,0.0,40.0,,dotted,null_fill
A8-03,Section 3,3,8.574189186096191,41.0,8.574189186096191,solid,sampled
A8-03,Section 3,3,8.438932418823242,42.0,8.438932418823242,solid,sampled
A8-03,Section 3,3,8.32083797454834,43.0,8.32083797454834,solid,sampled
A8-03,Section 3,3,8.18208122253418,44.0,8.18208122253418,solid,sampled
A8-03,Section 3,3,8.041398048400879,45.0,8.041398048400879,solid,sampled
A8-03,Section 3,3,7.8587446212768555,46.0,7.8587446212768555,solid,sampled
A8-03,Section 3,3,7.699193954467773,47.0,7.699193954467773,solid,sampled
A8-03,Section 3,3,7.603102684020996,48.0,7.603102684020996,solid,sampled
A8-03,Section 3,3,7.480478763580322,49.0,7.480478763580322,solid,sampled
A8-03,Section 3,3,7.35988712310791,50.0,7.35988712310791,solid,sampled
A8-03,Section 3,3,7.2530388832092285,51.0,7.2530388832092285,solid,sampled
A8-03,Section 3,3,7.145627498626709,52.0,7.145627498626709,solid,sampled
A8-03,Section 3,3,7.325220108032227,53.0,7.325220108032227,solid,sampled
A8-03,Section 3,3,8.764735221862793,54.0,8.764735221862793,solid,sampled
A8-03,Section 3,3,8.82939338684082,55.0,8.82939338684082,solid,sampled
A8-03,Section 3,3,8.877163887023926,56.0,8.877163887023926,solid,sampled
A8-03,Section 3,3,8.566661834716797,57.0,8.566661834716797,solid,sampled
A8-03,Section 3,3,8.096111297607422,58.0,8.096111297607422,solid,sampled
A8-03,Section 3,3,8.14334487915039,59.0,8.14334487915039,solid,sampled
A8-03,Section 3,3,7.616374969482422,60.0,7.616374969482422,solid,sampled
A8-03,Section 3,3,7.136102199554443,61.0,7.136102199554443,solid,sampled
A8-03,Section 3,3,4.468029022216797,62.0,4.468029022216797,solid,sampled
A8-03,Section 3,3,4.207411289215088,63.0,4.207411289215088,solid,sampled
A8-03,Section 3,3,4.067931175231934,64.0,4.067931175231934,solid,sampled
A8-03,Section 3,3,3.937669277191162,65.0,3.937669277191162,solid,sampled
A8-03,Section 3,3,3.8318893909454346,66.0,3.8318893909454346,solid,sampled
A8-03,Section 3,3,3.9123547077178955,67.0,3.9123547077178955,solid,sampled
A8-03,Section 3,3,3.809751510620117,68.0,3.809751510620117,solid,sampled
A8-03,Section 3,3,3.7317473888397217,69.0,3.7317473888397217,solid,sampled
A8-03,Section 3,3,3.947195291519165,70.0,3.947195291519165,solid,sampled
A8-03,Section 3,3,3.6190109252929688,71.0,3.6190109252929688,solid,sampled
A8-03,Section 3,3,3.664799451828003,72.0,3.664799451828003,solid,sampled
A8-03,Section 3,3,3.6798462867736816,73.0,3.6798462867736816,solid,sampled
A8-03,Section 3,3,3.485938310623169,74.0,3.485938310623169,solid,sampled
A8-03,Section 3,3,3.297445058822632,75.0,3.297445058822632,solid,sampled
A8-03,Section 3,3,3.465906858444214,76.0,3.465906858444214,solid,sampled
A8-03,Section 3,3,3.530261993408203,77.0,3.530261993408203,solid,sampled
A8-03,Section 3,3,3.455883502960205,78.0,3.455883502960205,solid,sampled
A8-03,Section 3,3,3.456740617752075,79.0,3.456740617752075,solid,sampled
A8-03,Section 3,3,3.425945997238159,80.0,3.425945997238159,solid,sampled
A8-03,Section 3,3,3.3785500526428223,81.0,3.3785500526428223,solid,sampled
A8-03,Section 3,3,3.392329216003418,82.0,3.392329216003418,solid,sampled
A8-03,Section 3,3,3.4566872119903564,83.0,3.4566872119903564,solid,sampled
A8-03,Section 3,3,3.3523378372192383,84.0,3.3523378372192383,solid,sampled
A8-03,Section 3,3,3.325106382369995,85.0,3.325106382369995,solid,sampled
A8-03,Section 3,3,3.360215663909912,86.0,3.360215663909912,solid,sampled
A8-03,Section 3,3,3.455263137817383,87.0,3.455263137817383,solid,sampled
A8-03,Section 3,3,3.423025369644165,88.0,3.423025369644165,solid,sampled
A8-03,Section 3,3,3.424525022506714,89.0,3.424525022506714,solid,sampled
A8-03,Section 3,3,3.3700520992279053,90.0,3.3700520992279053,solid,sampled
A8-03,Section 3,3,3.3430237770080566,91.0,3.3430237770080566,solid,sampled
A8-03,Section 3,3,3.3375203609466553,92.0,3.3375203609466553,solid,sampled
A8-03,Section 3,3,3.2934622764587402,93.0,3.2934622764587402,solid,sampled
A8-03,Section 3,3,3.300107955932617,94.0,3.300107955932617,solid,sampled
A8-03,Section 3,3,3.1409270763397217,95.0,3.1409270763397217,solid,sampled
A8-03,Section 3,3,2.6510260105133057,96.0,2.6510260105133057,solid,sampled
A8-03,Section 3,3,3.049015998840332,97.0,3.049015998840332,solid,sampled
A8-03,Section 3,3,3.003572463989258,98.0,3.003572463989258,solid,sampled
A8-03,Section 3,3,3.2053072452545166,99.0,3.2053072452545166,solid,sampled
A8-03,Section 3,3,3.2659664154052734,100.0,3.2659664154052734,solid,sampled
A8-03,Section 3,3,3.3037352561950684,101.0,3.3037352561950684,solid,sampled
A8-03,Section 3,3,3.3153741359710693,102.0,3.3153741359710693,solid,sampled
A8-03,Section 3,3,3.3534250259399414,103.0,3.3534250259399414,solid,sampled
A8-03,Section 3,3,3.335186004638672,104.0,3.335186004638672,solid,sampled
A8-03,Section 3,3,3.3460023403167725,105.0,3.3460023403167725,solid,sampled
A8-03,Section 3,3,3.378669261932373,106.0,3.378669261932373,solid,sampled
A8-03,Section 3,3,3.332213878631592,107.0,3.332213878631592,solid,sampled
A8-03,Section 3,3,3.332214593887329,108.0,3.332214593887329,solid,sampled
A8-03,Section 3,3,3.3396124839782715,109.0,3.3396124839782715,solid,sampled
A8-03,Section 3,3,3.252760887145996,110.0,3.252760887145996,solid,sampled
A8-03,Section 3,3,3.2600841522216797,111.0,3.2600841522216797,solid,sampled
A8-03,Section 3,3,3.298773765563965,112.0,3.298773765563965,solid,sampled
A8-03,Section 3,3,3.267038583755493,113.0,3.267038583755493,solid,sampled
A8-03,Section 3,3,3.1747939586639404,114.0,3.1747939586639404,solid,sampled
A8-03,Section 3,3,3.25223708152771,115.0,3.25223708152771,solid,sampled
A8-03,Section 3,3,3.2992959022521973,116.0,3.2992959022521973,solid,sampled
A8-03,Section 3,3,3.255620002746582,117.0,3.255620002746582,solid,sampled
A8-03,Section 3,3,3.232762098312378,118.0,3.232762098312378,solid,sampled
A8-03,Section 3,3,3.033090829849243,119.0,3.033090829849243,solid,sampled
A8-03,Section 3,3,3.090193748474121,120.0,3.090193748474121,solid,sampled
A8-03,Section 3,3,3.0779671669006348,121.0,3.0779671669006348,solid,sampled
A8-03,Section 3,3,3.057034730911255,122.0,3.057034730911255,solid,sampled
A8-03,Section 3,3,2.928020477294922,123.0,2.928020477294922,solid,sampled
A8-03,Section 3,3,2.9296131134033203,124.0,2.9296131134033203,solid,sampled
A8-03,Section 3,3,2.961937427520752,125.0,2.961937427520752,solid,sampled
A8-03,Section 3,3,2.9022231101989746,126.0,2.9022231101989746,solid,sampled
A8-03,Section 3,3,3.079136610031128,127.0,3.079136610031128,solid,sampled
A8-03,Section 3,3,3.149134874343872,128.0,3.149134874343872,solid,sampled
A8-03,Section 3,3,3.1667556762695312,129.0,3.1667556762695312,solid,sampled
A8-03,Section 3,3,3.1184680461883545,130.0,3.1184680461883545,solid,sampled
A8-03,Section 3,3,3.2462685108184814,131.0,3.2462685108184814,solid,sampled
A8-03,Section 3,3,3.284510374069214,132.0,3.284510374069214,solid,sampled
A8-03,Section 3,3,2.94527006149292,133.0,2.94527006149292,solid,sampled
A8-03,Section 3,3,2.3060641288757324,134.0,2.3060641288757324,solid,sampled
A8-03,Section 3,3,2.581752300262451,135.0,2.581752300262451,solid,sampled
A8-03,Section 3,3,2.2853269577026367,136.0,2.2853269577026367,solid,sampled
A8-03,Section 3,3,2.833261489868164,137.0,2.833261489868164,solid,sampled
A8-03,Section 3,3,3.181519031524658,138.0,3.181519031524658,solid,sampled
A8-03,Section 3,3,3.1127426624298096,139.0,3.1127426624298096,solid,sampled
A8-03,Section 3,3,2.2490429878234863,140.0,2.2490429878234863,solid,sampled
A8-03,Section 3,3,2.934375286102295,141.0,2.934375286102295,solid,sampled
A8-03,Section 3,3,3.1511192321777344,142.0,3.1511192321777344,solid,sampled
A8-03,Section 3,3,3.093851327896118,143.0,3.093851327896118,solid,sampled
A8-03,Section 3,3,2.798555850982666,144.0,2.798555850982666,solid,sampled
A8-03,Section 3,3,2.1796998977661133,145.0,2.1796998977661133,solid,sampled
A8-03,Section 3,3,2.1216049194335938,146.0,2.1216049194335938,solid,sampled
A8-03,Section 3,3,2.1281919479370117,147.0,2.1281919479370117,solid,sampled
A8-03,Section 3,3,2.5264739990234375,148.0,2.5264739990234375,solid,sampled
A8-03,Section 3,3,3.1446034908294678,149.0,3.1446034908294678,solid,sampled
A8-03,Section 3,3,3.336982250213623,150.0,3.336982250213623,solid,sampled
A8-03,Section 3,3,3.1931097507476807,151.0,3.1931097507476807,solid,sampled
A8-03,Section 3,3,3.2532360553741455,152.0,3.2532360553741455,solid,sampled
A8-03,Section 3,3,3.1529321670532227,153.0,3.1529321670532227,solid,sampled
A8-03,Section 3,3,3.1134214401245117,154.0,3.1134214401245117,solid,sampled
A8-03,Section 3,3,3.102226734161377,155.0,3.102226734161377,solid,sampled
A8-03,Section 3,3,3.1450986862182617,156.0,3.1450986862182617,solid,sampled
A8-03,Section 3,3,3.1168856620788574,157.0,3.1168856620788574,solid,sampled
A8-03,Section 3,3,3.116363525390625,158.0,3.116363525390625,solid,sampled
A8-03,Section 3,3,3.045039176940918,159.0,3.045039176940918,solid,sampled
A8-03,Section 3,3,3.0322632789611816,160.0,3.0322632789611816,solid,sampled
A8-03,Section 3,3,3.068525552749634,161.0,3.068525552749634,solid,sampled
A8-03,Section 3,3,3.067301034927368,162.0,3.067301034927368,solid,sampled
A8-03,Section 3,3,3.0289154052734375,163.0,3.0289154052734375,solid,sampled
A8-03,Section 3,3,3.0131969451904297,164.0,3.0131969451904297,solid,sampled
A8-03,Section 3,3,3.028715133666992,165.0,3.028715133666992,solid,sampled
A8-03,Section 3,3,3.0078210830688477,166.0,3.0078210830688477,solid,sampled
A8-03,Section 3,3,3.027127742767334,167.0,3.027127742767334,solid,sampled
A8-03,Section 3,3,3.071371078491211,168.0,3.071371078491211,solid,sampled
A8-03,Section 3,3,3.0408172607421875,169.0,3.0408172607421875,solid,sampled
A8-03,Section 3,3,3.0639405250549316,170.0,3.0639405250549316,solid,sampled
A8-03,Section 3,3,3.053661346435547,171.0,3.053661346435547,solid,sampled
A8-03,Section 3,3,3.0459816455841064,172.0,3.0459816455841064,solid,sampled
A8-03,Section 3,3,3.0662102699279785,173.0,3.0662102699279785,solid,sampled
A8-03,Section 3,3,3.0690951347351074,174.0,3.0690951347351074,solid,sampled
A8-03,Section 3,3,3.007404327392578,175.0,3.007404327392578,solid,sampled
A8-03,Section 3,3,3.0098636150360107,176.0,3.0098636150360107,solid,sampled
A8-03,Section 3,3,2.97377872467041,177.0,2.97377872467041,solid,sampled
A8-03,Section 3,3,2.9156980514526367,178.0,2.9156980514526367,solid,sampled
A8-03,Section 3,3,2.9205167293548584,179.0,2.9205167293548584,solid,sampled
A8-03,Section 3,3,2.9823224544525146,180.0,2.9823224544525146,solid,sampled
A8-03,Section 3,3,2.965627670288086,181.0,2.965627670288086,solid,sampled
A8-03,Section 3,3,2.6763226985931396,182.0,2.6763226985931396,solid,sampled
A8-03,Section 3,3,2.756058931350708,183.0,2.756058931350708,solid,sampled
A8-03,Section 3,3,2.933708429336548,184.0,2.933708429336548,solid,sampled
A8-03,Section 3,3,2.9079201221466064,185.0,2.9079201221466064,solid,sampled
A8-03,Section 3,3,2.9272143840789795,186.0,2.9272143840789795,solid,sampled
A8-03,Section 3,3,2.971020221710205,187.0,2.971020221710205,solid,sampled
A8-03,Section 3,3,2.92832612991333,188.0,2.92832612991333,solid,sampled
A8-03,Section 3,3,2.948917865753174,189.0,2.948917865753174,solid,sampled
A8-03,Section 3,3,2.9389660358428955,190.0,2.9389660358428955,solid,sampled
A8-03,Section 3,3,2.93074107170105,191.0,2.93074107170105,solid,sampled
A8-03,Section 3,3,2.8799705505371094,192.0,2.8799705505371094,solid,sampled
A8-03,Section 3,3,2.9090192317962646,193.0,2.9090192317962646,solid,sampled
A8-03,Section 3,3,2.915365219116211,194.0,2.915365219116211,solid,sampled
A8-03,Section 3,3,2.9547581672668457,195.0,2.9547581672668457,solid,sampled
A8-03,Section 3,3,3.0081734657287598,196.0,3.0081734657287598,solid,sampled
A8-03,Section 3,3,3.0074477195739746,197.0,3.0074477195739746,solid,sampled
A8-03,Section 3,3,3.0723190307617188,198.0,3.0723190307617188,solid,sampled
A8-03,Section 3,3,2.927631378173828,199.0,2.927631378173828,solid,sampled
A8-03,Section 3,3,2.959196090698242,200.0,2.959196090698242,solid,sampled
A8-03,Section 3,3,2.8843994140625,201.0,2.8843994140625,solid,sampled
A8-03,Section 3,3,2.735105514526367,202.0,2.735105514526367,solid,sampled
A8-03,Section 3,3,2.5484867095947266,203.0,2.5484867095947266,solid,sampled
A8-03,Section 3,3,2.340053081512451,204.0,2.340053081512451,solid,sampled
A8-03,Section 3,3,2.173673152923584,205.0,2.173673152923584,solid,sampled
A8-03,Section 3,3,2.127061128616333,206.0,2.127061128616333,solid,sampled
A8-03,Section 3,3,2.104321002960205,207.0,2.104321002960205,solid,sampled
A8-03,Section 3,3,2.0714187622070312,208.0,2.0714187622070312,solid,sampled
A8-03,Section 3,3,2.037595748901367,209.0,2.037595748901367,solid,sampled
A8-03,Section 3,3,1.9782288074493408,210.0,1.9782288074493408,solid,sampled
A8-03,Section 3,3,1.8961483240127563,211.0,1.8961483240127563,solid,sampled
A8-03,Section 3,3,1.9370723962783813,212.0,1.9370723962783813,solid,sampled
A8-03,Section 3,3,1.9882643222808838,213.0,1.9882643222808838,solid,sampled
A8-03,Section 3,3,2.016684055328369,214.0,2.016684055328369,solid,sampled
A8-03,Section 3,3,2.0479867458343506,215.0,2.0479867458343506,solid,sampled
A8-03,Section 3,3,2.078024387359619,216.0,2.078024387359619,solid,sampled
A8-03,Section 3,3,2.1040940284729004,217.0,2.1040940284729004,solid,sampled
A8-03,Section 3,3,2.1025967597961426,218.0,2.1025967597961426,solid,sampled
A8-03,Section 3,3,2.109302520751953,219.0,2.109302520751953,solid,sampled
A8-03,Section 3,3,2.11263108253479,220.0,2.11263108253479,solid,sampled
A8-03,Section 3,3,2.116816759109497,221.0,2.116816759109497,solid,sampled
A8-03,Section 3,3,2.1203131675720215,222.0,2.1203131675720215,solid,sampled
A8-03,Section 3,3,2.1020314693450928,223.0,2.1020314693450928,solid,sampled
A8-03,Section 3,3,2.065246820449829,224.0,2.065246820449829,solid,sampled
A8-03,Section 3,3,2.024562358856201,225.0,2.024562358856201,solid,sampled
A8-03,Section 3,3,1.985450267791748,226.0,1.985450267791748,solid,sampled
A8-03,Section 3,3,1.9157567024230957,227.0,1.9157567024230957,solid,sampled
A8-03,Section 3,3,1.7899162769317627,228.0,1.7899162769317627,solid,sampled
A8-03,Section 3,3,1.5749459266662598,229.0,1.5749459266662598,solid,sampled
A8-03,Section 3,3,1.42378830909729,230.0,1.42378830909729,solid,sampled
A8-03,Section 3,3,1.322540283203125,231.0,1.322540283203125,solid,sampled
A8-03,Section 3,3,1.2979767322540283,232.0,1.2979767322540283,solid,sampled
A8-03,Section 3,3,1.4086568355560303,233.0,1.4086568355560303,solid,sampled
A8-03,Section 3,3,1.4874310493469238,234.0,1.4874310493469238,solid,sampled
A8-03,Section 3,3,1.505879282951355,235.0,1.505879282951355,solid,sampled
A8-03,Section 3,3,1.4645503759384155,236.0,1.4645503759384155,solid,sampled
A8-03,Section 3,3,1.3641902208328247,237.0,1.3641902208328247,solid,sampled
A8-03,Section 3,3,1.1776078939437866,238.0,1.1776078939437866,solid,sampled
A8-03,Section 3,3,1.2685203552246094,239.0,1.2685203552246094,solid,sampled
A8-03,Section 3,3,1.558861494064331,240.0,1.558861494064331,solid,sampled
A8-03,Section 3,3,1.6680413484573364,241.0,1.6680413484573364,solid,sampled
A8-03,Section 3,3,1.7152361869812012,242.0,1.7152361869812012,solid,sampled
A8-03,Section 3,3,1.7149593830108643,243.0,1.7149593830108643,solid,sampled
A8-03,Section 3,3,1.7884454727172852,244.0,1.7884454727172852,solid,sampled
A8-03,Section 3,3,1.834717035293579,245.0,1.834717035293579,solid,sampled
A8-03,Section 3,3,1.8897621631622314,246.0,1.8897621631622314,solid,sampled
A8-03,Section 3,3,1.9247281551361084,247.0,1.9247281551361084,solid,sampled
A8-03,Section 3,3,1.9535777568817139,248.0,1.9535777568817139,solid,sampled
A8-03,Section 3,3,1.9818391799926758,249.0,1.9818391799926758,solid,sampled
A8-03,Section 3,3,2.011242628097534,250.0,2.011242628097534,solid,sampled
A8-03,Section 3,3,2.0600879192352295,251.0,2.0600879192352295,solid,sampled
A8-03,Section 3,3,2.582841396331787,252.0,2.582841396331787,solid,sampled
A8-03,Section 3,3,2.8077235221862793,253.0,2.8077235221862793,solid,sampled
A8-03,Section 3,3,2.8281002044677734,254.0,2.8281002044677734,solid,sampled
A8-03,Section 3,3,2.9554567337036133,255.0,2.9554567337036133,solid,sampled
A8-03,Section 3,3,3.0915961265563965,256.0,3.0915961265563965,solid,sampled
A8-03,Section 3,3,3.1014256477355957,257.0,3.1014256477355957,solid,sampled
A8-03,Section 3,3,3.070219039916992,258.0,3.070219039916992,solid,sampled
A8-03,Section 3,3,2.9984872341156006,259.0,2.9984872341156006,solid,sampled
A8-03,Section 3,3,3.0072033405303955,260.0,3.0072033405303955,solid,sampled
A8-03,Section 3,3,3.00504994392395,261.0,3.00504994392395,solid,sampled
A8-03,Section 3,3,3.047208547592163,262.0,3.047208547592163,solid,sampled
A8-03,Section 3,3,2.9919261932373047,263.0,2.9919261932373047,solid,sampled
A8-03,Section 3,3,2.998098611831665,264.0,2.998098611831665,solid,sampled
A8-03,Section 3,3,2.9858667850494385,265.0,2.9858667850494385,solid,sampled
A8-03,Section 3,3,3.0318310260772705,266.0,3.0318310260772705,solid,sampled
A8-03,Section 3,3,3.007070541381836,267.0,3.007070541381836,solid,sampled
A8-03,Section 3,3,2.9753246307373047,268.0,2.9753246307373047,solid,sampled
A8-03,Section 3,3,2.9375462532043457,269.0,2.9375462532043457,solid,sampled
A8-03,Section 3,3,2.9896390438079834,270.0,2.9896390438079834,solid,sampled
A8-03,Section 3,3,2.8766682147979736,271.0,2.8766682147979736,solid,sampled
A8-03,Section 3,3,2.903632879257202,272.0,2.903632879257202,solid,sampled
A8-03,Section 3,3,2.8395023345947266,273.0,2.8395023345947266,solid,sampled
A8-03,Section 3,3,2.8287413120269775,274.0,2.8287413120269775,solid,sampled
A8-03,Section 3,3,2.8907604217529297,275.0,2.8907604217529297,solid,sampled
A8-03,Section 3,3,2.8584141731262207,276.0,2.8584141731262207,solid,sampled
A8-03,Section 3,3,2.81813383102417,277.0,2.81813383102417,solid,sampled
A8-03,Section 3,3,2.9123799800872803,278.0,2.9123799800872803,solid,sampled
A8-03,Section 3,3,2.887169122695923,279.0,2.887169122695923,solid,sampled
A8-03,Section 3,3,2.9202420711517334,280.0,2.9202420711517334,solid,sampled
A8-03,Section 3,3,2.7845616340637207,281.0,2.7845616340637207,solid,sampled
A8-03,Section 3,3,2.8266189098358154,282.0,2.8266189098358154,solid,sampled
A8-03,Section 3,3,2.7682993412017822,283.0,2.7682993412017822,solid,sampled
A8-03,Section 3,3,2.703096866607666,284.0,2.703096866607666,solid,sampled
A8-03,Section 3,3,2.723294734954834,285.0,2.723294734954834,solid,sampled
A8-03,Section 3,3,2.799321174621582,286.0,2.799321174621582,solid,sampled
A8-03,Section 3,3,2.803272247314453,287.0,2.803272247314453,solid,sampled
A8-03,Section 3,3,2.81748104095459,288.0,2.81748104095459,solid,sampled
A8-03,Section 3,3,2.8271450996398926,289.0,2.8271450996398926,solid,sampled
A8-03,Section 3,3,2.8488426208496094,290.0,2.8488426208496094,solid,sampled
A8-03,Section 3,3,2.8072001934051514,291.0,2.8072001934051514,solid,sampled
A8-03,Section 3,3,2.7837276458740234,292.0,2.7837276458740234,solid,sampled
A8-03,Section 3,3,2.8096652030944824,293.0,2.8096652030944824,solid,sampled
A8-03,Section 3,3,2.794377326965332,294.0,2.794377326965332,solid,sampled
A8-03,Section 3,3,2.726639747619629,295.0,2.726639747619629,solid,sampled
A8-03,Section 3,3,2.574434518814087,296.0,2.574434518814087,solid,sampled
A8-03,Section 3,3,2.4539120197296143,297.0,2.4539120197296143,solid,sampled
A8-03,Section 3,3,2.1315698623657227,298.0,2.1315698623657227,solid,sampled
A8-03,Section 3,3,2.038788080215454,299.0,2.038788080215454,solid,sampled
A8-03,Section 3,3,1.968260407447815,300.0,1.968260407447815,solid,sampled
A8-03,Section 3,3,1.9003770351409912,301.0,1.9003770351409912,solid,sampled
A8-03,Section 3,3,1.8123892545700073,302.0,1.8123892545700073,solid,sampled
A8-03,Section 3,3,1.764055609703064,303.0,1.764055609703064,solid,sampled
A8-03,Section 3,3,1.6963083744049072,304.0,1.6963083744049072,solid,sampled
A8-03,Section 3,3,1.601046085357666,305.0,1.601046085357666,solid,sampled
A8-03,Section 3,3,1.5134201049804688,306.0,1.5134201049804688,solid,sampled
A8-03,Section 3,3,1.4218053817749023,307.0,1.4218053817749023,solid,sampled
A8-03,Section 3,3,1.3067160844802856,308.0,1.3067160844802856,solid,sampled
A8-03,Section 3,3,1.1749781370162964,309.0,1.1749781370162964,solid,sampled
A8-03,Section 3,3,1.0069869756698608,310.0,1.0069869756698608,solid,sampled
A8-03,Section 3,3,0.7854583263397217,311.0,0.7854583263397217,solid,sampled
A8-03,Section 3,3,0.5964133739471436,312.0,0.5964133739471436,solid,sampled
A8-03,Section 3,3,0.44917920231819153,313.0,0.44917920231819153,solid,sampled
A8-03,Section 3,3,0.34237921237945557,314.0,0.34237921237945557,solid,sampled
A8-03,Section 3,3,0.2298748940229416,315.0,0.2298748940229416,solid,sampled
A8-03,Section 3,3,0.05807746946811676,316.0,0.05807746946811676,solid,sampled
A8-03,Section 3,3,0.002650924026966095,317.0,0.002650924026966095,solid,sampled
A8-03,Section 3,3,-0.053685419261455536,318.0,-0.053685419261455536,solid,sampled
A8-03,Section 3,3,-0.09401583671569824,319.0,-0.09401583671569824,solid,sampled
A8-03,Section 3,3,-0.15909667313098907,320.0,-0.15909667313098907,solid,sampled
A8-03,Section 3,3,-0.15257671475410461,321.0,-0.15257671475410461,solid,sampled
A8-03,Section 3,3,-0.19596338272094727,322.0,-0.19596338272094727,solid,sampled
A8-03,Section 3,3,-0.21580815315246582,323.0,-0.21580815315246582,solid,sampled
A8-03,Section 3,3,-0.1935095191001892,324.0,-0.1935095191001892,solid,sampled
A8-03,Section 3,3,-0.17023113369941711,325.0,-0.17023113369941711,solid,sampled
A8-03,Section 3,3,0.08637072145938873,326.0,0.08637072145938873,solid,sampled
A8-03,Section 3,3,0.8693740367889404,327.0,0.8693740367889404,solid,sampled
A8-03,Section 3,3,1.2736091613769531,328.0,1.2736091613769531,solid,sampled
A8-03,Section 3,3,1.267742395401001,329.0,1.267742395401001,solid,sampled
A8-03,Section 3,3,1.245369791984558,330.0,1.245369791984558,solid,sampled
A8-03,Section 3,3,1.1886183023452759,331.0,1.1886183023452759,solid,sampled
A8-03,Section 3,3,1.139632225036621,332.0,1.139632225036621,solid,sampled
A8-03,Section 3,3,1.0941879749298096,333.0,1.0941879749298096,solid,sampled
A8-03,Section 3,3,1.0569645166397095,334.0,1.0569645166397095,solid,sampled
A8-03,Section 3,3,1.0198670625686646,335.0,1.0198670625686646,solid,sampled
A8-03,Section 3,3,1.0027554035186768,336.0,1.0027554035186768,solid,sampled
A8-03,Section 3,3,0.9792399406433105,337.0,0.9792399406433105,solid,sampled
A8-03,Section 3,3,0.9481364488601685,338.0,0.9481364488601685,solid,sampled
A8-03,Section 3,3,0.9265886545181274,339.0,0.9265886545181274,solid,sampled
A8-03,Section 3,3,0.9174014925956726,340.0,0.9174014925956726,solid,sampled
A8-03,Section 3,3,0.9147979021072388,341.0,0.9147979021072388,solid,sampled
A8-03,Section 3,3,0.9011311531066895,342.0,0.9011311531066895,solid,sampled
A8-03,Section 3,3,0.8815803527832031,343.0,0.8815803527832031,solid,sampled
A8-03,Section 3,3,0.8842422962188721,344.0,0.8842422962188721,solid,sampled
A8-03,Section 3,3,0.8708152770996094,345.0,0.8708152770996094,solid,sampled
A8-03,Section 3,3,0.8865891098976135,346.0,0.8865891098976135,solid,sampled
A8-03,Section 3,3,0.8803807497024536,347.0,0.8803807497024536,solid,sampled
A8-03,Section 3,3,0.869513213634491,348.0,0.869513213634491,solid,sampled
A8-03,Section 3,3,0.8815568685531616,349.0,0.8815568685531616,solid,sampled
A8-03,Section 3,3,0.8890881538391113,350.0,0.8890881538391113,solid,sampled
A8-03,Section 3,3,0.9125778675079346,351.0,0.9125778675079346,solid,sampled
A8-03,Section 3,3,0.914757251739502,352.0,0.914757251739502,solid,sampled
A8-03,Section 3,3,0.9289977550506592,353.0,0.9289977550506592,solid,sampled
A8-03,Section 3,3,0.9339771270751953,354.0,0.9339771270751953,solid,sampled
A8-03,Section 3,3,0.9516482353210449,355.0,0.9516482353210449,solid,sampled
A8-03,Section 3,3,0.977004885673523,356.0,0.977004885673523,solid,sampled
A8-03,Section 3,3,0.9907499551773071,357.0,0.9907499551773071,solid,sampled
A8-03,Section 3,3,1.0094165802001953,358.0,1.0094165802001953,solid,sampled
A8-03,Section 3,3,1.0419905185699463,359.0,1.0419905185699463,solid,sampled
A8-03,Section 3,3,1.0797181129455566,360.0,1.0797181129455566,solid,sampled
A8-03,Section 3,3,1.1064586639404297,361.0,1.1064586639404297,solid,sampled
A8-03,Section 3,3,1.1468238830566406,362.0,1.1468238830566406,solid,sampled
A8-03,Section 3,3,1.1972455978393555,363.0,1.1972455978393555,solid,sampled
A8-03,Section 3,3,1.2591177225112915,364.0,1.2591177225112915,solid,sampled
A8-03,Section 3,3,1.3130857944488525,365.0,1.3130857944488525,solid,sampled
A8-03,Section 3,3,1.3680815696716309,366.0,1.3680815696716309,solid,sampled
A8-03,Section 3,3,1.4481714963912964,367.0,1.4481714963912964,solid,sampled
A8-03,Section 3,3,1.5006157159805298,368.0,1.5006157159805298,solid,sampled
A8-03,Section 3,3,1.5628563165664673,369.0,1.5628563165664673,solid,sampled
A8-03,Section 3,3,1.6136153936386108,370.0,1.6136153936386108,solid,sampled
A8-03,Section 3,3,1.6674597263336182,371.0,1.6674597263336182,solid,sampled
A8-03,Section 3,3,1.7257044315338135,372.0,1.7257044315338135,solid,sampled
A8-03,Section 3,3,1.7741715908050537,373.0,1.7741715908050537,solid,sampled
A8-03,Section 3,3,1.8275343179702759,374.0,1.8275343179702759,solid,sampled
A8-03,Section 3,3,1.8631510734558105,375.0,1.8631510734558105,solid,sampled
A8-03,Section 3,3,1.922163486480713,376.0,1.922163486480713,solid,sampled
A8-03,Section 3,3,1.9829727411270142,377.0,1.9829727411270142,solid,sampled
A8-03,Section 3,3,2.103916883468628,378.0,2.103916883468628,solid,sampled
A8-03,Section 3,3,2.1544525623321533,379.0,2.1544525623321533,solid,sampled
A8-03,Section 3,3,2.231043577194214,380.0,2.231043577194214,solid,sampled
A8-03,Section 3,3,2.2792956829071045,381.0,2.2792956829071045,solid,sampled
A8-03,Section 3,3,2.3501851558685303,382.0,2.3501851558685303,solid,sampled
A8-03,Section 3,3,2.431455612182617,383.0,2.431455612182617,solid,sampled
A8-03,Section 3,3,2.4413154125213623,384.0,2.4413154125213623,solid,sampled
A8-03,Section 3,3,2.496412992477417,385.0,2.496412992477417,solid,sampled
A8-03,Section 3,3,2.5368118286132812,386.0,2.5368118286132812,solid,sampled
A8-03,Section 3,3,2.5420942306518555,387.0,2.5420942306518555,solid,sampled
A8-03,Section 3,3,2.543259859085083,388.0,2.543259859085083,solid,sampled
A8-03,Section 3,3,2.532038450241089,389.0,2.532038450241089,solid,sampled
A8-03,Section 3,3,2.55075740814209,390.0,2.55075740814209,solid,sampled
A8-03,Section 3,3,2.570568084716797,391.0,2.570568084716797,solid,sampled
A8-03,Section 3,3,2.5460970401763916,392.0,2.5460970401763916,solid,sampled
A8-03,Section 3,3,2.5500831604003906,393.0,2.5500831604003906,solid,sampled
A8-03,Section 3,3,2.5603373050689697,394.0,2.5603373050689697,solid,sampled
A8-03,Section 3,3,2.593899965286255,395.0,2.593899965286255,solid,sampled
A8-03,Section 3,3,2.5996322631835938,396.0,2.5996322631835938,solid,sampled
A8-03,Section 3,3,2.6168267726898193,397.0,2.6168267726898193,solid,sampled
A8-03,Section 3,3,2.635228157043457,398.0,2.635228157043457,solid,sampled
A8-03,Section 3,3,2.572072744369507,399.0,2.572072744369507,solid,sampled
A8-03,Section 3,3,2.557859420776367,400.0,2.557859420776367,solid,sampled
A8-03,Section 3,3,2.524446964263916,401.0,2.524446964263916,solid,sampled
A8-03,Section 3,3,2.5548746585845947,402.0,2.5548746585845947,solid,sampled
A8-03,Section 3,3,2.5636565685272217,403.0,2.5636565685272217,solid,sampled
A8-03,Section 3,3,2.6010546684265137,404.0,2.6010546684265137,solid,sampled
A8-03,Section 3,3,2.6429314613342285,405.0,2.6429314613342285,solid,sampled
A8-03,Section 3,3,2.6141347885131836,406.0,2.6141347885131836,solid,sampled
A8-03,Section 3,3,2.6227502822875977,407.0,2.6227502822875977,solid,sampled
A8-03,Section 3,3,2.6260080337524414,408.0,2.6260080337524414,solid,sampled
A8-03,Section 3,3,2.6401009559631348,409.0,2.6401009559631348,solid,sampled
A8-03,Section 3,3,2.6200437545776367,410.0,2.6200437545776367,solid,sampled
A8-03,Section 3,3,2.6329634189605713,411.0,2.6329634189605713,solid,sampled
A8-03,Section 3,3,2.6514439582824707,412.0,2.6514439582824707,solid,sampled
A8-03,Section 3,3,2.5937917232513428,413.0,2.5937917232513428,solid,sampled
A8-03,Section 3,3,2.6901440620422363,414.0,2.6901440620422363,solid,sampled
A8-03,Section 3,3,2.642416477203369,415.0,2.642416477203369,solid,sampled
A8-03,Section 3,3,2.5513155460357666,416.0,2.5513155460357666,solid,sampled
A8-03,Section 3,3,2.6279592514038086,417.0,2.6279592514038086,solid,sampled
A8-03,Section 3,3,2.642103433609009,418.0,2.642103433609009,solid,sampled
A8-03,Section 3,3,2.623091697692871,419.0,2.623091697692871,solid,sampled
A8-03,Section 3,3,2.60038685798645,420.0,2.60038685798645,solid,sampled
A8-03,Section 3,3,2.640007972717285,421.0,2.640007972717285,solid,sampled
A8-03,Section 3,3,2.642357349395752,422.0,2.642357349395752,solid,sampled
A8-03,Section 3,3,2.641940116882324,423.0,2.641940116882324,solid,sampled
A8-03,Section 3,3,2.643988609313965,424.0,2.643988609313965,solid,sampled
A8-03,Section 3,3,2.6426310539245605,425.0,2.6426310539245605,solid,sampled
A8-03,Section 3,3,2.6339216232299805,426.0,2.6339216232299805,solid,sampled
A8-03,Section 3,3,2.6628081798553467,427.0,2.6628081798553467,solid,sampled
A8-03,Section 3,3,2.6406197547912598,428.0,2.6406197547912598,solid,sampled
A8-03,Section 3,3,2.6508569717407227,429.0,2.6508569717407227,solid,sampled
A8-03,Section 3,3,2.6597394943237305,430.0,2.6597394943237305,solid,sampled
A8-03,Section 3,3,2.6450047492980957,431.0,2.6450047492980957,solid,sampled
A8-03,Section 3,3,2.6478114128112793,432.0,2.6478114128112793,solid,sampled
A8-03,Section 3,3,2.6345837116241455,433.0,2.6345837116241455,solid,sampled
A8-03,Section 3,3,2.6294660568237305,434.0,2.6294660568237305,solid,sampled
A8-03,Section 3,3,2.620392322540283,435.0,2.620392322540283,solid,sampled
A8-03,Section 3,3,2.6070237159729004,436.0,2.6070237159729004,solid,sampled
A8-03,Section 3,3,2.594663619995117,437.0,2.594663619995117,solid,sampled
A8-03,Section 3,3,2.5915021896362305,438.0,2.5915021896362305,solid,sampled
A8-03,Section 3,3,2.5565409660339355,439.0,2.5565409660339355,solid,sampled
A8-03,Section 3,3,2.540757417678833,440.0,2.540757417678833,solid,sampled
A8-03,Section 3,3,2.5302300453186035,441.0,2.5302300453186035,solid,sampled
A8-03,Section 3,3,2.5357484817504883,442.0,2.5357484817504883,solid,sampled
A8-03,Section 3,3,2.508636951446533,443.0,2.508636951446533,solid,sampled
A8-03,Section 3,3,2.511992931365967,444.0,2.511992931365967,solid,sampled
A8-03,Section 3,3,2.5052685737609863,445.0,2.5052685737609863,solid,sampled
A8-03,Section 3,3,2.4669175148010254,446.0,2.4669175148010254,solid,sampled
A8-03,Section 3,3,2.484498977661133,447.0,2.484498977661133,solid,sampled
A8-03,Section 3,3,2.461641311645508,448.0,2.461641311645508,solid,sampled
A8-03,Section 3,3,2.459062099456787,449.0,2.459062099456787,solid,sampled
A8-03,Section 3,3,2.461357593536377,450.0,2.461357593536377,solid,sampled
A8-03,Section 3,3,2.447226047515869,451.0,2.447226047515869,solid,sampled
A8-03,Section 3,3,2.448610782623291,452.0,2.448610782623291,solid,sampled
A8-03,Section 3,3,2.438598155975342,453.0,2.438598155975342,solid,sampled
A8-03,Section 3,3,2.4157357215881348,454.0,2.4157357215881348,solid,sampled
A8-03,Section 3,3,2.4023141860961914,455.0,2.4023141860961914,solid,sampled
A8-03,Section 3,3,2.375436305999756,456.0,2.375436305999756,solid,sampled
A8-03,Section 3,3,2.351991653442383,457.0,2.351991653442383,solid,sampled
A8-03,Section 3,3,2.339268922805786,458.0,2.339268922805786,solid,sampled
A8-03,Section 3,3,2.2937722206115723,459.0,2.2937722206115723,solid,sampled
A8-03,Section 3,3,2.263120651245117,460.0,2.263120651245117,solid,sampled
A8-03,Section 3,3,2.2232518196105957,461.0,2.2232518196105957,solid,sampled
A8-03,Section 3,3,2.1784002780914307,462.0,2.1784002780914307,solid,sampled
A8-03,Section 3,3,2.135765314102173,463.0,2.135765314102173,solid,sampled
A8-03,Section 3,3,2.0725183486938477,464.0,2.0725183486938477,solid,sampled
A8-03,Section 3,3,2.011139154434204,465.0,2.011139154434204,solid,sampled
A8-03,Section 3,3,1.9599719047546387,466.0,1.9599719047546387,solid,sampled
A8-03,Section 3,3,1.911461353302002,467.0,1.911461353302002,solid,sampled
A8-03,Section 3,3,1.8548548221588135,468.0,1.8548548221588135,solid,sampled
A8-03,Section 3,3,1.8101248741149902,469.0,1.8101248741149902,solid,sampled
A8-03,Section 3,3,1.767132043838501,470.0,1.767132043838501,solid,sampled
A8-03,Section 3,3,1.705714225769043,471.0,1.705714225769043,solid,sampled
A8-03,Section 3,3,1.65740966796875,472.0,1.65740966796875,solid,sampled
A8-03,Section 3,3,1.6282362937927246,473.0,1.6282362937927246,solid,sampled
A8-03,Section 3,3,1.598508596420288,474.0,1.598508596420288,solid,sampled
A8-03,Section 3,3,1.5522156953811646,475.0,1.5522156953811646,solid,sampled
A8-03,Section 3,3,1.5223956108093262,476.0,1.5223956108093262,solid,sampled
A8-03,Section 3,3,1.4923522472381592,477.0,1.4923522472381592,solid,sampled
A8-03,Section 3,3,1.5025534629821777,478.0,1.5025534629821777,solid,sampled
A8-03,Section 3,3,1.5213265419006348,479.0,1.5213265419006348,solid,sampled
A8-03,Section 3,3,1.5146090984344482,480.0,1.5146090984344482,solid,sampled
A8-03,Section 3,3,1.4529874324798584,481.0,1.4529874324798584,solid,sampled
A8-03,Section 3,3,1.4114103317260742,482.0,1.4114103317260742,solid,sampled
A8-03,Section 3,3,1.3525991439819336,483.0,1.3525991439819336,solid,sampled
A8-03,Section 3,3,1.3158612251281738,484.0,1.3158612251281738,solid,sampled
A8-03,Section 3,3,1.271895170211792,485.0,1.271895170211792,solid,sampled
A8-03,Section 3,3,1.2121446132659912,486.0,1.2121446132659912,solid,sampled
A8-03,Section 3,3,1.183788776397705,487.0,1.183788776397705,solid,sampled
A8-03,Section 3,3,1.1272910833358765,488.0,1.1272910833358765,solid,sampled
A8-03,Section 3,3,1.0759221315383911,489.0,1.0759221315383911,solid,sampled
A8-03,Section 3,3,1.0310970544815063,490.0,1.0310970544815063,solid,sampled
A8-03,Section 3,3,0.9634072780609131,491.0,0.9634072780609131,solid,sampled
A8-03,Section 3,3,0.9068979024887085,492.0,0.9068979024887085,solid,sampled
A8-03,Section 3,3,0.8488691449165344,493.0,0.8488691449165344,solid,sampled
A8-03,Section 3,3,0.7716118097305298,494.0,0.7716118097305298,solid,sampled
A8-03,Section 3,3,0.7205146551132202,495.0,0.7205146551132202,solid,sampled
A8-03,Section 3,3,0.5689980387687683,496.0,0.5689980387687683,solid,sampled
A8-03,Section 3,3,0.4634770452976227,497.0,0.4634770452976227,solid,sampled
A8-03,Section 3,3,0.24140632152557373,498.0,0.24140632152557373,solid,sampled
A8-03,Section 3,3,-0.08478367328643799,499.0,-0.08478367328643799,solid,sampled
A8-03,Section 3,3,-0.6453053951263428,500.0,-0.6453053951263428,solid,sampled
A8-03,Section 3,3,-0.8940958976745605,501.0,-0.8940958976745605,solid,sampled
A8-03,Section 3,3,-3.0,502.0,-4.598696708679199,solid,water_floor
A8-03,Section 3,3,-3.0,503.0,-13.508623123168945,solid,water_floor
A8-03,Section 3,3,-3.0,504.0,-10.150897979736328,solid,water_floor
A8-03,Section 3,3,-3.0,505.0,-7.447429656982422,solid,water_floor
A8-03,Section 3,3,-3.0,506.0,-12.68139934539795,solid,water_floor
A8-03,Section 3,3,-3.0,507.0,-13.847850799560547,solid,water_floor
A8-03,Section 3,3,-3.0,508.0,-14.341289520263672,solid,water_floor
A8-03,Section 3,3,-3.0,509.0,-17.051149368286133,solid,water_floor
A8-03,Section 3,3,-3.0,510.0,-17.665451049804688,solid,water_floor
A8-03,Section 3,3,-3.0,511.0,-17.26725196838379,solid,water_floor
A8-03,Section 3,3,-3.0,512.0,-22.521923065185547,solid,water_floor
A8-03,Section 3,3,-3.0,513.0,-34.27849578857422,solid,water_floor
A8-03,Section 3,3,-3.0,514.0,-29.957332611083984,solid,water_floor
A8-03,Section 3,3,-3.0,515.0,-13.604095458984375,solid,water_floor
A8-03,Section 3,3,-3.0,516.0,-32.34856414794922,solid,water_floor
A8-03,Section 3,3,-3.0,517.0,-22.483335494995117,solid,water_floor
A8-03,Section 3,3,-3.0,518.0,-21.76502227783203,solid,water_floor
A8-03,Section 3,3,-3.0,519.0,-31.5584774017334,solid,water_floor
A8-03,Section 3,3,-3.0,520.0,-29.282611846923828,solid,water_floor
A8-03,Section 3,3,-3.0,521.0,-29.035888671875,solid,water_floor
A8-03,Section 3,3,-3.0,522.0,-22.60141372680664,solid,water_floor
A8-03,Section 3,3,-3.0,523.0,-26.214473724365234,solid,water_floor
A8-03,Section 3,3,-3.0,524.0,-28.162090301513672,solid,water_floor
A8-03,Section 3,3,-3.0,525.0,-23.79877281188965,solid,water_floor
A8-03,Section 3,3,-3.0,526.0,-17.316619873046875,solid,water_floor
A8-03,Section 3,3,-3.0,527.0,-22.391155242919922,solid,water_floor
A8-03,Section 3,3,-3.0,528.0,-19.462629318237305,solid,water_floor
A8-03,Section 3,3,-3.0,529.0,-14.888322830200195,solid,water_floor
A8-03,Section 3,3,-3.0,530.0,-18.332550048828125,solid,water_floor
A8-03,Section 3,3,-3.0,531.0,-18.969209671020508,solid,water_floor
A8-03,Section 3,3,-3.0,532.0,-11.440071105957031,solid,water_floor
A8-03,Section 3,3,-3.0,533.0,-31.518272399902344,solid,water_floor
A8-03,Section 3,3,-3.0,534.0,-15.499730110168457,solid,water_floor
A8-03,Section 3,3,-3.0,535.0,-13.977741241455078,solid,water_floor
A8-03,Section 3,3,-3.0,536.0,-14.203946113586426,solid,water_floor
A8-03,Section 3,3,-3.0,537.0,-11.918617248535156,solid,water_floor
A8-03,Section 3,3,-3.0,538.0,-12.146385192871094,solid,water_floor
A8-03,Section 3,3,-3.0,539.0,-10.220224380493164,solid,water_floor
A8-03,Section 3,3,-3.0,540.0,-10.092032432556152,solid,water_floor
A8-03,Section 3,3,-3.0,541.0,-6.562734127044678,solid,water_floor
A8-03,Section 3,3,-3.0,542.0,-7.464818954467773,solid,water_floor
A8-03,Section 3,3,-3.0,543.0,-6.143308162689209,solid,water_floor
A8-03,Section 3,3,-3.0,544.0,-6.546080589294434,solid,water_floor
A8-03,Section 3,3,-3.0,545.0,-5.79012393951416,solid,water_floor
A8-03,Section 3,3,-3.0,546.0,-3.7464494705200195,solid,water_floor
A8-03,Section 3,3,-1.8388108015060425,547.0,-1.8388108015060425,solid,sampled
A8-03,Section 3,3,-2.735126495361328,548.0,-2.735126495361328,solid,sampled
A8-03,Section 3,3,-0.37694358825683594,549.0,-0.37694358825683594,solid,sampled
A8-03,Section 3,3,-1.0314695835113525,550.0,-1.0314695835113525,solid,sampled
A8-03,Section 3,3,-0.14908045530319214,551.0,-0.14908045530319214,solid,sampled
A8-03,Section 3,3,-0.002376452088356018,552.0,-0.002376452088356018,solid,sampled
A8-03,Section 3,3,0.0069075822830200195,553.0,0.0069075822830200195,solid,sampled
A8-03,Section 3,3,0.05817404389381409,554.0,0.05817404389381409,solid,sampled
A8-03,Section 3,3,0.09325595200061798,555.0,0.09325595200061798,solid,sampled
A8-03,Section 3,3,0.18332259356975555,556.0,0.18332259356975555,solid,sampled
A8-03,Section 3,3,0.27618706226348877,557.0,0.27618706226348877,solid,sampled
A8-03,Section 3,3,0.3406009078025818,558.0,0.3406009078025818,solid,sampled
A8-03,Section 3,3,0.42187607288360596,559.0,0.42187607288360596,solid,sampled
A8-03,Section 3,3,0.5144467353820801,560.0,0.5144467353820801,solid,sampled
A8-03,Section 3,3,0.5885975360870361,561.0,0.5885975360870361,solid,sampled
A8-03,Section 3,3,0.6793859004974365,562.0,0.6793859004974365,solid,sampled
A8-03,Section 3,3,0.754629909992218,563.0,0.754629909992218,solid,sampled
A8-03,Section 3,3,0.8350489735603333,564.0,0.8350489735603333,solid,sampled
A8-03,Section 3,3,0.9265162944793701,565.0,0.9265162944793701,solid,sampled
A8-03,Section 3,3,0.9851823449134827,566.0,0.9851823449134827,solid,sampled
A8-03,Section 3,3,1.0777369737625122,567.0,1.0777369737625122,solid,sampled
A8-03,Section 3,3,1.1429907083511353,568.0,1.1429907083511353,solid,sampled
A8-03,Section 3,3,1.211873173713684,569.0,1.211873173713684,solid,sampled
A8-03,Section 3,3,1.270437240600586,570.0,1.270437240600586,solid,sampled
A8-03,Section 3,3,1.347693681716919,571.0,1.347693681716919,solid,sampled
A8-03,Section 3,3,1.396181344985962,572.0,1.396181344985962,solid,sampled
A8-03,Section 3,3,1.4709875583648682,573.0,1.4709875583648682,solid,sampled
A8-03,Section 3,3,1.5525712966918945,574.0,1.5525712966918945,solid,sampled
A8-03,Section 3,3,1.6250832080841064,575.0,1.6250832080841064,solid,sampled
A8-03,Section 3,3,1.6943446397781372,576.0,1.6943446397781372,solid,sampled
A8-03,Section 3,3,1.7525599002838135,577.0,1.7525599002838135,solid,sampled
A8-03,Section 3,3,1.8266291618347168,578.0,1.8266291618347168,solid,sampled
A8-03,Section 3,3,1.9019455909729004,579.0,1.9019455909729004,solid,sampled
A8-03,Section 3,3,1.9415264129638672,580.0,1.9415264129638672,solid,sampled
A8-03,Section 3,3,1.9256579875946045,581.0,1.9256579875946045,solid,sampled
A8-03,Section 3,3,1.9335863590240479,582.0,1.9335863590240479,solid,sampled
A8-03,Section 3,3,1.962944746017456,583.0,1.962944746017456,solid,sampled
A8-03,Section 3,3,1.983612060546875,584.0,1.983612060546875,solid,sampled
A8-03,Section 3,3,1.9910904169082642,585.0,1.9910904169082642,solid,sampled
A8-03,Section 3,3,2.0074121952056885,586.0,2.0074121952056885,solid,sampled
A8-03,Section 3,3,2.03183650970459,587.0,2.03183650970459,solid,sampled
A8-03,Section 3,3,2.0394704341888428,588.0,2.0394704341888428,solid,sampled
A8-03,Section 3,3,2.0643558502197266,589.0,2.0643558502197266,solid,sampled
A8-03,Section 3,3,2.0908780097961426,590.0,2.0908780097961426,solid,sampled
A8-03,Section 3,3,2.090743064880371,591.0,2.090743064880371,solid,sampled
A8-03,Section 3,3,2.11972975730896,592.0,2.11972975730896,solid,sampled
A8-03,Section 3,3,2.135556221008301,593.0,2.135556221008301,solid,sampled
A8-03,Section 3,3,2.1594152450561523,594.0,2.1594152450561523,solid,sampled
A8-03,Section 3,3,2.2090775966644287,595.0,2.2090775966644287,solid,sampled
A8-03,Section 3,3,2.266166925430298,596.0,2.266166925430298,solid,sampled
A8-03,Section 3,3,4.172734260559082,597.0,4.172734260559082,solid,sampled
A8-03,Section 3,3,12.839547157287598,598.0,12.839547157287598,solid,sampled
A8-03,Section 3,3,13.075883865356445,599.0,13.075883865356445,solid,sampled
A8-03,Section 3,3,13.425010681152344,600.0,13.425010681152344,solid,sampled
A8-03,Section 3,3,13.887754440307617,601.0,13.887754440307617,solid,sampled
A8-03,Section 3,3,14.328145027160645,602.0,14.328145027160645,solid,sampled
A8-03,Section 3,3,12.851836204528809,603.0,12.851836204528809,solid,sampled
A8-03,Section 3,3,13.015911102294922,604.0,13.015911102294922,solid,sampled
A8-03,Section 3,3,13.832538604736328,605.0,13.832538604736328,solid,sampled
A8-03,Section 3,3,13.698919296264648,606.0,13.698919296264648,solid,sampled
A8-03,Section 3,3,14.327179908752441,607.0,14.327179908752441,solid,sampled
A8-03,Section 3,3,13.823471069335938,608.0,13.823471069335938,solid,sampled
A8-03,Section 3,3,13.30135440826416,609.0,13.30135440826416,solid,sampled
A8-03,Section 3,3,18.68617057800293,610.0,18.68617057800293,solid,sampled
A8-03,Section 3,3,19.14702606201172,611.0,19.14702606201172,solid,sampled
A8-03,Section 3,3,18.954530715942383,612.0,18.954530715942383,solid,sampled
A8-03,Section 3,3,20.284940719604492,613.0,20.284940719604492,solid,sampled
A8-03,Section 3,3,20.533329010009766,614.0,20.533329010009766,solid,sampled
A8-03,Section 3,3,20.04891014099121,615.0,20.04891014099121,solid,sampled
A8-03,Section 3,3,19.995824813842773,616.0,19.995824813842773,solid,sampled
A8-03,Section 3,3,19.264909744262695,617.0,19.264909744262695,solid,sampled
A8-03,Section 3,3,19.649003982543945,618.0,19.649003982543945,solid,sampled
A8-03,Section 3,3,19.957767486572266,619.0,19.957767486572266,solid,sampled
A8-03,Section 3,3,19.756702423095703,620.0,19.756702423095703,solid,sampled
A8-03,Section 3,3,18.929401397705078,621.0,18.929401397705078,solid,sampled
A8-03,Section 3,3,17.833599090576172,622.0,17.833599090576172,solid,sampled
A8-03,Section 3,3,15.347368240356445,623.0,15.347368240356445,solid,sampled
A8-03,Section 3,3,16.28933334350586,624.0,16.28933334350586,solid,sampled
A8-03,Section 3,3,17.541213989257812,625.0,17.541213989257812,solid,sampled
A8-03,Section 3,3,17.521100997924805,626.0,17.521100997924805,solid,sampled
A8-03,Section 3,3,17.894548416137695,627.0,17.894548416137695,solid,sampled
A8-03,Section 3,3,18.786781311035156,628.0,18.786781311035156,solid,sampled
A8-03,Section 3,3,18.534883499145508,629.0,18.534883499145508,solid,sampled
A8-03,Section 3,3,18.37126922607422,630.0,18.37126922607422,solid,sampled
A8-03,Section 3,3,17.57805633544922,631.0,17.57805633544922,solid,sampled
A8-03,Section 3,3,17.80870246887207,632.0,17.80870246887207,solid,sampled
A8-03,Section 3,3,16.36103630065918,633.0,16.36103630065918,solid,sampled
A8-03,Section 3,3,16.156475067138672,634.0,16.156475067138672,solid,sampled
A8-03,Section 3,3,15.954198837280273,635.0,15.954198837280273,solid,sampled
A8-03,Section 3,3,14.687198638916016,636.0,14.687198638916016,solid,sampled
A8-03,Section 3,3,12.955018997192383,637.0,12.955018997192383,solid,sampled
A8-03,Section 3,3,13.015408515930176,638.0,13.015408515930176,solid,sampled
A8-03,Section 3,3,13.152795791625977,639.0,13.152795791625977,solid,sampled
A8-03,Section 3,3,0.0,640.0,,dotted,null_fill
A8-03,Section 3,3,0.0,641.0,,dotted,null_fill
A8-03,Section 3,3,0.0,642.0,,dotted,null_fill
A8-03,Section 3,3,0.0,643.0,,dotted,null_fill
A8-03,Section 3,3,0.0,644.0,,dotted,null_fill
A8-03,Section 3,3,0.0,645.0,,dotted,null_fill
A8-03,Section 3,3,0.0,646.0,,dotted,null_fill
A8-03,Section 3,3,0.0,647.0,,dotted,null_fill
A8-03,Section 3,3,0.0,648.0,,dotted,null_fill
A8-03,Section 3,3,0.0,649.0,,dotted,null_fill
A8-03,Section 3,3,0.0,650.0,,dotted,null_fill
A8-03,Section 3,3,0.0,651.0,,dotted,null_fill
A8-03,Section 3,3,0.0,652.0,,dotted,null_fill
A8-03,Section 3,3,0.0,653.0,,dotted,null_fill
A8-03,Section 3,3,0.0,654.0,,dotted,null_fill
A8-03,Section 3,3,0.0,655.0,,dotted,null_fill
A8-03,Section 3,3,0.0,656.0,,dotted,null_fill
A8-03,Section 3,3,0.0,657.0,,dotted,null_fill
A8-03,Section 3,3,0.0,658.0,,dotted,null_fill
A8-03,Section 3,3,0.0,659.0,,dotted,null_fill
A8-03,Section 3,3,0.0,660.0,,dotted,null_fill
