section_id,label,sort_order,height_m,distance_m,raw_height_m,line_style,value_state
A3-02,Section 2,2,0.0,0.0,,dotted,null_fill
A3-02,Section 2,2,0.0,1.0,,dotted,null_fill
A3-02,Section 2,2,0.0,2.0,,dotted,null_fill
A3-02,Section 2,2,0.0,3.0,,dotted,null_fill
A3-02,Section 2,2,0.0,4.0,,dotted,null_fill
A3-02,Section 2,2,0.0,5.0,,dotted,null_fill
A3-02,Section 2,2,0.0,6.0,,dotted,null_fill
A3-02,Section 2,2,0.0,7.0,,dotted,null_fill
A3-02,Section 2,2,0.0,8.0,,dotted,null_fill
A3-02,Section 2,2,0.0,9.0,,dotted,null_fill
A3-02,Section 2,2,0.0,10.0,,dotted,null_fill
A3-02,Section 2,2,0.0,11.0,,dotted,null_fill
A3-02,Section 2,2,0.0,12.0,,dotted,null_fill
A3-02,Section 2,2,0.0,13.0,,dotted,null_fill
A3-02,Section 2,2,0.0,14.0,,dotted,null_fill
A3-02,Section 2,2,0.0,15.0,,dotted,null_fill
A3-02,Section 2,2,0.0,16.0,,dotted,null_fill
A3-02,Section 2,2,0.0,17.0,,dotted,null_fill
A3-02,Section 2,2,0.0,18.0,,dotted,null_fill
A3-02,Section 2,2,0.0,19.0,,dotted,null_fill
A3-02,Section 2,2,0.0,20.0,,dotted,null_fill
A3-02,Section 2,2,0.0,21.0,,dotted,null_fill
A3-02,Section 2,2,0.0,22.0,,dotted,null_fill
A3-02,Section 2,2,0.0,23.0,,dotted,null_fill
A3-02,Section 2,2,0.0,24.0,,dotted,null_fill
A3-02,Section 2,2,0.0,25.0,,dotted,null_fill
A3-02,Section 2,2,0.0,26.0,,dotted,null_fill
A3-02,Section 2,2,0.0,27.0,,dotted,null_fill
A3-02,Section 2,2,0.0,28.0,,dotted,null_fill
A3-02,Section 2,2,0.0,29.0,,dotted,null_fill
A3-02,Section 2,2,0.0,30.0,,dotted,null_fill
A3-02,Section 2,2,0.0,31.0,,dotted,null_fill
A3-02,Section 2,2,0.0,32.0,,dotted,null_fill
A3-02,Section 2,2,0.0,33.0,,dotted,null_fill
A3-02,Section 2,2,0.0,34.0,,dotted,null_fill
A3-02,Section 2,2,0.0,35.0,,dotted,null_fill
A3-02,Section 2,2,0.0,36.0,,dotted,null_fill
A3-02,Section 2,2,0.0,37.0,,dotted,null_fill
A3-02,Section 2,2,0.0,38.0,,dotted,null_fill
A3-02,Section 2,2,0.0,39.0,,dotted,null_fill
A3-02,Section 2,2,0.0,40.0,,dotted,null_fill
A3-02,Section 2,2,0.0,41.0,,dotted,null_fill
A3-02,Section 2,2,0.0,42.0,,dotted,null_fill
A3-02,Section 2,2,0.0,43.0,,dotted,null_fill
A3-02,Section 2,2,0.0,44.0,,dotted,null_fill
A3-02,Section 2,2,0.0,45.0,,dotted,null_fill
A3-02,Section 2,2,0.0,46.0,,dotted,null_fill
A3-02,Section 2,2,0.0,47.0,,dotted,null_fill
A3-02,Section 2,2,0.0,48.0,,dotted,null_fill
A3-02,Section 2,2,0.0,49.0,,dotted,null_fill
A3-02,Section 2,2,0.0,50.0,,dotted,null_fill
A3-02,Section 2,2,0.0,51.0,,dotted,null_fill
A3-02,Section 2,2,0.0,52.0,,dotted,null_fill
A3-02,Section 2,2,0.0,53.0,,dotted,null_fill
A3-02,Section 2,2,0.0,54.0,,dotted,null_fill
A3-02,Section 2,2,0.0,55.0,,dotted,null_fill
A3-02,Section 2,2,0.0,56.0,,dotted,null_fill
A3-02,Section 2,2,12.7741117477417,57.0,12.7741117477417,solid,sampled
A3-02,Section 2,2,12.307442665100098,58.0,12.307442665100098,solid,sampled
A3-02,Section 2,2,11.622428894042969,59.0,11.622428894042969,solid,sampled
A3-02,Section 2,2,10.99113655090332,60.0,10.99113655090332,solid,sampled
A3-02,Section 2,2,10.073314666748047,61.0,10.073314666748047,solid,sampled
A3-02,Section 2,2,7.021300315856934,62.0,7.021300315856934,solid,sampled
A3-02,Section 2,2,5.217152118682861,63.0,5.217152118682861,solid,sampled
A3-02,Section 2,2,5.109129428863525,64.0,5.109129428863525,solid,sampled
A3-02,Section 2,2,4.982006549835205,65.0,4.982006549835205,solid,sampled
A3-02,Section 2,2,4.919816970825195,66.0,4.919816970825195,solid,sampled
A3-02,Section 2,2,4.867846488952637,67.0,4.867846488952637,solid,sampled
A3-02,Section 2,2,4.815825939178467,68.0,4.815825939178467,solid,sampled
A3-02,Section 2,2,4.794078826904297,69.0,4.794078826904297,solid,sampled
A3-02,Section 2,2,4.785862922668457,70.0,4.785862922668457,solid,sampled
A3-02,Section 2,2,4.7976179122924805,71.0,4.7976179122924805,solid,sampled
A3-02,Section 2,2,4.76715087890625,72.0,4.76715087890625,solid,sampled
A3-02,Section 2,2,4.719339847564697,73.0,4.719339847564697,solid,sampled
A3-02,Section 2,2,4.684480667114258,74.0,4.684480667114258,solid,sampled
A3-02,Section 2,2,4.657171249389648,75.0,4.657171249389648,solid,sampled
A3-02,Section 2,2,4.56835412979126,76.0,4.56835412979126,solid,sampled
A3-02,Section 2,2,4.476323127746582,77.0,4.476323127746582,solid,sampled
A3-02,Section 2,2,4.414093494415283,78.0,4.414093494415283,solid,sampled
A3-02,Section 2,2,4.324054718017578,79.0,4.324054718017578,solid,sampled
A3-02,Section 2,2,4.227834701538086,80.0,4.227834701538086,solid,sampled
A3-02,Section 2,2,4.1206841468811035,81.0,4.1206841468811035,solid,sampled
A3-02,Section 2,2,4.086033821105957,82.0,4.086033821105957,solid,sampled
A3-02,Section 2,2,4.013395309448242,83.0,4.013395309448242,solid,sampled
A3-02,Section 2,2,3.9953386783599854,84.0,3.9953386783599854,solid,sampled
A3-02,Section 2,2,3.982598066329956,85.0,3.982598066329956,solid,sampled
A3-02,Section 2,2,3.9746265411376953,86.0,3.9746265411376953,solid,sampled
A3-02,Section 2,2,3.935171604156494,87.0,3.935171604156494,solid,sampled
A3-02,Section 2,2,3.9062397480010986,88.0,3.9062397480010986,solid,sampled
A3-02,Section 2,2,3.872530221939087,89.0,3.872530221939087,solid,sampled
A3-02,Section 2,2,3.8542912006378174,90.0,3.8542912006378174,solid,sampled
A3-02,Section 2,2,3.8389289379119873,91.0,3.8389289379119873,solid,sampled
A3-02,Section 2,2,3.8136940002441406,92.0,3.8136940002441406,solid,sampled
A3-02,Section 2,2,3.788668632507324,93.0,3.788668632507324,solid,sampled
A3-02,Section 2,2,3.772618293762207,94.0,3.772618293762207,solid,sampled
A3-02,Section 2,2,3.723165512084961,95.0,3.723165512084961,solid,sampled
A3-02,Section 2,2,3.6692771911621094,96.0,3.6692771911621094,solid,sampled
A3-02,Section 2,2,3.6151225566864014,97.0,3.6151225566864014,solid,sampled
A3-02,Section 2,2,3.5543313026428223,98.0,3.5543313026428223,solid,sampled
A3-02,Section 2,2,3.495208263397217,99.0,3.495208263397217,solid,sampled
A3-02,Section 2,2,3.4336154460906982,100.0,3.4336154460906982,solid,sampled
A3-02,Section 2,2,3.362321615219116,101.0,3.362321615219116,solid,sampled
A3-02,Section 2,2,3.303391218185425,102.0,3.303391218185425,solid,sampled
A3-02,Section 2,2,3.236645460128784,103.0,3.236645460128784,solid,sampled
A3-02,Section 2,2,3.174495220184326,104.0,3.174495220184326,solid,sampled
A3-02,Section 2,2,3.1082217693328857,105.0,3.1082217693328857,solid,sampled
A3-02,Section 2,2,3.0421831607818604,106.0,3.0421831607818604,solid,sampled
A3-02,Section 2,2,2.985903739929199,107.0,2.985903739929199,solid,sampled
A3-02,Section 2,2,2.9106171131134033,108.0,2.9106171131134033,solid,sampled
A3-02,Section 2,2,2.850687265396118,109.0,2.850687265396118,solid,sampled
A3-02,Section 2,2,2.766026258468628,110.0,2.766026258468628,solid,sampled
A3-02,Section 2,2,2.688011646270752,111.0,2.688011646270752,solid,sampled
A3-02,Section 2,2,2.6276543140411377,112.0,2.6276543140411377,solid,sampled
A3-02,Section 2,2,2.568289279937744,113.0,2.568289279937744,solid,sampled
A3-02,Section 2,2,2.494028091430664,114.0,2.494028091430664,solid,sampled
A3-02,Section 2,2,2.4114956855773926,115.0,2.4114956855773926,solid,sampled
A3-02,Section 2,2,2.3467917442321777,116.0,2.3467917442321777,solid,sampled
A3-02,Section 2,2,2.273547410964966,117.0,2.273547410964966,solid,sampled
A3-02,Section 2,2,2.1892781257629395,118.0,2.1892781257629395,solid,sampled
A3-02,Section 2,2,2.113591194152832,119.0,2.113591194152832,solid,sampled
A3-02,Section 2,2,2.023179292678833,120.0,2.023179292678833,solid,sampled
A3-02,Section 2,2,1.948362112045288,121.0,1.948362112045288,solid,sampled
A3-02,Section 2,2,1.8756496906280518,122.0,1.8756496906280518,solid,sampled
A3-02,Section 2,2,1.8027194738388062,123.0,1.8027194738388062,solid,sampled
A3-02,Section 2,2,1.731830358505249,124.0,1.731830358505249,solid,sampled
A3-02,Section 2,2,1.6523172855377197,125.0,1.6523172855377197,solid,sampled
A3-02,Section 2,2,1.584815263748169,126.0,1.584815263748169,solid,sampled
A3-02,Section 2,2,1.5267188549041748,127.0,1.5267188549041748,solid,sampled
A3-02,Section 2,2,1.4578444957733154,128.0,1.4578444957733154,solid,sampled
A3-02,Section 2,2,1.4005050659179688,129.0,1.4005050659179688,solid,sampled
A3-02,Section 2,2,1.3513418436050415,130.0,1.3513418436050415,solid,sampled
A3-02,Section 2,2,1.3137946128845215,131.0,1.3137946128845215,solid,sampled
A3-02,Section 2,2,1.2767072916030884,132.0,1.2767072916030884,solid,sampled
A3-02,Section 2,2,1.2477341890335083,133.0,1.2477341890335083,solid,sampled
A3-02,Section 2,2,1.2246454954147339,134.0,1.2246454954147339,solid,sampled
A3-02,Section 2,2,1.196370244026184,135.0,1.196370244026184,solid,sampled
A3-02,Section 2,2,1.1733670234680176,136.0,1.1733670234680176,solid,sampled
A3-02,Section 2,2,1.1754748821258545,137.0,1.1754748821258545,solid,sampled
A3-02,Section 2,2,1.1686277389526367,138.0,1.1686277389526367,solid,sampled
A3-02,Section 2,2,1.1434123516082764,139.0,1.1434123516082764,solid,sampled
A3-02,Section 2,2,1.1034104824066162,140.0,1.1034104824066162,solid,sampled
A3-02,Section 2,2,1.0927530527114868,141.0,1.0927530527114868,solid,sampled
A3-02,Section 2,2,1.0861339569091797,142.0,1.0861339569091797,solid,sampled
A3-02,Section 2,2,1.0765900611877441,143.0,1.0765900611877441,solid,sampled
A3-02,Section 2,2,1.0498313903808594,144.0,1.0498313903808594,solid,sampled
A3-02,Section 2,2,1.0268586874008179,145.0,1.0268586874008179,solid,sampled
A3-02,Section 2,2,1.013453722000122,146.0,1.013453722000122,solid,sampled
A3-02,Section 2,2,1.0044164657592773,147.0,1.0044164657592773,solid,sampled
A3-02,Section 2,2,1.004655122756958,148.0,1.004655122756958,solid,sampled
A3-02,Section 2,2,1.0255712270736694,149.0,1.0255712270736694,solid,sampled
A3-02,Section 2,2,1.052932620048523,150.0,1.052932620048523,solid,sampled
A3-02,Section 2,2,1.0518724918365479,151.0,1.0518724918365479,solid,sampled
A3-02,Section 2,2,1.0558711290359497,152.0,1.0558711290359497,solid,sampled
A3-02,Section 2,2,1.0568974018096924,153.0,1.0568974018096924,solid,sampled
A3-02,Section 2,2,1.0425434112548828,154.0,1.0425434112548828,solid,sampled
A3-02,Section 2,2,1.0506105422973633,155.0,1.0506105422973633,solid,sampled
A3-02,Section 2,2,1.0434751510620117,156.0,1.0434751510620117,solid,sampled
A3-02,Section 2,2,1.0260286331176758,157.0,1.0260286331176758,solid,sampled
A3-02,Section 2,2,1.0116801261901855,158.0,1.0116801261901855,solid,sampled
A3-02,Section 2,2,0.9948565363883972,159.0,0.9948565363883972,solid,sampled
A3-02,Section 2,2,0.9768218994140625,160.0,0.9768218994140625,solid,sampled
A3-02,Section 2,2,0.97071373462677,161.0,0.97071373462677,solid,sampled
A3-02,Section 2,2,0.9719635248184204,162.0,0.9719635248184204,solid,sampled
A3-02,Section 2,2,0.9614412188529968,163.0,0.9614412188529968,solid,sampled
A3-02,Section 2,2,0.9438291788101196,164.0,0.9438291788101196,solid,sampled
A3-02,Section 2,2,0.9413645267486572,165.0,0.9413645267486572,solid,sampled
A3-02,Section 2,2,0.9286824464797974,166.0,0.9286824464797974,solid,sampled
A3-02,Section 2,2,0.9183269739151001,167.0,0.9183269739151001,solid,sampled
A3-02,Section 2,2,0.908318042755127,168.0,0.908318042755127,solid,sampled
A3-02,Section 2,2,0.8875952959060669,169.0,0.8875952959060669,solid,sampled
A3-02,Section 2,2,0.8890568017959595,170.0,0.8890568017959595,solid,sampled
A3-02,Section 2,2,0.8725757002830505,171.0,0.8725757002830505,solid,sampled
A3-02,Section 2,2,0.8491389155387878,172.0,0.8491389155387878,solid,sampled
A3-02,Section 2,2,0.8418404459953308,173.0,0.8418404459953308,solid,sampled
A3-02,Section 2,2,0.8259767889976501,174.0,0.8259767889976501,solid,sampled
A3-02,Section 2,2,0.81168133020401,175.0,0.81168133020401,solid,sampled
A3-02,Section 2,2,0.8053669929504395,176.0,0.8053669929504395,solid,sampled
A3-02,Section 2,2,0.7726096510887146,177.0,0.7726096510887146,solid,sampled
A3-02,Section 2,2,0.7485296726226807,178.0,0.7485296726226807,solid,sampled
A3-02,Section 2,2,0.7434468269348145,179.0,0.7434468269348145,solid,sampled
A3-02,Section 2,2,0.728229284286499,180.0,0.728229284286499,solid,sampled
A3-02,Section 2,2,0.7097257375717163,181.0,0.7097257375717163,solid,sampled
A3-02,Section 2,2,0.6970406770706177,182.0,0.6970406770706177,solid,sampled
A3-02,Section 2,2,0.6727356910705566,183.0,0.6727356910705566,solid,sampled
A3-02,Section 2,2,0.6416832804679871,184.0,0.6416832804679871,solid,sampled
A3-02,Section 2,2,0.5889863967895508,185.0,0.5889863967895508,solid,sampled
A3-02,Section 2,2,0.4872448444366455,186.0,0.4872448444366455,solid,sampled
A3-02,Section 2,2,0.32425811886787415,187.0,0.32425811886787415,solid,sampled
A3-02,Section 2,2,0.19056105613708496,188.0,0.19056105613708496,solid,sampled
A3-02,Section 2,2,0.11544565856456757,189.0,0.11544565856456757,solid,sampled
A3-02,Section 2,2,0.04693251848220825,190.0,0.04693251848220825,solid,sampled
A3-02,Section 2,2,0.004958942532539368,191.0,0.004958942532539368,solid,sampled
A3-02,Section 2,2,-0.04799944907426834,192.0,-0.04799944907426834,solid,sampled
A3-02,Section 2,2,-0.07056033611297607,193.0,-0.07056033611297607,solid,sampled
A3-02,Section 2,2,-0.09133988618850708,194.0,-0.09133988618850708,solid,sampled
A3-02,Section 2,2,-0.050849467515945435,195.0,-0.050849467515945435,solid,sampled
A3-02,Section 2,2,-0.1058495044708252,196.0,-0.1058495044708252,solid,sampled
A3-02,Section 2,2,-0.07111987471580505,197.0,-0.07111987471580505,solid,sampled
A3-02,Section 2,2,-0.03372673690319061,198.0,-0.03372673690319061,solid,sampled
A3-02,Section 2,2,0.003767244517803192,199.0,0.003767244517803192,solid,sampled
A3-02,Section 2,2,0.05207592248916626,200.0,0.05207592248916626,solid,sampled
A3-02,Section 2,2,0.04974418133497238,201.0,0.04974418133497238,solid,sampled
A3-02,Section 2,2,0.02076435089111328,202.0,0.02076435089111328,solid,sampled
A3-02,Section 2,2,0.02421736717224121,203.0,0.02421736717224121,solid,sampled
A3-02,Section 2,2,0.03831416368484497,204.0,0.03831416368484497,solid,sampled
A3-02,Section 2,2,0.049950286746025085,205.0,0.049950286746025085,solid,sampled
A3-02,Section 2,2,0.062465012073516846,206.0,0.062465012073516846,solid,sampled
A3-02,Section 2,2,0.09304077923297882,207.0,0.09304077923297882,solid,sampled
A3-02,Section 2,2,0.1001080870628357,208.0,0.1001080870628357,solid,sampled
A3-02,Section 2,2,0.11309254169464111,209.0,0.11309254169464111,solid,sampled
A3-02,Section 2,2,0.1284603774547577,210.0,0.1284603774547577,solid,sampled
A3-02,Section 2,2,0.14265692234039307,211.0,0.14265692234039307,solid,sampled
A3-02,Section 2,2,0.16627037525177002,212.0,0.16627037525177002,solid,sampled
A3-02,Section 2,2,0.18005889654159546,213.0,0.18005889654159546,solid,sampled
A3-02,Section 2,2,0.2034211903810501,214.0,0.2034211903810501,solid,sampled
A3-02,Section 2,2,0.21297162771224976,215.0,0.21297162771224976,solid,sampled
A3-02,Section 2,2,0.23685316741466522,216.0,0.23685316741466522,solid,sampled
A3-02,Section 2,2,0.23205506801605225,217.0,0.23205506801605225,solid,sampled
A3-02,Section 2,2,0.23965248465538025,218.0,0.23965248465538025,solid,sampled
A3-02,Section 2,2,0.2733030915260315,219.0,0.2733030915260315,solid,sampled
A3-02,Section 2,2,0.2819194793701172,220.0,0.2819194793701172,solid,sampled
A3-02,Section 2,2,0.29944467544555664,221.0,0.29944467544555664,solid,sampled
A3-02,Section 2,2,0.3074374198913574,222.0,0.3074374198913574,solid,sampled
A3-02,Section 2,2,0.3121272325515747,223.0,0.3121272325515747,solid,sampled
A3-02,Section 2,2,0.3195079565048218,224.0,0.3195079565048218,solid,sampled
A3-02,Section 2,2,0.3521308898925781,225.0,0.3521308898925781,solid,sampled
A3-02,Section 2,2,0.36186903715133667,226.0,0.36186903715133667,solid,sampled
A3-02,Section 2,2,0.36138916015625,227.0,0.36138916015625,solid,sampled
A3-02,Section 2,2,0.3702123761177063,228.0,0.3702123761177063,solid,sampled
A3-02,Section 2,2,0.39161986112594604,229.0,0.39161986112594604,solid,sampled
A3-02,Section 2,2,0.38839152455329895,230.0,0.38839152455329895,solid,sampled
A3-02,Section 2,2,0.4135996699333191,231.0,0.4135996699333191,solid,sampled
A3-02,Section 2,2,0.41684919595718384,232.0,0.41684919595718384,solid,sampled
A3-02,Section 2,2,0.4226214289665222,233.0,0.4226214289665222,solid,sampled
A3-02,Section 2,2,0.43456506729125977,234.0,0.43456506729125977,solid,sampled
A3-02,Section 2,2,0.4131917953491211,235.0,0.4131917953491211,solid,sampled
A3-02,Section 2,2,0.4218204915523529,236.0,0.4218204915523529,solid,sampled
A3-02,Section 2,2,0.4205735921859741,237.0,0.4205735921859741,solid,sampled
A3-02,Section 2,2,0.4171631932258606,238.0,0.4171631932258606,solid,sampled
A3-02,Section 2,2,0.41156136989593506,239.0,0.41156136989593506,solid,sampled
A3-02,Section 2,2,0.42009562253952026,240.0,0.42009562253952026,solid,sampled
A3-02,Section 2,2,0.4205951988697052,241.0,0.4205951988697052,solid,sampled
A3-02,Section 2,2,0.38367509841918945,242.0,0.38367509841918945,solid,sampled
A3-02,Section 2,2,0.37485694885253906,243.0,0.37485694885253906,solid,sampled
A3-02,Section 2,2,0.36474573612213135,244.0,0.36474573612213135,solid,sampled
A3-02,Section 2,2,0.37764406204223633,245.0,0.37764406204223633,solid,sampled
A3-02,Section 2,2,0.3655300438404083,246.0,0.3655300438404083,solid,sampled
A3-02,Section 2,2,0.36024951934814453,247.0,0.36024951934814453,solid,sampled
A3-02,Section 2,2,0.35724008083343506,248.0,0.35724008083343506,solid,sampled
A3-02,Section 2,2,0.35239675641059875,249.0,0.35239675641059875,solid,sampled
A3-02,Section 2,2,0.33734750747680664,250.0,0.33734750747680664,solid,sampled
A3-02,Section 2,2,0.33021318912506104,251.0,0.33021318912506104,solid,sampled
A3-02,Section 2,2,0.36616653203964233,252.0,0.36616653203964233,solid,sampled
A3-02,Section 2,2,0.3921166956424713,253.0,0.3921166956424713,solid,sampled
A3-02,Section 2,2,0.42066454887390137,254.0,0.42066454887390137,solid,sampled
A3-02,Section 2,2,0.4686359167098999,255.0,0.4686359167098999,solid,sampled
A3-02,Section 2,2,0.473503053188324,256.0,0.473503053188324,solid,sampled
A3-02,Section 2,2,0.4888085722923279,257.0,0.4888085722923279,solid,sampled
A3-02,Section 2,2,0.47481173276901245,258.0,0.47481173276901245,solid,sampled
A3-02,Section 2,2,0.4717753529548645,259.0,0.4717753529548645,solid,sampled
A3-02,Section 2,2,0.47257912158966064,260.0,0.47257912158966064,solid,sampled
A3-02,Section 2,2,0.45980334281921387,261.0,0.45980334281921387,solid,sampled
A3-02,Section 2,2,0.4503517746925354,262.0,0.4503517746925354,solid,sampled
A3-02,Section 2,2,0.44553688168525696,263.0,0.44553688168525696,solid,sampled
A3-02,Section 2,2,0.43587803840637207,264.0,0.43587803840637207,solid,sampled
A3-02,Section 2,2,0.4255262315273285,265.0,0.4255262315273285,solid,sampled
A3-02,Section 2,2,0.42689764499664307,266.0,0.42689764499664307,solid,sampled
A3-02,Section 2,2,0.4100480377674103,267.0,0.4100480377674103,solid,sampled
A3-02,Section 2,2,0.3974841237068176,268.0,0.3974841237068176,solid,sampled
A3-02,Section 2,2,0.38429367542266846,269.0,0.38429367542266846,solid,sampled
A3-02,Section 2,2,0.3596750497817993,270.0,0.3596750497817993,solid,sampled
A3-02,Section 2,2,0.3478265404701233,271.0,0.3478265404701233,solid,sampled
A3-02,Section 2,2,0.3437729477882385,272.0,0.3437729477882385,solid,sampled
A3-02,Section 2,2,0.32278525829315186,273.0,0.32278525829315186,solid,sampled
A3-02,Section 2,2,0.31003323197364807,274.0,0.31003323197364807,solid,sampled
A3-02,Section 2,2,0.3004665672779083,275.0,0.3004665672779083,solid,sampled
A3-02,Section 2,2,0.2912259101867676,276.0,0.2912259101867676,solid,sampled
A3-02,Section 2,2,0.28973138332366943,277.0,0.28973138332366943,solid,sampled
A3-02,Section 2,2,0.2749326527118683,278.0,0.2749326527118683,solid,sampled
A3-02,Section 2,2,0.27072417736053467,279.0,0.27072417736053467,solid,sampled
A3-02,Section 2,2,0.27011826634407043,280.0,0.27011826634407043,solid,sampled
A3-02,Section 2,2,0.2804188132286072,281.0,0.2804188132286072,solid,sampled
A3-02,Section 2,2,0.2666141986846924,282.0,0.2666141986846924,solid,sampled
A3-02,Section 2,2,0.2624168395996094,283.0,0.2624168395996094,solid,sampled
A3-02,Section 2,2,0.22969797253608704,284.0,0.22969797253608704,solid,sampled
A3-02,Section 2,2,0.23042471706867218,285.0,0.23042471706867218,solid,sampled
A3-02,Section 2,2,0.21886470913887024,286.0,0.21886470913887024,solid,sampled
A3-02,Section 2,2,0.20482540130615234,287.0,0.20482540130615234,solid,sampled
A3-02,Section 2,2,0.20180881023406982,288.0,0.20180881023406982,solid,sampled
A3-02,Section 2,2,0.20979073643684387,289.0,0.20979073643684387,solid,sampled
A3-02,Section 2,2,0.21063898503780365,290.0,0.21063898503780365,solid,sampled
A3-02,Section 2,2,0.21365299820899963,291.0,0.21365299820899963,solid,sampled
A3-02,Section 2,2,0.2254321277141571,292.0,0.2254321277141571,solid,sampled
A3-02,Section 2,2,0.22322267293930054,293.0,0.22322267293930054,solid,sampled
A3-02,Section 2,2,0.22529523074626923,294.0,0.22529523074626923,solid,sampled
A3-02,Section 2,2,0.22805190086364746,295.0,0.22805190086364746,solid,sampled
A3-02,Section 2,2,0.2306874394416809,296.0,0.2306874394416809,solid,sampled
A3-02,Section 2,2,0.23606593906879425,297.0,0.23606593906879425,solid,sampled
A3-02,Section 2,2,0.23083917796611786,298.0,0.23083917796611786,solid,sampled
A3-02,Section 2,2,0.20862555503845215,299.0,0.20862555503845215,solid,sampled
A3-02,Section 2,2,0.2012019008398056,300.0,0.2012019008398056,solid,sampled
A3-02,Section 2,2,0.18301630020141602,301.0,0.18301630020141602,solid,sampled
A3-02,Section 2,2,0.1360512375831604,302.0,0.1360512375831604,solid,sampled
A3-02,Section 2,2,0.08288589119911194,303.0,0.08288589119911194,solid,sampled
A3-02,Section 2,2,0.052825927734375,304.0,0.052825927734375,solid,sampled
A3-02,Section 2,2,-0.0008139610290527344,305.0,-0.0008139610290527344,solid,sampled
A3-02,Section 2,2,-0.03894980996847153,306.0,-0.03894980996847153,solid,sampled
A3-02,Section 2,2,-0.09481517970561981,307.0,-0.09481517970561981,solid,sampled
A3-02,Section 2,2,-0.1465376615524292,308.0,-0.1465376615524292,solid,sampled
A3-02,Section 2,2,-0.18630605936050415,309.0,-0.18630605936050415,solid,sampled
A3-02,Section 2,2,-0.22554367780685425,310.0,-0.22554367780685425,solid,sampled
A3-02,Section 2,2,-0.2587539255619049,311.0,-0.2587539255619049,solid,sampled
A3-02,Section 2,2,-0.30133605003356934,312.0,-0.30133605003356934,solid,sampled
A3-02,Section 2,2,-0.3389517068862915,313.0,-0.3389517068862915,solid,sampled
A3-02,Section 2,2,-0.3894144296646118,314.0,-0.3894144296646118,solid,sampled
A3-02,Section 2,2,-0.4319641590118408,315.0,-0.4319641590118408,solid,sampled
A3-02,Section 2,2,-0.5058450698852539,316.0,-0.5058450698852539,solid,sampled
A3-02,Section 2,2,-0.5662342309951782,317.0,-0.5662342309951782,solid,sampled
A3-02,Section 2,2,-0.6271356344223022,318.0,-0.6271356344223022,solid,sampled
A3-02,Section 2,2,-0.6877756714820862,319.0,-0.6877756714820862,solid,sampled
A3-02,Section 2,2,-0.7590546607971191,320.0,-0.7590546607971191,solid,sampled
A3-02,Section 2,2,-0.8419848680496216,321.0,-0.8419848680496216,solid,sampled
A3-02,Section 2,2,-0.9251370429992676,322.0,-0.9251370429992676,solid,sampled
A3-02,Section 2,2,-0.9987897276878357,323.0,-0.9987897276878357,solid,sampled
A3-02,Section 2,2,-1.0759872198104858,324.0,-1.0759872198104858,solid,sampled
A3-02,Section 2,2,-1.1645166873931885,325.0,-1.1645166873931885,solid,sampled
A3-02,Section 2,2,-1.2376965284347534,326.0,-1.2376965284347534,solid,sampled
A3-02,Section 2,2,-1.3342602252960205,327.0,-1.3342602252960205,solid,sampled
A3-02,Section 2,2,-1.4464030265808105,328.0,-1.4464030265808105,solid,sampled
A3-02,Section 2,2,-1.5182710886001587,329.0,-1.5182710886001587,solid,sampled
A3-02,Section 2,2,-1.6258876323699951,330.0,-1.6258876323699951,solid,sampled
A3-02,Section 2,2,-1.717384934425354,331.0,-1.717384934425354,solid,sampled
A3-02,Section 2,2,-1.8239293098449707,332.0,-1.8239293098449707,solid,sampled
A3-02,Section 2,2,-1.8896479606628418,333.0,-1.8896479606628418,solid,sampled
A3-02,Section 2,2,-1.9720122814178467,334.0,-1.9720122814178467,solid,sampled
A3-02,Section 2,2,-2.0420076847076416,335.0,-2.0420076847076416,solid,sampled
A3-02,Section 2,2,-2.118042469024658,336.0,-2.118042469024658,solid,sampled
A3-02,Section 2,2,-2.2639713287353516,337.0,-2.2639713287353516,solid,sampled
A3-02,Section 2,2,-2.387535572052002,338.0,-2.387535572052002,solid,sampled
A3-02,Section 2,2,-2.5130131244659424,339.0,-2.5130131244659424,solid,sampled
A3-02,Section 2,2,-2.643106460571289,340.0,-2.643106460571289,solid,sampled
A3-02,Section 2,2,-2.7726776599884033,341.0,-2.7726776599884033,solid,sampled
A3-02,Section 2,2,-2.9214751720428467,342.0,-2.9214751720428467,solid,sampled
A3-02,Section 2,2,-2.983520746231079,343.0,-2.983520746231079,solid,sampled
A3-02,Section 2,2,-2.9475338459014893,344.0,-2.9475338459014893,solid,sampled
A3-02,Section 2,2,-3.0,345.0,-3.5791473388671875,solid,water_floor
A3-02,Section 2,2,-3.0,346.0,-3.3474721908569336,solid,water_floor
A3-02,Section 2,2,-3.0,347.0,-3.57613205909729,solid,water_floor
A3-02,Section 2,2,-3.0,348.0,-4.635658264160156,solid,water_floor
A3-02,Section 2,2,-3.0,349.0,-8.620918273925781,solid,water_floor
A3-02,Section 2,2,-3.0,350.0,-13.804165840148926,solid,water_floor
A3-02,Section 2,2,-3.0,351.0,-13.76702880859375,solid,water_floor
A3-02,Section 2,2,-3.0,352.0,-17.267616271972656,solid,water_floor
A3-02,Section 2,2,-3.0,353.0,-8.712699890136719,solid,water_floor
A3-02,Section 2,2,-3.0,354.0,-17.927635192871094,solid,water_floor
A3-02,Section 2,2,-3.0,355.0,-12.841815948486328,solid,water_floor
A3-02,Section 2,2,-3.0,356.0,-18.773651123046875,solid,water_floor
A3-02,Section 2,2,-3.0,357.0,-18.527362823486328,solid,water_floor
A3-02,Section 2,2,-3.0,358.0,-26.31083869934082,solid,water_floor
A3-02,Section 2,2,-3.0,359.0,-19.415630340576172,solid,water_floor
A3-02,Section 2,2,-3.0,360.0,-19.912151336669922,solid,water_floor
A3-02,Section 2,2,-3.0,361.0,-20.296955108642578,solid,water_floor
A3-02,Section 2,2,-3.0,362.0,-27.7143611907959,solid,water_floor
A3-02,Section 2,2,-3.0,363.0,-32.57784652709961,solid,water_floor
A3-02,Section 2,2,-3.0,364.0,-27.09117889404297,solid,water_floor
A3-02,Section 2,2,-3.0,365.0,-43.23642349243164,solid,water_floor
A3-02,Section 2,2,-3.0,366.0,-35.6812744140625,solid,water_floor
A3-02,Section 2,2,-3.0,367.0,-42.73598861694336,solid,water_floor
A3-02,Section 2,2,-3.0,368.0,-49.422977447509766,solid,water_floor
A3-02,Section 2,2,-3.0,369.0,-42.40695571899414,solid,water_floor
A3-02,Section 2,2,-3.0,370.0,-48.68170166015625,solid,water_floor
A3-02,Section 2,2,-3.0,371.0,-53.436004638671875,solid,water_floor
A3-02,Section 2,2,-3.0,372.0,-50.024925231933594,solid,water_floor
A3-02,Section 2,2,-3.0,373.0,-52.03812026977539,solid,water_floor
A3-02,Section 2,2,-3.0,374.0,-50.138038635253906,solid,water_floor
A3-02,Section 2,2,-3.0,375.0,-50.03654479980469,solid,water_floor
A3-02,Section 2,2,-3.0,376.0,-56.822757720947266,solid,water_floor
A3-02,Section 2,2,-3.0,377.0,-60.21445846557617,solid,water_floor
A3-02,Section 2,2,-3.0,378.0,-63.27255630493164,solid,water_floor
A3-02,Section 2,2,-3.0,379.0,-59.33020782470703,solid,water_floor
A3-02,Section 2,2,-3.0,380.0,-61.716617584228516,solid,water_floor
A3-02,Section 2,2,-3.0,381.0,-60.90894317626953,solid,water_floor
A3-02,Section 2,2,-3.0,382.0,-65.29287719726562,solid,water_floor
A3-02,Section 2,2,-3.0,383.0,-64.86610412597656,solid,water_floor
A3-02,Section 2,2,-3.0,384.0,-58.154151916503906,solid,water_floor
A3-02,Section 2,2,-3.0,385.0,-58.8317985534668,solid,water_floor
A3-02,Section 2,2,-3.0,386.0,-59.941734313964844,solid,water_floor
A3-02,Section 2,2,-3.0,387.0,-57.735069274902344,solid,water_floor
A3-02,Section 2,2,-3.0,388.0,-66.5510482788086,solid,water_floor
A3-02,Section 2,2,-3.0,389.0,-63.567962646484375,solid,water_floor
A3-02,Section 2,2,-3.0,390.0,-62.804080963134766,solid,water_floor
A3-02,Section 2,2,-3.0,391.0,-70.66291809082031,solid,water_floor
A3-02,Section 2,2,-3.0,392.0,-70.22615814208984,solid,water_floor
A3-02,Section 2,2,-3.0,393.0,-71.10205078125,solid,water_floor
A3-02,Section 2,2,-3.0,394.0,-72.12358093261719,solid,water_floor
A3-02,Section 2,2,-3.0,395.0,-73.11833190917969,solid,water_floor
A3-02,Section 2,2,-3.0,396.0,-73.55616760253906,solid,water_floor
A3-02,Section 2,2,-3.0,397.0,-71.68307495117188,solid,water_floor
A3-02,Section 2,2,-3.0,398.0,-73.78319549560547,solid,water_floor
A3-02,Section 2,2,-3.0,399.0,-76.4118423461914,solid,water_floor
A3-02,Section 2,2,-3.0,400.0,-75.58146667480469,solid,water_floor
A3-02,Section 2,2,-3.0,401.0,-79.17082977294922,solid,water_floor
A3-02,Section 2,2,-3.0,402.0,-78.15277099609375,solid,water_floor
A3-02,Section 2,2,-3.0,403.0,-77.75015258789062,solid,water_floor
A3-02,Section 2,2,-3.0,404.0,-77.10977935791016,solid,water_floor
A3-02,Section 2,2,-3.0,405.0,-77.12008666992188,solid,water_floor
A3-02,Section 2,2,-3.0,406.0,-79.90361022949219,solid,water_floor
A3-02,Section 2,2,-3.0,407.0,-75.91658782958984,solid,water_floor
A3-02,Section 2,2,-3.0,408.0,-78.88105010986328,solid,water_floor
A3-02,Section 2,2,-3.0,409.0,-77.26896667480469,solid,water_floor
A3-02,Section 2,2,-3.0,410.0,-79.40446472167969,solid,water_floor
A3-02,Section 2,2,-3.0,411.0,-80.8764419555664,solid,water_floor
A3-02,Section 2,2,-3.0,412.0,-82.35240173339844,solid,water_floor
A3-02,Section 2,2,-3.0,413.0,-79.50912475585938,solid,water_floor
A3-02,Section 2,2,-3.0,414.0,-80.7253189086914,solid,water_floor
A3-02,Section 2,2,-3.0,415.0,-79.99132537841797,solid,water_floor
A3-02,Section 2,2,-3.0,416.0,-80.44461059570312,solid,water_floor
A3-02,Section 2,2,-3.0,417.0,-81.03523254394531,solid,water_floor
A3-02,Section 2,2,-3.0,418.0,-81.67879486083984,solid,water_floor
A3-02,Section 2,2,-3.0,419.0,-81.2995376586914,solid,water_floor
A3-02,Section 2,2,-3.0,420.0,-80.18701171875,solid,water_floor
A3-02,Section 2,2,-3.0,421.0,-80.12068176269531,solid,water_floor
A3-02,Section 2,2,-3.0,422.0,-81.14259338378906,solid,water_floor
A3-02,Section 2,2,-3.0,423.0,-81.87748718261719,solid,water_floor
A3-02,Section 2,2,-3.0,424.0,-81.86427307128906,solid,water_floor
A3-02,Section 2,2,-3.0,425.0,-82.701904296875,solid,water_floor
A3-02,Section 2,2,-3.0,426.0,-81.193115234375,solid,water_floor
A3-02,Section 2,2,-3.0,427.0,-82.4770278930664,solid,water_floor
A3-02,Section 2,2,-3.0,428.0,-82.47307586669922,solid,water_floor
A3-02,Section 2,2,-3.0,429.0,-82.75566101074219,solid,water_floor
A3-02,Section 2,2,-3.0,430.0,-83.282958984375,solid,water_floor
A3-02,Section 2,2,-3.0,431.0,-81.87670135498047,solid,water_floor
A3-02,Section 2,2,-3.0,432.0,-82.51028442382812,solid,water_floor
A3-02,Section 2,2,-3.0,433.0,-81.53363037109375,solid,water_floor
A3-02,Section 2,2,-3.0,434.0,-82.59176635742188,solid,water_floor
A3-02,Section 2,2,-3.0,435.0,-82.30024719238281,solid,water_floor
A3-02,Section 2,2,-3.0,436.0,-81.32975769042969,solid,water_floor
A3-02,Section 2,2,-3.0,437.0,-80.58349609375,solid,water_floor
A3-02,Section 2,2,-3.0,438.0,-80.59881591796875,solid,water_floor
A3-02,Section 2,2,-3.0,439.0,-80.58267211914062,solid,water_floor
A3-02,Section 2,2,-3.0,440.0,-80.38197326660156,solid,water_floor
A3-02,Section 2,2,-3.0,441.0,-80.93890380859375,solid,water_floor
A3-02,Section 2,2,-3.0,442.0,-80.48880004882812,solid,water_floor
A3-02,Section 2,2,-3.0,443.0,-77.58211517333984,solid,water_floor
A3-02,Section 2,2,-3.0,444.0,-80.55826568603516,solid,water_floor
A3-02,Section 2,2,-3.0,445.0,-75.833740234375,solid,water_floor
A3-02,Section 2,2,-3.0,446.0,-76.21595764160156,solid,water_floor
A3-02,Section 2,2,-3.0,447.0,-80.44596862792969,solid,water_floor
A3-02,Section 2,2,-3.0,448.0,-78.47667694091797,solid,water_floor
A3-02,Section 2,2,-3.0,449.0,-76.29956817626953,solid,water_floor
A3-02,Section 2,2,-3.0,450.0,-75.9246597290039,solid,water_floor
A3-02,Section 2,2,-3.0,451.0,-74.68428039550781,solid,water_floor
A3-02,Section 2,2,-3.0,452.0,-77.27378845214844,solid,water_floor
A3-02,Section 2,2,-3.0,453.0,-78.46851348876953,solid,water_floor
A3-02,Section 2,2,-3.0,454.0,-79.34239959716797,solid,water_floor
A3-02,Section 2,2,-3.0,455.0,-78.6398696899414,solid,water_floor
A3-02,Section 2,2,-3.0,456.0,-79.26844787597656,solid,water_floor
A3-02,Section 2,2,-3.0,457.0,-77.16886138916016,solid,water_floor
A3-02,Section 2,2,-3.0,458.0,-76.88825225830078,solid,water_floor
A3-02,Section 2,2,-3.0,459.0,-75.43834686279297,solid,water_floor
A3-02,Section 2,2,-3.0,460.0,-75.58756256103516,solid,water_floor
A3-02,Section 2,2,-3.0,461.0,-77.32244873046875,solid,water_floor
A3-02,Section 2,2,-3.0,462.0,-76.81526184082031,solid,water_floor
A3-02,Section 2,2,-3.0,463.0,-73.19145202636719,solid,water_floor
A3-02,Section 2,2,-3.0,464.0,-76.29065704345703,solid,water_floor
A3-02,Section 2,2,-3.0,465.0,-75.68183135986328,solid,water_floor
A3-02,Section 2,2,-3.0,466.0,-75.72372436523438,solid,water_floor
A3-02,Section 2,2,-3.0,467.0,-73.67658233642578,solid,water_floor
A3-02,Section 2,2,-3.0,468.0,-73.08216857910156,solid,water_floor
A3-02,Section 2,2,-3.0,469.0,-74.42271423339844,solid,water_floor
A3-02,Section 2,2,-3.0,470.0,-73.53744506835938,solid,water_floor
A3-02,Section 2,2,-3.0,471.0,-75.44914245605469,solid,water_floor
A3-02,Section 2,2,-3.0,472.0,-70.74376678466797,solid,water_floor
A3-02,Section 2,2,-3.0,473.0,-69.49247741699219,solid,water_floor
A3-02,Section 2,2,-3.0,474.0,-72.71393585205078,solid,water_floor
A3-02,Section 2,2,-3.0,475.0,-71.0835952758789,solid,water_floor
A3-02,Section 2,2,-3.0,476.0,-70.4235610961914,solid,water_floor
A3-02,Section 2,2,-3.0,477.0,-67.94273376464844,solid,water_floor
A3-02,Section 2,2,-3.0,478.0,-69.8868408203125,solid,water_floor
A3-02,Section 2,2,-3.0,479.0,-70.80094909667969,solid,water_floor
A3-02,Section 2,2,-3.0,480.0,-70.08110809326172,solid,water_floor
A3-02,Section 2,2,-3.0,481.0,-71.20835876464844,solid,water_floor
A3-02,Section 2,2,-3.0,482.0,-69.5461196899414,solid,water_floor
A3-02,Section 2,2,-3.0,483.0,-68.15447235107422,solid,water_floor
A3-02,Section 2,2,-3.0,484.0,-69.73536682128906,solid,water_floor
A3-02,Section 2,2,-3.0,485.0,-68.38565063476562,solid,water_floor
A3-02,Section 2,2,-3.0,486.0,-67.84848022460938,solid,water_floor
A3-02,Section 2,2,-3.0,487.0,-67.85379028320312,solid,water_floor
A3-02,Section 2,2,-3.0,488.0,-65.28814697265625,solid,water_floor
A3-02,Section 2,2,-3.0,489.0,-66.09165954589844,solid,water_floor
A3-02,Section 2,2,-3.0,490.0,-65.61023712158203,solid,water_floor
A3-02,Section 2,2,-3.0,491.0,-61.602378845214844,solid,water_floor
A3-02,Section 2,2,-3.0,492.0,-55.83177185058594,solid,water_floor
A3-02,Section 2,2,-3.0,493.0,-56.75677490234375,solid,water_floor
A3-02,Section 2,2,-3.0,494.0,-61.1202392578125,solid,water_floor
A3-02,Section 2,2,-3.0,495.0,-55.72049331665039,solid,water_floor
A3-02,Section 2,2,-3.0,496.0,-56.231910705566406,solid,water_floor
A3-02,Section 2,2,-3.0,497.0,-55.72584533691406,solid,water_floor
A3-02,Section 2,2,-3.0,498.0,-55.783931732177734,solid,water_floor
A3-02,Section 2,2,-3.0,499.0,-58.58018493652344,solid,water_floor
A3-02,Section 2,2,-3.0,500.0,-54.02696990966797,solid,water_floor
A3-02,Section 2,2,-3.0,501.0,-58.4974365234375,solid,water_floor
A3-02,Section 2,2,-3.0,502.0,-54.72016525268555,solid,water_floor
A3-02,Section 2,2,-3.0,503.0,-53.98027420043945,solid,water_floor
A3-02,Section 2,2,-3.0,504.0,-47.564613342285156,solid,water_floor
A3-02,Section 2,2,-3.0,505.0,-45.17604446411133,solid,water_floor
A3-02,Section 2,2,-3.0,506.0,-49.383819580078125,solid,water_floor
A3-02,Section 2,2,-3.0,507.0,-44.37253189086914,solid,water_floor
A3-02,Section 2,2,-3.0,508.0,-45.098480224609375,solid,water_floor
A3-02,Section 2,2,-3.0,509.0,-49.560699462890625,solid,water_floor
A3-02,Section 2,2,-3.0,510.0,-45.83766174316406,solid,water_floor
A3-02,Section 2,2,-3.0,511.0,-39.27639389038086,solid,water_floor
A3-02,Section 2,2,-3.0,512.0,-32.53202819824219,solid,water_floor
A3-02,Section 2,2,-3.0,513.0,-21.083080291748047,solid,water_floor
A3-02,Section 2,2,-3.0,514.0,-25.624374389648438,solid,water_floor
A3-02,Section 2,2,-3.0,515.0,-19.117305755615234,solid,water_floor
A3-02,Section 2,2,-3.0,516.0,-3.716858386993408,solid,water_floor
A3-02,Section 2,2,-3.0,517.0,-3.3755455017089844,solid,water_floor
A3-02,Section 2,2,-3.0,518.0,-3.3670661449432373,solid,water_floor
A3-02,Section 2,2,-3.0,519.0,-3.3260369300842285,solid,water_floor
A3-02,Section 2,2,-3.0,520.0,-3.3154115676879883,solid,water_floor
A3-02,Section 2,2,-3.0,521.0,-3.240478038787842,solid,water_floor
A3-02,Section 2,2,-3.0,522.0,-3.1821694374084473,solid,water_floor
A3-02,Section 2,2,-3.0,523.0,-3.121598243713379,solid,water_floor
A3-02,Section 2,2,-3.0,524.0,-3.0796775817871094,solid,water_floor
A3-02,Section 2,2,-3.0,525.0,-3.147221565246582,solid,water_floor
A3-02,Section 2,2,-3.0,526.0,-3.109055757522583,solid,water_floor
A3-02,Section 2,2,-2.9730045795440674,527.0,-2.9730045795440674,solid,sampled
A3-02,Section 2,2,-2.9521303176879883,528.0,-2.9521303176879883,solid,sampled
A3-02,Section 2,2,-2.879700183868408,529.0,-2.879700183868408,solid,sampled
A3-02,Section 2,2,-2.9198973178863525,530.0,-2.9198973178863525,solid,sampled
A3-02,Section 2,2,-3.0,531.0,-3.064572334289551,solid,water_floor
A3-02,Section 2,2,-3.0,532.0,-3.0690627098083496,solid,water_floor
A3-02,Section 2,2,-3.0,533.0,-3.079749584197998,solid,water_floor
A3-02,Section 2,2,-3.0,534.0,-3.1385438442230225,solid,water_floor
A3-02,Section 2,2,-3.0,535.0,-3.0476295948028564,solid,water_floor
A3-02,Section 2,2,-3.0,536.0,-3.087847948074341,solid,water_floor
A3-02,Section 2,2,-3.0,537.0,-3.094959020614624,solid,water_floor
A3-02,Section 2,2,-3.0,538.0,-3.0738048553466797,solid,water_floor
A3-02,Section 2,2,-3.0,539.0,-3.077960252761841,solid,water_floor
A3-02,Section 2,2,-3.0,540.0,-3.055379867553711,solid,water_floor
A3-02,Section 2,2,-2.995239496231079,541.0,-2.995239496231079,solid,sampled
A3-02,Section 2,2,-2.9376325607299805,542.0,-2.9376325607299805,solid,sampled
A3-02,Section 2,2,-2.849395275115967,543.0,-2.849395275115967,solid,sampled
A3-02,Section 2,2,-2.783931255340576,544.0,-2.783931255340576,solid,sampled
A3-02,Section 2,2,-2.6688170433044434,545.0,-2.6688170433044434,solid,sampled
A3-02,Section 2,2,-2.5764353275299072,546.0,-2.5764353275299072,solid,sampled
A3-02,Section 2,2,-2.4734067916870117,547.0,-2.4734067916870117,solid,sampled
A3-02,Section 2,2,-2.359623432159424,548.0,-2.359623432159424,solid,sampled
A3-02,Section 2,2,-2.2452642917633057,549.0,-2.2452642917633057,solid,sampled
A3-02,Section 2,2,-2.142383098602295,550.0,-2.142383098602295,solid,sampled
A3-02,Section 2,2,-2.0194928646087646,551.0,-2.0194928646087646,solid,sampled
A3-02,Section 2,2,-1.889540672302246,552.0,-1.889540672302246,solid,sampled
A3-02,Section 2,2,-1.862311840057373,553.0,-1.862311840057373,solid,sampled
A3-02,Section 2,2,-1.7896212339401245,554.0,-1.7896212339401245,solid,sampled
A3-02,Section 2,2,-1.7249658107757568,555.0,-1.7249658107757568,solid,sampled
A3-02,Section 2,2,-1.6306716203689575,556.0,-1.6306716203689575,solid,sampled
A3-02,Section 2,2,-1.551874041557312,557.0,-1.551874041557312,solid,sampled
A3-02,Section 2,2,-1.4848872423171997,558.0,-1.4848872423171997,solid,sampled
A3-02,Section 2,2,-1.3965861797332764,559.0,-1.3965861797332764,solid,sampled
A3-02,Section 2,2,-1.3074394464492798,560.0,-1.3074394464492798,solid,sampled
A3-02,Section 2,2,-1.1836422681808472,561.0,-1.1836422681808472,solid,sampled
A3-02,Section 2,2,-1.0657910108566284,562.0,-1.0657910108566284,solid,sampled
A3-02,Section 2,2,-0.9764665961265564,563.0,-0.9764665961265564,solid,sampled
A3-02,Section 2,2,-0.9081000089645386,564.0,-0.9081000089645386,solid,sampled
A3-02,Section 2,2,-0.8045438528060913,565.0,-0.8045438528060913,solid,sampled
A3-02,Section 2,2,-0.7741674780845642,566.0,-0.7741674780845642,solid,sampled
A3-02,Section 2,2,-0.6890010833740234,567.0,-0.6890010833740234,solid,sampled
A3-02,Section 2,2,-0.6268578767776489,568.0,-0.6268578767776489,solid,sampled
A3-02,Section 2,2,-0.5342817306518555,569.0,-0.5342817306518555,solid,sampled
A3-02,Section 2,2,-0.4526376724243164,570.0,-0.4526376724243164,solid,sampled
A3-02,Section 2,2,-0.38271990418434143,571.0,-0.38271990418434143,solid,sampled
A3-02,Section 2,2,-0.2647145986557007,572.0,-0.2647145986557007,solid,sampled
A3-02,Section 2,2,-0.1835700273513794,573.0,-0.1835700273513794,solid,sampled
A3-02,Section 2,2,-0.06397975981235504,574.0,-0.06397975981235504,solid,sampled
A3-02,Section 2,2,0.03739166259765625,575.0,0.03739166259765625,solid,sampled
A3-02,Section 2,2,0.11882510781288147,576.0,0.11882510781288147,solid,sampled
A3-02,Section 2,2,0.19138187170028687,577.0,0.19138187170028687,solid,sampled
A3-02,Section 2,2,0.26888132095336914,578.0,0.26888132095336914,solid,sampled
A3-02,Section 2,2,0.344402551651001,579.0,0.344402551651001,solid,sampled
A3-02,Section 2,2,0.4220651686191559,580.0,0.4220651686191559,solid,sampled
A3-02,Section 2,2,0.5339211225509644,581.0,0.5339211225509644,solid,sampled
A3-02,Section 2,2,0.7040284276008606,582.0,0.7040284276008606,solid,sampled
A3-02,Section 2,2,0.874859094619751,583.0,0.874859094619751,solid,sampled
A3-02,Section 2,2,1.0360755920410156,584.0,1.0360755920410156,solid,sampled
A3-02,Section 2,2,1.1900732517242432,585.0,1.1900732517242432,solid,sampled
A3-02,Section 2,2,1.3769569396972656,586.0,1.3769569396972656,solid,sampled
A3-02,Section 2,2,1.5025041103363037,587.0,1.5025041103363037,solid,sampled
A3-02,Section 2,2,1.6747684478759766,588.0,1.6747684478759766,solid,sampled
A3-02,Section 2,2,1.8338643312454224,589.0,1.8338643312454224,solid,sampled
A3-02,Section 2,2,1.942138671875,590.0,1.942138671875,solid,sampled
A3-02,Section 2,2,2.095867156982422,591.0,2.095867156982422,solid,sampled
A3-02,Section 2,2,2.3179068565368652,592.0,2.3179068565368652,solid,sampled
A3-02,Section 2,2,2.370725154876709,593.0,2.370725154876709,solid,sampled
A3-02,Section 2,2,2.534540891647339,594.0,2.534540891647339,solid,sampled
A3-02,Section 2,2,2.8196663856506348,595.0,2.8196663856506348,solid,sampled
A3-02,Section 2,2,3.129786491394043,596.0,3.129786491394043,solid,sampled
A3-02,Section 2,2,3.2819647789001465,597.0,3.2819647789001465,solid,sampled
A3-02,Section 2,2,3.5008811950683594,598.0,3.5008811950683594,solid,sampled
A3-02,Section 2,2,3.6302783489227295,599.0,3.6302783489227295,solid,sampled
A3-02,Section 2,2,4.058887481689453,600.0,4.058887481689453,solid,sampled
A3-02,Section 2,2,4.475196361541748,601.0,4.475196361541748,solid,sampled
A3-02,Section 2,2,4.851413726806641,602.0,4.851413726806641,solid,sampled
A3-02,Section 2,2,5.4544148445129395,603.0,5.4544148445129395,solid,sampled
A3-02,Section 2,2,7.600795269012451,604.0,7.600795269012451,solid,sampled
A3-02,Section 2,2,8.694062232971191,605.0,8.694062232971191,solid,sampled
A3-02,Section 2,2,13.543695449829102,606.0,13.543695449829102,solid,sampled
A3-02,Section 2,2,0.0,607.0,,dotted,null_fill
A3-02,Section 2,2,0.0,608.0,,dotted,null_fill
A3-02,Section 2,2,0.0,609.0,,dotted,null_fill
A3-02,Section 2,2,0.0,610.0,,dotted,null_fill
A3-02,Section 2,2,0.0,611.0,,dotted,null_fill
A3-02,Section 2,2,0.0,612.0,,dotted,null_fill
A3-02,Section 2,2,0.0,613.0,,dotted,null_fill
A3-02,Section 2,2,0.0,614.0,,dotted,null_fill
A3-02,Section 2,2,0.0,615.0,,dotted,null_fill
A3-02,Section 2,2,0.0,616.0,,dotted,null_fill
A3-02,Section 2,2,0.0,617.0,,dotted,null_fill
A3-02,Section 2,2,0.0,618.0,,dotted,null_fill
A3-02,Section 2,2,0.0,619.0,,dotted,null_fill
A3-02,Section 2,2,0.0,620.0,,dotted,null_fill
A3-02,Section 2,2,0.0,621.0,,dotted,null_fill
A3-02,Section 2,2,0.0,622.0,,dotted,null_fill
A3-02,Section 2,2,0.0,623.0,,dotted,null_fill
A3-02,Section 2,2,0.0,624.0,,dotted,null_fill
A3-02,Section 2,2,0.0,625.0,,dotted,null_fill
A3-02,Section 2,2,0.0,626.0,,dotted,null_fill
A3-02,Section 2,2,0.0,627.0,,dotted,null_fill
A3-02,Section 2,2,0.0,628.0,,dotted,null_fill
A3-02,Section 2,2,0.0,629.0,,dotted,null_fill
A3-02,Section 2,2,0.0,630.0,,dotted,null_fill
A3-02,Section 2,2,0.0,631.0,,dotted,null_fill
A3-01,Section 1,3,0.0,0.0,,dotted,null_fill
A3-03,Section 3,3,0.0,0.0,,dotted,null_fill
A3-01,Section 1,3,0.0,1.0,,dotted,null_fill
A3-03,Section 3,3,0.0,1.0,,dotted,null_fill
A3-01,Section 1,3,0.0,2.0,,dotted,null_fill
A3-03,Section 3,3,0.0,2.0,,dotted,null_fill
A3-01,Section 1,3,0.0,3.0,,dotted,null_fill
A3-03,Section 3,3,0.0,3.0,,dotted,null_fill
A3-01,Section 1,3,0.0,4.0,,dotted,null_fill
A3-03,Section 3,3,0.0,4.0,,dotted,null_fill
A3-01,Section 1,3,0.0,5.0,,dotted,null_fill
A3-03,Section 3,3,0.0,5.0,,dotted,null_fill
A3-01,Section 1,3,0.0,6.0,,dotted,null_fill
A3-03,Section 3,3,0.0,6.0,,dotted,null_fill
A3-01,Section 1,3,0.0,7.0,,dotted,null_fill
A3-03,Section 3,3,0.0,7.0,,dotted,null_fill
A3-01,Section 1,3,0.0,8.0,,dotted,null_fill
A3-03,Section 3,3,0.0,8.0,,dotted,null_fill
A3-01,Section 1,3,0.0,9.0,,dotted,null_fill
A3-03,Section 3,3,0.0,9.0,,dotted,null_fill
A3-01,Section 1,3,0.0,10.0,,dotted,null_fill
A3-03,Section 3,3,0.0,10.0,,dotted,null_fill
A3-01,Section 1,3,0.0,11.0,,dotted,null_fill
A3-03,Section 3,3,0.0,11.0,,dotted,null_fill
A3-01,Section 1,3,0.0,12.0,,dotted,null_fill
A3-03,Section 3,3,0.0,12.0,,dotted,null_fill
A3-01,Section 1,3,0.0,13.0,,dotted,null_fill
A3-03,Section 3,3,0.0,13.0,,dotted,null_fill
A3-01,Section 1,3,0.0,14.0,,dotted,null_fill
A3-03,Section 3,3,0.0,14.0,,dotted,null_fill
A3-01,Section 1,3,0.0,15.0,,dotted,null_fill
A3-03,Section 3,3,0.0,15.0,,dotted,null_fill
A3-01,Section 1,3,0.0,16.0,,dotted,null_fill
A3-03,Section 3,3,0.0,16.0,,dotted,null_fill
A3-01,Section 1,3,0.0,17.0,,dotted,null_fill
A3-03,Section 3,3,0.0,17.0,,dotted,null_fill
A3-01,Section 1,3,0.0,18.0,,dotted,null_fill
A3-03,Section 3,3,0.0,18.0,,dotted,null_fill
A3-01,Section 1,3,0.0,19.0,,dotted,null_fill
A3-03,Section 3,3,0.0,19.0,,dotted,null_fill
A3-01,Section 1,3,0.0,20.0,,dotted,null_fill
A3-03,Section 3,3,0.0,20.0,,dotted,null_fill
A3-01,Section 1,3,0.0,21.0,,dotted,null_fill
A3-03,Section 3,3,0.0,21.0,,dotted,null_fill
A3-01,Section 1,3,0.0,22.0,,dotted,null_fill
A3-03,Section 3,3,0.0,22.0,,dotted,null_fill
A3-01,Section 1,3,0.0,23.0,,dotted,null_fill
A3-03,Section 3,3,0.0,23.0,,dotted,null_fill
A3-01,Section 1,3,14.455018997192383,24.0,14.455018997192383,solid,sampled
A3-03,Section 3,3,0.0,24.0,,dotted,null_fill
A3-01,Section 1,3,14.362739562988281,25.0,14.362739562988281,solid,sampled
A3-03,Section 3,3,0.0,25.0,,dotted,null_fill
A3-01,Section 1,3,14.38426685333252,26.0,14.38426685333252,solid,sampled
A3-03,Section 3,3,0.0,26.0,,dotted,null_fill
A3-01,Section 1,3,14.24641227722168,27.0,14.24641227722168,solid,sampled
A3-03,Section 3,3,0.0,27.0,,dotted,null_fill
A3-01,Section 1,3,14.299595832824707,28.0,14.299595832824707,solid,sampled
A3-03,Section 3,3,0.0,28.0,,dotted,null_fill
A3-01,Section 1,3,14.327893257141113,29.0,14.327893257141113,solid,sampled
A3-03,Section 3,3,0.0,29.0,,dotted,null_fill
A3-01,Section 1,3,14.255340576171875,30.0,14.255340576171875,solid,sampled
A3-03,Section 3,3,10.663225173950195,30.0,10.663225173950195,solid,sampled
A3-01,Section 1,3,14.944817543029785,31.0,14.944817543029785,solid,sampled
A3-03,Section 3,3,10.638318061828613,31.0,10.638318061828613,solid,sampled
A3-01,Section 1,3,14.749585151672363,32.0,14.749585151672363,solid,sampled
A3-03,Section 3,3,10.354238510131836,32.0,10.354238510131836,solid,sampled
A3-01,Section 1,3,15.214020729064941,33.0,15.214020729064941,solid,sampled
A3-03,Section 3,3,9.937746047973633,33.0,9.937746047973633,solid,sampled
A3-01,Section 1,3,14.494272232055664,34.0,14.494272232055664,solid,sampled
A3-03,Section 3,3,10.166635513305664,34.0,10.166635513305664,solid,sampled
A3-01,Section 1,3,14.343454360961914,35.0,14.343454360961914,solid,sampled
A3-03,Section 3,3,10.476778030395508,35.0,10.476778030395508,solid,sampled
A3-01,Section 1,3,13.944793701171875,36.0,13.944793701171875,solid,sampled
A3-03,Section 3,3,10.515963554382324,36.0,10.515963554382324,solid,sampled
A3-01,Section 1,3,13.705421447753906,37.0,13.705421447753906,solid,sampled
A3-03,Section 3,3,10.502710342407227,37.0,10.502710342407227,solid,sampled
A3-01,Section 1,3,13.706228256225586,38.0,13.706228256225586,solid,sampled
A3-03,Section 3,3,11.123466491699219,38.0,11.123466491699219,solid,sampled
A3-01,Section 1,3,13.572406768798828,39.0,13.572406768798828,solid,sampled
A3-03,Section 3,3,11.64336109161377,39.0,11.64336109161377,solid,sampled
A3-01,Section 1,3,13.162524223327637,40.0,13.162524223327637,solid,sampled
A3-03,Section 3,3,12.366601943969727,40.0,12.366601943969727,solid,sampled
A3-01,Section 1,3,13.134384155273438,41.0,13.134384155273438,solid,sampled
A3-03,Section 3,3,10.167930603027344,41.0,10.167930603027344,solid,sampled
A3-01,Section 1,3,13.02746868133545,42.0,13.02746868133545,solid,sampled
A3-03,Section 3,3,7.769061088562012,42.0,7.769061088562012,solid,sampled
A3-01,Section 1,3,12.795722007751465,43.0,12.795722007751465,solid,sampled
A3-03,Section 3,3,7.087368488311768,43.0,7.087368488311768,solid,sampled
A3-01,Section 1,3,12.6074857711792,44.0,12.6074857711792,solid,sampled
A3-03,Section 3,3,7.076571941375732,44.0,7.076571941375732,solid,sampled
A3-01,Section 1,3,12.678492546081543,45.0,12.678492546081543,solid,sampled
A3-03,Section 3,3,7.370238304138184,45.0,7.370238304138184,solid,sampled
A3-01,Section 1,3,12.457598686218262,46.0,12.457598686218262,solid,sampled
A3-03,Section 3,3,6.92609977722168,46.0,6.92609977722168,solid,sampled
A3-01,Section 1,3,12.428119659423828,47.0,12.428119659423828,solid,sampled
A3-03,Section 3,3,6.895995140075684,47.0,6.895995140075684,solid,sampled
A3-01,Section 1,3,12.577335357666016,48.0,12.577335357666016,solid,sampled
A3-03,Section 3,3,6.876720428466797,48.0,6.876720428466797,solid,sampled
A3-01,Section 1,3,12.512404441833496,49.0,12.512404441833496,solid,sampled
A3-03,Section 3,3,6.860029697418213,49.0,6.860029697418213,solid,sampled
A3-01,Section 1,3,12.274431228637695,50.0,12.274431228637695,solid,sampled
A3-03,Section 3,3,6.84777307510376,50.0,6.84777307510376,solid,sampled
A3-01,Section 1,3,12.144075393676758,51.0,12.144075393676758,solid,sampled
A3-03,Section 3,3,6.826442718505859,51.0,6.826442718505859,solid,sampled
A3-01,Section 1,3,12.060355186462402,52.0,12.060355186462402,solid,sampled
A3-03,Section 3,3,6.804455757141113,52.0,6.804455757141113,solid,sampled
A3-01,Section 1,3,11.673810958862305,53.0,11.673810958862305,solid,sampled
A3-03,Section 3,3,6.78549861907959,53.0,6.78549861907959,solid,sampled
A3-01,Section 1,3,12.133899688720703,54.0,12.133899688720703,solid,sampled
A3-03,Section 3,3,7.051567077636719,54.0,7.051567077636719,solid,sampled
A3-01,Section 1,3,12.062286376953125,55.0,12.062286376953125,solid,sampled
A3-03,Section 3,3,7.538805961608887,55.0,7.538805961608887,solid,sampled
A3-01,Section 1,3,12.194496154785156,56.0,12.194496154785156,solid,sampled
A3-03,Section 3,3,8.114606857299805,56.0,8.114606857299805,solid,sampled
A3-01,Section 1,3,11.784513473510742,57.0,11.784513473510742,solid,sampled
A3-03,Section 3,3,8.57874870300293,57.0,8.57874870300293,solid,sampled
A3-01,Section 1,3,10.183920860290527,58.0,10.183920860290527,solid,sampled
A3-03,Section 3,3,8.408931732177734,58.0,8.408931732177734,solid,sampled
A3-01,Section 1,3,9.6553316116333,59.0,9.6553316116333,solid,sampled
A3-03,Section 3,3,7.4396748542785645,59.0,7.4396748542785645,solid,sampled
A3-01,Section 1,3,7.50214958190918,60.0,7.50214958190918,solid,sampled
A3-03,Section 3,3,7.594044208526611,60.0,7.594044208526611,solid,sampled
A3-01,Section 1,3,3.445195198059082,61.0,3.445195198059082,solid,sampled
A3-03,Section 3,3,7.841006278991699,61.0,7.841006278991699,solid,sampled
A3-01,Section 1,3,3.197620391845703,62.0,3.197620391845703,solid,sampled
A3-03,Section 3,3,7.901899337768555,62.0,7.901899337768555,solid,sampled
A3-01,Section 1,3,3.1029059886932373,63.0,3.1029059886932373,solid,sampled
A3-03,Section 3,3,7.847455024719238,63.0,7.847455024719238,solid,sampled
A3-01,Section 1,3,3.0078630447387695,64.0,3.0078630447387695,solid,sampled
A3-03,Section 3,3,7.885586738586426,64.0,7.885586738586426,solid,sampled
A3-01,Section 1,3,2.9365835189819336,65.0,2.9365835189819336,solid,sampled
A3-03,Section 3,3,6.845015525817871,65.0,6.845015525817871,solid,sampled
A3-01,Section 1,3,2.843952178955078,66.0,2.843952178955078,solid,sampled
A3-03,Section 3,3,6.859745025634766,66.0,6.859745025634766,solid,sampled
A3-01,Section 1,3,2.762261390686035,67.0,2.762261390686035,solid,sampled
A3-03,Section 3,3,6.770516872406006,67.0,6.770516872406006,solid,sampled
A3-01,Section 1,3,2.6821582317352295,68.0,2.6821582317352295,solid,sampled
A3-03,Section 3,3,6.71445894241333,68.0,6.71445894241333,solid,sampled
A3-01,Section 1,3,2.6007795333862305,69.0,2.6007795333862305,solid,sampled
A3-03,Section 3,3,6.6752214431762695,69.0,6.6752214431762695,solid,sampled
A3-01,Section 1,3,2.510939121246338,70.0,2.510939121246338,solid,sampled
A3-03,Section 3,3,6.709719181060791,70.0,6.709719181060791,solid,sampled
A3-01,Section 1,3,2.5146446228027344,71.0,2.5146446228027344,solid,sampled
A3-03,Section 3,3,6.699454307556152,71.0,6.699454307556152,solid,sampled
A3-01,Section 1,3,2.343655824661255,72.0,2.343655824661255,solid,sampled
A3-03,Section 3,3,6.661169052124023,72.0,6.661169052124023,solid,sampled
A3-01,Section 1,3,2.2141308784484863,73.0,2.2141308784484863,solid,sampled
A3-03,Section 3,3,6.675036907196045,73.0,6.675036907196045,solid,sampled
A3-01,Section 1,3,2.117744207382202,74.0,2.117744207382202,solid,sampled
A3-03,Section 3,3,6.653064727783203,74.0,6.653064727783203,solid,sampled
A3-01,Section 1,3,2.0525662899017334,75.0,2.0525662899017334,solid,sampled
A3-03,Section 3,3,6.600386619567871,75.0,6.600386619567871,solid,sampled
A3-01,Section 1,3,1.981452226638794,76.0,1.981452226638794,solid,sampled
A3-03,Section 3,3,6.612311363220215,76.0,6.612311363220215,solid,sampled
A3-01,Section 1,3,1.9124324321746826,77.0,1.9124324321746826,solid,sampled
A3-03,Section 3,3,6.606986999511719,77.0,6.606986999511719,solid,sampled
A3-01,Section 1,3,1.8563530445098877,78.0,1.8563530445098877,solid,sampled
A3-03,Section 3,3,6.597411632537842,78.0,6.597411632537842,solid,sampled
A3-01,Section 1,3,1.8170493841171265,79.0,1.8170493841171265,solid,sampled
A3-03,Section 3,3,6.562073230743408,79.0,6.562073230743408,solid,sampled
A3-01,Section 1,3,1.7785060405731201,80.0,1.7785060405731201,solid,sampled
A3-03,Section 3,3,6.591955184936523,80.0,6.591955184936523,solid,sampled
A3-01,Section 1,3,1.736168622970581,81.0,1.736168622970581,solid,sampled
A3-03,Section 3,3,6.535976409912109,81.0,6.535976409912109,solid,sampled
A3-01,Section 1,3,1.6842693090438843,82.0,1.6842693090438843,solid,sampled
A3-03,Section 3,3,6.496593475341797,82.0,6.496593475341797,solid,sampled
A3-01,Section 1,3,1.6284472942352295,83.0,1.6284472942352295,solid,sampled
A3-03,Section 3,3,6.514618396759033,83.0,6.514618396759033,solid,sampled
A3-01,Section 1,3,1.5569136142730713,84.0,1.5569136142730713,solid,sampled
A3-03,Section 3,3,6.522989273071289,84.0,6.522989273071289,solid,sampled
A3-01,Section 1,3,1.4913809299468994,85.0,1.4913809299468994,solid,sampled
A3-03,Section 3,3,6.541668891906738,85.0,6.541668891906738,solid,sampled
A3-01,Section 1,3,1.4273557662963867,86.0,1.4273557662963867,solid,sampled
A3-03,Section 3,3,6.58774471282959,86.0,6.58774471282959,solid,sampled
A3-01,Section 1,3,1.3925909996032715,87.0,1.3925909996032715,solid,sampled
A3-03,Section 3,3,6.583586692810059,87.0,6.583586692810059,solid,sampled
A3-01,Section 1,3,1.359964370727539,88.0,1.359964370727539,solid,sampled
A3-03,Section 3,3,6.597530364990234,88.0,6.597530364990234,solid,sampled
A3-01,Section 1,3,1.3471112251281738,89.0,1.3471112251281738,solid,sampled
A3-03,Section 3,3,6.626962661743164,89.0,6.626962661743164,solid,sampled
A3-01,Section 1,3,1.3141918182373047,90.0,1.3141918182373047,solid,sampled
A3-03,Section 3,3,6.5967278480529785,90.0,6.5967278480529785,solid,sampled
A3-01,Section 1,3,1.3054556846618652,91.0,1.3054556846618652,solid,sampled
A3-03,Section 3,3,6.846558570861816,91.0,6.846558570861816,solid,sampled
A3-01,Section 1,3,1.2889289855957031,92.0,1.2889289855957031,solid,sampled
A3-03,Section 3,3,7.225666522979736,92.0,7.225666522979736,solid,sampled
A3-01,Section 1,3,1.2724025249481201,93.0,1.2724025249481201,solid,sampled
A3-03,Section 3,3,6.9963788986206055,93.0,6.9963788986206055,solid,sampled
A3-01,Section 1,3,1.2659138441085815,94.0,1.2659138441085815,solid,sampled
A3-03,Section 3,3,7.041728973388672,94.0,7.041728973388672,solid,sampled
A3-01,Section 1,3,1.2597118616104126,95.0,1.2597118616104126,solid,sampled
A3-03,Section 3,3,7.319918155670166,95.0,7.319918155670166,solid,sampled
A3-01,Section 1,3,1.261747121810913,96.0,1.261747121810913,solid,sampled
A3-03,Section 3,3,6.543529987335205,96.0,6.543529987335205,solid,sampled
A3-01,Section 1,3,1.2376115322113037,97.0,1.2376115322113037,solid,sampled
A3-03,Section 3,3,6.505687236785889,97.0,6.505687236785889,solid,sampled
A3-01,Section 1,3,1.2305183410644531,98.0,1.2305183410644531,solid,sampled
A3-03,Section 3,3,6.371010780334473,98.0,6.371010780334473,solid,sampled
A3-01,Section 1,3,1.224440336227417,99.0,1.224440336227417,solid,sampled
A3-03,Section 3,3,6.292673110961914,99.0,6.292673110961914,solid,sampled
A3-01,Section 1,3,1.2013859748840332,100.0,1.2013859748840332,solid,sampled
A3-03,Section 3,3,6.216156005859375,100.0,6.216156005859375,solid,sampled
A3-01,Section 1,3,1.1966662406921387,101.0,1.1966662406921387,solid,sampled
A3-03,Section 3,3,6.16293478012085,101.0,6.16293478012085,solid,sampled
A3-01,Section 1,3,1.1849329471588135,102.0,1.1849329471588135,solid,sampled
A3-03,Section 3,3,6.464300155639648,102.0,6.464300155639648,solid,sampled
A3-01,Section 1,3,1.1793631315231323,103.0,1.1793631315231323,solid,sampled
A3-03,Section 3,3,8.342331886291504,103.0,8.342331886291504,solid,sampled
A3-01,Section 1,3,1.1697077751159668,104.0,1.1697077751159668,solid,sampled
A3-03,Section 3,3,8.936424255371094,104.0,8.936424255371094,solid,sampled
A3-01,Section 1,3,1.154317021369934,105.0,1.154317021369934,solid,sampled
A3-03,Section 3,3,6.804104804992676,105.0,6.804104804992676,solid,sampled
A3-01,Section 1,3,1.1601629257202148,106.0,1.1601629257202148,solid,sampled
A3-03,Section 3,3,5.525142669677734,106.0,5.525142669677734,solid,sampled
A3-01,Section 1,3,1.1524102687835693,107.0,1.1524102687835693,solid,sampled
A3-03,Section 3,3,5.421956539154053,107.0,5.421956539154053,solid,sampled
A3-01,Section 1,3,1.145219087600708,108.0,1.145219087600708,solid,sampled
A3-03,Section 3,3,5.534051895141602,108.0,5.534051895141602,solid,sampled
A3-01,Section 1,3,1.1335980892181396,109.0,1.1335980892181396,solid,sampled
A3-03,Section 3,3,5.472379207611084,109.0,5.472379207611084,solid,sampled
A3-01,Section 1,3,1.1245596408843994,110.0,1.1245596408843994,solid,sampled
A3-03,Section 3,3,7.7905707359313965,110.0,7.7905707359313965,solid,sampled
A3-01,Section 1,3,1.1138666868209839,111.0,1.1138666868209839,solid,sampled
A3-03,Section 3,3,8.089062690734863,111.0,8.089062690734863,solid,sampled
A3-01,Section 1,3,1.1035451889038086,112.0,1.1035451889038086,solid,sampled
A3-03,Section 3,3,8.396631240844727,112.0,8.396631240844727,solid,sampled
A3-01,Section 1,3,1.103622317314148,113.0,1.103622317314148,solid,sampled
A3-03,Section 3,3,8.599985122680664,113.0,8.599985122680664,solid,sampled
A3-01,Section 1,3,1.1078804731369019,114.0,1.1078804731369019,solid,sampled
A3-03,Section 3,3,8.644482612609863,114.0,8.644482612609863,solid,sampled
A3-01,Section 1,3,1.0988129377365112,115.0,1.0988129377365112,solid,sampled
A3-03,Section 3,3,8.42835807800293,115.0,8.42835807800293,solid,sampled
A3-01,Section 1,3,1.090851902961731,116.0,1.090851902961731,solid,sampled
A3-03,Section 3,3,8.383867263793945,116.0,8.383867263793945,solid,sampled
A3-01,Section 1,3,1.103668451309204,117.0,1.103668451309204,solid,sampled
A3-03,Section 3,3,8.536471366882324,117.0,8.536471366882324,solid,sampled
A3-01,Section 1,3,1.0603268146514893,118.0,1.0603268146514893,solid,sampled
A3-03,Section 3,3,8.679187774658203,118.0,8.679187774658203,solid,sampled
A3-01,Section 1,3,1.07140052318573,119.0,1.07140052318573,solid,sampled
A3-03,Section 3,3,8.757996559143066,119.0,8.757996559143066,solid,sampled
A3-01,Section 1,3,1.0813034772872925,120.0,1.0813034772872925,solid,sampled
A3-03,Section 3,3,8.588544845581055,120.0,8.588544845581055,solid,sampled
A3-01,Section 1,3,1.0662758350372314,121.0,1.0662758350372314,solid,sampled
A3-03,Section 3,3,8.245076179504395,121.0,8.245076179504395,solid,sampled
A3-01,Section 1,3,1.0669138431549072,122.0,1.0669138431549072,solid,sampled
A3-03,Section 3,3,7.873748779296875,122.0,7.873748779296875,solid,sampled
A3-01,Section 1,3,1.0552973747253418,123.0,1.0552973747253418,solid,sampled
A3-03,Section 3,3,4.840553283691406,123.0,4.840553283691406,solid,sampled
A3-01,Section 1,3,1.0554437637329102,124.0,1.0554437637329102,solid,sampled
A3-03,Section 3,3,4.811334133148193,124.0,4.811334133148193,solid,sampled
A3-01,Section 1,3,1.0478551387786865,125.0,1.0478551387786865,solid,sampled
A3-03,Section 3,3,4.809446334838867,125.0,4.809446334838867,solid,sampled
A3-01,Section 1,3,1.03335702419281,126.0,1.03335702419281,solid,sampled
A3-03,Section 3,3,4.7877197265625,126.0,4.7877197265625,solid,sampled
A3-01,Section 1,3,1.0506765842437744,127.0,1.0506765842437744,solid,sampled
A3-03,Section 3,3,4.80734920501709,127.0,4.80734920501709,solid,sampled
A3-01,Section 1,3,1.0530283451080322,128.0,1.0530283451080322,solid,sampled
A3-03,Section 3,3,4.877663612365723,128.0,4.877663612365723,solid,sampled
A3-01,Section 1,3,1.0686050653457642,129.0,1.0686050653457642,solid,sampled
A3-03,Section 3,3,4.94577693939209,129.0,4.94577693939209,solid,sampled
A3-01,Section 1,3,1.0346815586090088,130.0,1.0346815586090088,solid,sampled
A3-03,Section 3,3,5.018899917602539,130.0,5.018899917602539,solid,sampled
A3-01,Section 1,3,1.0349488258361816,131.0,1.0349488258361816,solid,sampled
A3-03,Section 3,3,4.784506797790527,131.0,4.784506797790527,solid,sampled
A3-01,Section 1,3,1.0306707620620728,132.0,1.0306707620620728,solid,sampled
A3-03,Section 3,3,2.6354823112487793,132.0,2.6354823112487793,solid,sampled
A3-01,Section 1,3,1.0351768732070923,133.0,1.0351768732070923,solid,sampled
A3-03,Section 3,3,2.569091320037842,133.0,2.569091320037842,solid,sampled
A3-01,Section 1,3,1.0263986587524414,134.0,1.0263986587524414,solid,sampled
A3-03,Section 3,3,2.5073764324188232,134.0,2.5073764324188232,solid,sampled
A3-01,Section 1,3,1.003429889678955,135.0,1.003429889678955,solid,sampled
A3-03,Section 3,3,2.4627819061279297,135.0,2.4627819061279297,solid,sampled
A3-01,Section 1,3,0.9940971732139587,136.0,0.9940971732139587,solid,sampled
A3-03,Section 3,3,2.429903745651245,136.0,2.429903745651245,solid,sampled
A3-01,Section 1,3,0.9935365319252014,137.0,0.9935365319252014,solid,sampled
A3-03,Section 3,3,2.392636775970459,137.0,2.392636775970459,solid,sampled
A3-01,Section 1,3,0.9955901503562927,138.0,0.9955901503562927,solid,sampled
A3-03,Section 3,3,2.3437042236328125,138.0,2.3437042236328125,solid,sampled
A3-01,Section 1,3,0.9867992401123047,139.0,0.9867992401123047,solid,sampled
A3-03,Section 3,3,2.27072811126709,139.0,2.27072811126709,solid,sampled
A3-01,Section 1,3,0.9890031814575195,140.0,0.9890031814575195,solid,sampled
A3-03,Section 3,3,2.226614475250244,140.0,2.226614475250244,solid,sampled
A3-01,Section 1,3,0.9755620360374451,141.0,0.9755620360374451,solid,sampled
A3-03,Section 3,3,2.18411922454834,141.0,2.18411922454834,solid,sampled
A3-01,Section 1,3,0.964674711227417,142.0,0.964674711227417,solid,sampled
A3-03,Section 3,3,2.134125232696533,142.0,2.134125232696533,solid,sampled
A3-01,Section 1,3,0.9596537351608276,143.0,0.9596537351608276,solid,sampled
A3-03,Section 3,3,2.1044182777404785,143.0,2.1044182777404785,solid,sampled
A3-01,Section 1,3,0.9562087655067444,144.0,0.9562087655067444,solid,sampled
A3-03,Section 3,3,2.065697431564331,144.0,2.065697431564331,solid,sampled
A3-01,Section 1,3,0.9408719539642334,145.0,0.9408719539642334,solid,sampled
A3-03,Section 3,3,2.0364503860473633,145.0,2.0364503860473633,solid,sampled
A3-01,Section 1,3,0.946995735168457,146.0,0.946995735168457,solid,sampled
A3-03,Section 3,3,1.9985862970352173,146.0,1.9985862970352173,solid,sampled
A3-01,Section 1,3,0.940557062625885,147.0,0.940557062625885,solid,sampled
A3-03,Section 3,3,1.997037649154663,147.0,1.997037649154663,solid,sampled
A3-01,Section 1,3,0.9369528293609619,148.0,0.9369528293609619,solid,sampled
A3-03,Section 3,3,1.9590790271759033,148.0,1.9590790271759033,solid,sampled
A3-01,Section 1,3,0.9411972761154175,149.0,0.9411972761154175,solid,sampled
A3-03,Section 3,3,1.9336082935333252,149.0,1.9336082935333252,solid,sampled
A3-01,Section 1,3,0.9259071350097656,150.0,0.9259071350097656,solid,sampled
A3-03,Section 3,3,1.9096590280532837,150.0,1.9096590280532837,solid,sampled
A3-01,Section 1,3,0.9075635075569153,151.0,0.9075635075569153,solid,sampled
A3-03,Section 3,3,1.8477320671081543,151.0,1.8477320671081543,solid,sampled
A3-01,Section 1,3,0.9099507331848145,152.0,0.9099507331848145,solid,sampled
A3-03,Section 3,3,1.8002994060516357,152.0,1.8002994060516357,solid,sampled
A3-01,Section 1,3,0.9034221768379211,153.0,0.9034221768379211,solid,sampled
A3-03,Section 3,3,1.7683615684509277,153.0,1.7683615684509277,solid,sampled
A3-01,Section 1,3,0.9051303863525391,154.0,0.9051303863525391,solid,sampled
A3-03,Section 3,3,1.7471611499786377,154.0,1.7471611499786377,solid,sampled
A3-01,Section 1,3,0.9003493189811707,155.0,0.9003493189811707,solid,sampled
A3-03,Section 3,3,1.735504150390625,155.0,1.735504150390625,solid,sampled
A3-01,Section 1,3,0.9018690586090088,156.0,0.9018690586090088,solid,sampled
A3-03,Section 3,3,1.715413212776184,156.0,1.715413212776184,solid,sampled
A3-01,Section 1,3,0.9022746086120605,157.0,0.9022746086120605,solid,sampled
A3-03,Section 3,3,1.7007246017456055,157.0,1.7007246017456055,solid,sampled
A3-01,Section 1,3,0.888397216796875,158.0,0.888397216796875,solid,sampled
A3-03,Section 3,3,1.7051016092300415,158.0,1.7051016092300415,solid,sampled
A3-01,Section 1,3,0.8797860741615295,159.0,0.8797860741615295,solid,sampled
A3-03,Section 3,3,1.683778166770935,159.0,1.683778166770935,solid,sampled
A3-01,Section 1,3,0.8831241130828857,160.0,0.8831241130828857,solid,sampled
A3-03,Section 3,3,1.664743185043335,160.0,1.664743185043335,solid,sampled
A3-01,Section 1,3,0.8560781478881836,161.0,0.8560781478881836,solid,sampled
A3-03,Section 3,3,1.6287481784820557,161.0,1.6287481784820557,solid,sampled
A3-01,Section 1,3,0.8762236833572388,162.0,0.8762236833572388,solid,sampled
A3-03,Section 3,3,1.5959584712982178,162.0,1.5959584712982178,solid,sampled
A3-01,Section 1,3,0.8543621301651001,163.0,0.8543621301651001,solid,sampled
A3-03,Section 3,3,1.553078532218933,163.0,1.553078532218933,solid,sampled
A3-01,Section 1,3,0.8529344201087952,164.0,0.8529344201087952,solid,sampled
A3-03,Section 3,3,1.516519546508789,164.0,1.516519546508789,solid,sampled
A3-01,Section 1,3,0.8547444343566895,165.0,0.8547444343566895,solid,sampled
A3-03,Section 3,3,1.482520341873169,165.0,1.482520341873169,solid,sampled
A3-01,Section 1,3,0.8403737545013428,166.0,0.8403737545013428,solid,sampled
A3-03,Section 3,3,1.4437718391418457,166.0,1.4437718391418457,solid,sampled
A3-01,Section 1,3,0.8409667015075684,167.0,0.8409667015075684,solid,sampled
A3-03,Section 3,3,1.4048932790756226,167.0,1.4048932790756226,solid,sampled
A3-01,Section 1,3,0.8408077955245972,168.0,0.8408077955245972,solid,sampled
A3-03,Section 3,3,1.367360234260559,168.0,1.367360234260559,solid,sampled
A3-01,Section 1,3,0.8410713076591492,169.0,0.8410713076591492,solid,sampled
A3-03,Section 3,3,1.3284306526184082,169.0,1.3284306526184082,solid,sampled
A3-01,Section 1,3,0.8351798057556152,170.0,0.8351798057556152,solid,sampled
A3-03,Section 3,3,1.8307232856750488,170.0,1.8307232856750488,solid,sampled
A3-01,Section 1,3,0.83060622215271,171.0,0.83060622215271,solid,sampled
A3-03,Section 3,3,1.5130853652954102,171.0,1.5130853652954102,solid,sampled
A3-01,Section 1,3,0.8391819000244141,172.0,0.8391819000244141,solid,sampled
A3-03,Section 3,3,1.513517141342163,172.0,1.513517141342163,solid,sampled
A3-01,Section 1,3,0.8216922283172607,173.0,0.8216922283172607,solid,sampled
A3-03,Section 3,3,1.1780778169631958,173.0,1.1780778169631958,solid,sampled
A3-01,Section 1,3,0.8230102062225342,174.0,0.8230102062225342,solid,sampled
A3-03,Section 3,3,1.1362429857254028,174.0,1.1362429857254028,solid,sampled
A3-01,Section 1,3,0.8102688193321228,175.0,0.8102688193321228,solid,sampled
A3-03,Section 3,3,1.0938555002212524,175.0,1.0938555002212524,solid,sampled
A3-01,Section 1,3,0.801400899887085,176.0,0.801400899887085,solid,sampled
A3-03,Section 3,3,1.062278389930725,176.0,1.062278389930725,solid,sampled
A3-01,Section 1,3,0.794304370880127,177.0,0.794304370880127,solid,sampled
A3-03,Section 3,3,1.029497504234314,177.0,1.029497504234314,solid,sampled
A3-01,Section 1,3,0.8039683699607849,178.0,0.8039683699607849,solid,sampled
A3-03,Section 3,3,0.9864616990089417,178.0,0.9864616990089417,solid,sampled
A3-01,Section 1,3,0.799917459487915,179.0,0.799917459487915,solid,sampled
A3-03,Section 3,3,0.9385647773742676,179.0,0.9385647773742676,solid,sampled
A3-01,Section 1,3,0.7860412001609802,180.0,0.7860412001609802,solid,sampled
A3-03,Section 3,3,0.8907386064529419,180.0,0.8907386064529419,solid,sampled
A3-01,Section 1,3,0.7854602932929993,181.0,0.7854602932929993,solid,sampled
A3-03,Section 3,3,0.8409966230392456,181.0,0.8409966230392456,solid,sampled
A3-01,Section 1,3,0.7748186588287354,182.0,0.7748186588287354,solid,sampled
A3-03,Section 3,3,0.7932448387145996,182.0,0.7932448387145996,solid,sampled
A3-01,Section 1,3,0.7751681804656982,183.0,0.7751681804656982,solid,sampled
A3-03,Section 3,3,0.7386863827705383,183.0,0.7386863827705383,solid,sampled
A3-01,Section 1,3,0.7657930850982666,184.0,0.7657930850982666,solid,sampled
A3-03,Section 3,3,0.6866927146911621,184.0,0.6866927146911621,solid,sampled
A3-01,Section 1,3,0.7600458860397339,185.0,0.7600458860397339,solid,sampled
A3-03,Section 3,3,0.6469810009002686,185.0,0.6469810009002686,solid,sampled
A3-01,Section 1,3,0.7642900943756104,186.0,0.7642900943756104,solid,sampled
A3-03,Section 3,3,0.6030559539794922,186.0,0.6030559539794922,solid,sampled
A3-01,Section 1,3,0.7434874176979065,187.0,0.7434874176979065,solid,sampled
A3-03,Section 3,3,0.5578610301017761,187.0,0.5578610301017761,solid,sampled
A3-01,Section 1,3,0.7612623572349548,188.0,0.7612623572349548,solid,sampled
A3-03,Section 3,3,0.5006447434425354,188.0,0.5006447434425354,solid,sampled
A3-01,Section 1,3,0.7383236885070801,189.0,0.7383236885070801,solid,sampled
A3-03,Section 3,3,0.4507980942726135,189.0,0.4507980942726135,solid,sampled
A3-01,Section 1,3,0.7361805438995361,190.0,0.7361805438995361,solid,sampled
A3-03,Section 3,3,0.39647817611694336,190.0,0.39647817611694336,solid,sampled
A3-01,Section 1,3,0.7251830101013184,191.0,0.7251830101013184,solid,sampled
A3-03,Section 3,3,0.3512864112854004,191.0,0.3512864112854004,solid,sampled
A3-01,Section 1,3,0.7374885082244873,192.0,0.7374885082244873,solid,sampled
A3-03,Section 3,3,0.29988813400268555,192.0,0.29988813400268555,solid,sampled
A3-01,Section 1,3,0.730583131313324,193.0,0.730583131313324,solid,sampled
A3-03,Section 3,3,0.24779152870178223,193.0,0.24779152870178223,solid,sampled
A3-01,Section 1,3,0.7255440354347229,194.0,0.7255440354347229,solid,sampled
A3-03,Section 3,3,0.1918208748102188,194.0,0.1918208748102188,solid,sampled
A3-01,Section 1,3,0.7178611755371094,195.0,0.7178611755371094,solid,sampled
A3-03,Section 3,3,0.143697589635849,195.0,0.143697589635849,solid,sampled
A3-01,Section 1,3,0.7148276567459106,196.0,0.7148276567459106,solid,sampled
A3-03,Section 3,3,0.1050921082496643,196.0,0.1050921082496643,solid,sampled
A3-01,Section 1,3,0.7038819789886475,197.0,0.7038819789886475,solid,sampled
A3-03,Section 3,3,0.03216620534658432,197.0,0.03216620534658432,solid,sampled
A3-01,Section 1,3,0.6950979232788086,198.0,0.6950979232788086,solid,sampled
A3-03,Section 3,3,-0.01078033447265625,198.0,-0.01078033447265625,solid,sampled
A3-01,Section 1,3,0.6976982355117798,199.0,0.6976982355117798,solid,sampled
A3-03,Section 3,3,-0.06070762872695923,199.0,-0.06070762872695923,solid,sampled
A3-01,Section 1,3,0.6868935823440552,200.0,0.6868935823440552,solid,sampled
A3-03,Section 3,3,-0.10436069965362549,200.0,-0.10436069965362549,solid,sampled
A3-01,Section 1,3,0.6806345582008362,201.0,0.6806345582008362,solid,sampled
A3-03,Section 3,3,-0.13571514189243317,201.0,-0.13571514189243317,solid,sampled
A3-01,Section 1,3,0.6761422157287598,202.0,0.6761422157287598,solid,sampled
A3-03,Section 3,3,-0.18767398595809937,202.0,-0.18767398595809937,solid,sampled
A3-01,Section 1,3,0.6713095307350159,203.0,0.6713095307350159,solid,sampled
A3-03,Section 3,3,-0.21731379628181458,203.0,-0.21731379628181458,solid,sampled
A3-01,Section 1,3,0.6693527102470398,204.0,0.6693527102470398,solid,sampled
A3-03,Section 3,3,-0.2584646940231323,204.0,-0.2584646940231323,solid,sampled
A3-01,Section 1,3,0.6609220504760742,205.0,0.6609220504760742,solid,sampled
A3-03,Section 3,3,-0.3129960298538208,205.0,-0.3129960298538208,solid,sampled
A3-01,Section 1,3,0.6664680242538452,206.0,0.6664680242538452,solid,sampled
A3-03,Section 3,3,-0.36003899574279785,206.0,-0.36003899574279785,solid,sampled
A3-01,Section 1,3,0.642013669013977,207.0,0.642013669013977,solid,sampled
A3-03,Section 3,3,-0.43183308839797974,207.0,-0.43183308839797974,solid,sampled
A3-01,Section 1,3,0.6490945816040039,208.0,0.6490945816040039,solid,sampled
A3-03,Section 3,3,-0.49919605255126953,208.0,-0.49919605255126953,solid,sampled
A3-01,Section 1,3,0.6431488990783691,209.0,0.6431488990783691,solid,sampled
A3-03,Section 3,3,-0.5697958469390869,209.0,-0.5697958469390869,solid,sampled
A3-01,Section 1,3,0.6240055561065674,210.0,0.6240055561065674,solid,sampled
A3-03,Section 3,3,-0.6004432439804077,210.0,-0.6004432439804077,solid,sampled
A3-01,Section 1,3,0.6163357496261597,211.0,0.6163357496261597,solid,sampled
A3-03,Section 3,3,-0.6517492532730103,211.0,-0.6517492532730103,solid,sampled
A3-01,Section 1,3,0.6063855886459351,212.0,0.6063855886459351,solid,sampled
A3-03,Section 3,3,-0.7065030932426453,212.0,-0.7065030932426453,solid,sampled
A3-01,Section 1,3,0.606194019317627,213.0,0.606194019317627,solid,sampled
A3-03,Section 3,3,-0.7327595949172974,213.0,-0.7327595949172974,solid,sampled
A3-01,Section 1,3,0.5958397388458252,214.0,0.5958397388458252,solid,sampled
A3-03,Section 3,3,-0.7663114666938782,214.0,-0.7663114666938782,solid,sampled
A3-01,Section 1,3,0.5797874331474304,215.0,0.5797874331474304,solid,sampled
A3-03,Section 3,3,-0.7932998538017273,215.0,-0.7932998538017273,solid,sampled
A3-01,Section 1,3,0.5831829309463501,216.0,0.5831829309463501,solid,sampled
A3-03,Section 3,3,-0.8381210565567017,216.0,-0.8381210565567017,solid,sampled
A3-01,Section 1,3,0.5710184574127197,217.0,0.5710184574127197,solid,sampled
A3-03,Section 3,3,-0.8963465094566345,217.0,-0.8963465094566345,solid,sampled
A3-01,Section 1,3,0.56064373254776,218.0,0.56064373254776,solid,sampled
A3-03,Section 3,3,-0.9146345853805542,218.0,-0.9146345853805542,solid,sampled
A3-01,Section 1,3,0.5616152286529541,219.0,0.5616152286529541,solid,sampled
A3-03,Section 3,3,-0.9393457174301147,219.0,-0.9393457174301147,solid,sampled
A3-01,Section 1,3,0.5455441474914551,220.0,0.5455441474914551,solid,sampled
A3-03,Section 3,3,-0.9839327335357666,220.0,-0.9839327335357666,solid,sampled
A3-01,Section 1,3,0.5412065982818604,221.0,0.5412065982818604,solid,sampled
A3-03,Section 3,3,-1.0106874704360962,221.0,-1.0106874704360962,solid,sampled
A3-01,Section 1,3,0.5301235318183899,222.0,0.5301235318183899,solid,sampled
A3-03,Section 3,3,-1.0264031887054443,222.0,-1.0264031887054443,solid,sampled
A3-01,Section 1,3,0.5200737714767456,223.0,0.5200737714767456,solid,sampled
A3-03,Section 3,3,-1.0855133533477783,223.0,-1.0855133533477783,solid,sampled
A3-01,Section 1,3,0.5051583051681519,224.0,0.5051583051681519,solid,sampled
A3-03,Section 3,3,-1.1372976303100586,224.0,-1.1372976303100586,solid,sampled
A3-01,Section 1,3,0.49706393480300903,225.0,0.49706393480300903,solid,sampled
A3-03,Section 3,3,-1.1825388669967651,225.0,-1.1825388669967651,solid,sampled
A3-01,Section 1,3,0.5017462372779846,226.0,0.5017462372779846,solid,sampled
A3-03,Section 3,3,-1.2315231561660767,226.0,-1.2315231561660767,solid,sampled
A3-01,Section 1,3,0.4862721860408783,227.0,0.4862721860408783,solid,sampled
A3-03,Section 3,3,-1.269515872001648,227.0,-1.269515872001648,solid,sampled
A3-01,Section 1,3,0.47151610255241394,228.0,0.47151610255241394,solid,sampled
A3-03,Section 3,3,-1.3138954639434814,228.0,-1.3138954639434814,solid,sampled
A3-01,Section 1,3,0.4596399664878845,229.0,0.4596399664878845,solid,sampled
A3-03,Section 3,3,-1.3583626747131348,229.0,-1.3583626747131348,solid,sampled
A3-01,Section 1,3,0.4527575969696045,230.0,0.4527575969696045,solid,sampled
A3-03,Section 3,3,-1.4344044923782349,230.0,-1.4344044923782349,solid,sampled
A3-01,Section 1,3,0.44648465514183044,231.0,0.44648465514183044,solid,sampled
A3-03,Section 3,3,-1.4721938371658325,231.0,-1.4721938371658325,solid,sampled
A3-01,Section 1,3,0.43486446142196655,232.0,0.43486446142196655,solid,sampled
A3-03,Section 3,3,-1.55098295211792,232.0,-1.55098295211792,solid,sampled
A3-01,Section 1,3,0.42492878437042236,233.0,0.42492878437042236,solid,sampled
A3-03,Section 3,3,-1.645918607711792,233.0,-1.645918607711792,solid,sampled
A3-01,Section 1,3,0.4058830738067627,234.0,0.4058830738067627,solid,sampled
A3-03,Section 3,3,-1.6428189277648926,234.0,-1.6428189277648926,solid,sampled
A3-01,Section 1,3,0.40605831146240234,235.0,0.40605831146240234,solid,sampled
A3-03,Section 3,3,-1.7017221450805664,235.0,-1.7017221450805664,solid,sampled
A3-01,Section 1,3,0.4142032563686371,236.0,0.4142032563686371,solid,sampled
A3-03,Section 3,3,-1.7616100311279297,236.0,-1.7616100311279297,solid,sampled
A3-01,Section 1,3,0.37921932339668274,237.0,0.37921932339668274,solid,sampled
A3-03,Section 3,3,-1.8473668098449707,237.0,-1.8473668098449707,solid,sampled
A3-01,Section 1,3,0.3663095235824585,238.0,0.3663095235824585,solid,sampled
A3-03,Section 3,3,-1.854116439819336,238.0,-1.854116439819336,solid,sampled
A3-01,Section 1,3,0.37743496894836426,239.0,0.37743496894836426,solid,sampled
A3-03,Section 3,3,-1.9217280149459839,239.0,-1.9217280149459839,solid,sampled
A3-01,Section 1,3,0.36786970496177673,240.0,0.36786970496177673,solid,sampled
A3-03,Section 3,3,-1.977083683013916,240.0,-1.977083683013916,solid,sampled
A3-01,Section 1,3,0.37080252170562744,241.0,0.37080252170562744,solid,sampled
A3-03,Section 3,3,-2.0189459323883057,241.0,-2.0189459323883057,solid,sampled
A3-01,Section 1,3,0.36036306619644165,242.0,0.36036306619644165,solid,sampled
A3-03,Section 3,3,-2.062602996826172,242.0,-2.062602996826172,solid,sampled
A3-01,Section 1,3,0.3323790729045868,243.0,0.3323790729045868,solid,sampled
A3-03,Section 3,3,-2.135165214538574,243.0,-2.135165214538574,solid,sampled
A3-01,Section 1,3,0.347869336605072,244.0,0.347869336605072,solid,sampled
A3-03,Section 3,3,-2.227032423019409,244.0,-2.227032423019409,solid,sampled
A3-01,Section 1,3,0.32378655672073364,245.0,0.32378655672073364,solid,sampled
A3-03,Section 3,3,-2.3306124210357666,245.0,-2.3306124210357666,solid,sampled
A3-01,Section 1,3,0.32630062103271484,246.0,0.32630062103271484,solid,sampled
A3-03,Section 3,3,-2.435960531234741,246.0,-2.435960531234741,solid,sampled
A3-01,Section 1,3,0.3060816526412964,247.0,0.3060816526412964,solid,sampled
A3-03,Section 3,3,-2.5436110496520996,247.0,-2.5436110496520996,solid,sampled
A3-01,Section 1,3,0.31031957268714905,248.0,0.31031957268714905,solid,sampled
A3-03,Section 3,3,-2.645944118499756,248.0,-2.645944118499756,solid,sampled
A3-01,Section 1,3,0.30087894201278687,249.0,0.30087894201278687,solid,sampled
A3-03,Section 3,3,-2.7332873344421387,249.0,-2.7332873344421387,solid,sampled
A3-01,Section 1,3,0.28390923142433167,250.0,0.28390923142433167,solid,sampled
A3-03,Section 3,3,-2.825450897216797,250.0,-2.825450897216797,solid,sampled
A3-01,Section 1,3,0.2801370620727539,251.0,0.2801370620727539,solid,sampled
A3-03,Section 3,3,-2.94750714302063,251.0,-2.94750714302063,solid,sampled
A3-01,Section 1,3,0.2602667212486267,252.0,0.2602667212486267,solid,sampled
A3-03,Section 3,3,-3.0,252.0,-3.0647401809692383,solid,water_floor
A3-01,Section 1,3,0.2596876621246338,253.0,0.2596876621246338,solid,sampled
A3-03,Section 3,3,-3.0,253.0,-3.392102003097534,solid,water_floor
A3-01,Section 1,3,0.2605128288269043,254.0,0.2605128288269043,solid,sampled
A3-03,Section 3,3,-3.0,254.0,-4.5140061378479,solid,water_floor
A3-01,Section 1,3,0.24040603637695312,255.0,0.24040603637695312,solid,sampled
A3-03,Section 3,3,-3.0,255.0,-8.186115264892578,solid,water_floor
A3-01,Section 1,3,0.23185300827026367,256.0,0.23185300827026367,solid,sampled
A3-03,Section 3,3,-3.0,256.0,-20.382631301879883,solid,water_floor
A3-01,Section 1,3,0.2293778359889984,257.0,0.2293778359889984,solid,sampled
A3-03,Section 3,3,-3.0,257.0,-11.89229965209961,solid,water_floor
A3-01,Section 1,3,0.21667534112930298,258.0,0.21667534112930298,solid,sampled
A3-03,Section 3,3,-3.0,258.0,-19.312625885009766,solid,water_floor
A3-01,Section 1,3,0.20386473834514618,259.0,0.20386473834514618,solid,sampled
A3-03,Section 3,3,-3.0,259.0,-15.785429954528809,solid,water_floor
A3-01,Section 1,3,0.17578521370887756,260.0,0.17578521370887756,solid,sampled
A3-03,Section 3,3,-3.0,260.0,-19.08233642578125,solid,water_floor
A3-01,Section 1,3,0.18256378173828125,261.0,0.18256378173828125,solid,sampled
A3-03,Section 3,3,-3.0,261.0,-18.678163528442383,solid,water_floor
A3-01,Section 1,3,0.1929810345172882,262.0,0.1929810345172882,solid,sampled
A3-03,Section 3,3,-3.0,262.0,-20.424034118652344,solid,water_floor
A3-01,Section 1,3,0.16957685351371765,263.0,0.16957685351371765,solid,sampled
A3-03,Section 3,3,-3.0,263.0,-20.009519577026367,solid,water_floor
A3-01,Section 1,3,0.16348132491111755,264.0,0.16348132491111755,solid,sampled
A3-03,Section 3,3,-3.0,264.0,-21.88335609436035,solid,water_floor
A3-01,Section 1,3,0.15685051679611206,265.0,0.15685051679611206,solid,sampled
A3-03,Section 3,3,-3.0,265.0,-17.535945892333984,solid,water_floor
A3-01,Section 1,3,0.1268562376499176,266.0,0.1268562376499176,solid,sampled
A3-03,Section 3,3,-3.0,266.0,-16.283260345458984,solid,water_floor
A3-01,Section 1,3,0.12954840064048767,267.0,0.12954840064048767,solid,sampled
A3-03,Section 3,3,-3.0,267.0,-18.619890213012695,solid,water_floor
A3-01,Section 1,3,0.13203343749046326,268.0,0.13203343749046326,solid,sampled
A3-03,Section 3,3,-3.0,268.0,-22.329341888427734,solid,water_floor
A3-01,Section 1,3,0.11200607568025589,269.0,0.11200607568025589,solid,sampled
A3-03,Section 3,3,-3.0,269.0,-20.000219345092773,solid,water_floor
A3-01,Section 1,3,0.10279469192028046,270.0,0.10279469192028046,solid,sampled
A3-03,Section 3,3,-3.0,270.0,-40.26057815551758,solid,water_floor
A3-01,Section 1,3,0.1055651307106018,271.0,0.1055651307106018,solid,sampled
A3-03,Section 3,3,-3.0,271.0,-33.78594207763672,solid,water_floor
A3-01,Section 1,3,0.08743870258331299,272.0,0.08743870258331299,solid,sampled
A3-03,Section 3,3,-3.0,272.0,-36.62025451660156,solid,water_floor
A3-01,Section 1,3,0.08462783694267273,273.0,0.08462783694267273,solid,sampled
A3-03,Section 3,3,-3.0,273.0,-35.51861572265625,solid,water_floor
A3-01,Section 1,3,0.07692480087280273,274.0,0.07692480087280273,solid,sampled
A3-03,Section 3,3,-3.0,274.0,-34.914466857910156,solid,water_floor
A3-01,Section 1,3,0.06578350067138672,275.0,0.06578350067138672,solid,sampled
A3-03,Section 3,3,-3.0,275.0,-38.97211456298828,solid,water_floor
A3-01,Section 1,3,0.055304452776908875,276.0,0.055304452776908875,solid,sampled
A3-03,Section 3,3,-3.0,276.0,-40.07177734375,solid,water_floor
A3-01,Section 1,3,0.04150402545928955,277.0,0.04150402545928955,solid,sampled
A3-03,Section 3,3,-3.0,277.0,-35.47325897216797,solid,water_floor
A3-01,Section 1,3,0.0310211181640625,278.0,0.0310211181640625,solid,sampled
A3-03,Section 3,3,-3.0,278.0,-50.12428283691406,solid,water_floor
A3-01,Section 1,3,0.011142775416374207,279.0,0.011142775416374207,solid,sampled
A3-03,Section 3,3,-3.0,279.0,-42.60214614868164,solid,water_floor
A3-01,Section 1,3,0.018556594848632812,280.0,0.018556594848632812,solid,sampled
A3-03,Section 3,3,-3.0,280.0,-39.84501647949219,solid,water_floor
A3-01,Section 1,3,0.005496978759765625,281.0,0.005496978759765625,solid,sampled
A3-03,Section 3,3,-3.0,281.0,-37.928619384765625,solid,water_floor
A3-01,Section 1,3,0.005853712558746338,282.0,0.005853712558746338,solid,sampled
A3-03,Section 3,3,-3.0,282.0,-33.13255310058594,solid,water_floor
A3-01,Section 1,3,-0.01639920473098755,283.0,-0.01639920473098755,solid,sampled
A3-03,Section 3,3,-3.0,283.0,-53.741004943847656,solid,water_floor
A3-01,Section 1,3,-0.026699617505073547,284.0,-0.026699617505073547,solid,sampled
A3-03,Section 3,3,-3.0,284.0,-56.38307571411133,solid,water_floor
A3-01,Section 1,3,-0.04187065362930298,285.0,-0.04187065362930298,solid,sampled
A3-03,Section 3,3,-3.0,285.0,-55.02696990966797,solid,water_floor
A3-01,Section 1,3,-0.03863552212715149,286.0,-0.03863552212715149,solid,sampled
A3-03,Section 3,3,-3.0,286.0,-47.58827590942383,solid,water_floor
A3-01,Section 1,3,-0.051384925842285156,287.0,-0.051384925842285156,solid,sampled
A3-03,Section 3,3,-3.0,287.0,-45.011966705322266,solid,water_floor
A3-01,Section 1,3,-0.07056719064712524,288.0,-0.07056719064712524,solid,sampled
A3-03,Section 3,3,-3.0,288.0,-52.24817657470703,solid,water_floor
A3-01,Section 1,3,-0.07347375154495239,289.0,-0.07347375154495239,solid,sampled
A3-03,Section 3,3,-3.0,289.0,-51.112518310546875,solid,water_floor
A3-01,Section 1,3,-0.08334243297576904,290.0,-0.08334243297576904,solid,sampled
A3-03,Section 3,3,-3.0,290.0,-55.487213134765625,solid,water_floor
A3-01,Section 1,3,-0.08480143547058105,291.0,-0.08480143547058105,solid,sampled
A3-03,Section 3,3,-3.0,291.0,-48.53947448730469,solid,water_floor
A3-01,Section 1,3,-0.09909933805465698,292.0,-0.09909933805465698,solid,sampled
A3-03,Section 3,3,-3.0,292.0,-61.70698928833008,solid,water_floor
A3-01,Section 1,3,-0.12002208828926086,293.0,-0.12002208828926086,solid,sampled
A3-03,Section 3,3,-3.0,293.0,-64.82946014404297,solid,water_floor
A3-01,Section 1,3,-0.1203908920288086,294.0,-0.1203908920288086,solid,sampled
A3-03,Section 3,3,-3.0,294.0,-60.512691497802734,solid,water_floor
A3-01,Section 1,3,-0.14830243587493896,295.0,-0.14830243587493896,solid,sampled
A3-03,Section 3,3,-3.0,295.0,-59.24147415161133,solid,water_floor
A3-01,Section 1,3,-0.1534913182258606,296.0,-0.1534913182258606,solid,sampled
A3-03,Section 3,3,-3.0,296.0,-58.611759185791016,solid,water_floor
A3-01,Section 1,3,-0.1830403208732605,297.0,-0.1830403208732605,solid,sampled
A3-03,Section 3,3,-3.0,297.0,-61.215946197509766,solid,water_floor
A3-01,Section 1,3,-0.19926667213439941,298.0,-0.19926667213439941,solid,sampled
A3-03,Section 3,3,-3.0,298.0,-62.89020538330078,solid,water_floor
A3-01,Section 1,3,-0.20274430513381958,299.0,-0.20274430513381958,solid,sampled
A3-03,Section 3,3,-3.0,299.0,-63.58381652832031,solid,water_floor
A3-01,Section 1,3,-0.19979339838027954,300.0,-0.19979339838027954,solid,sampled
A3-03,Section 3,3,-3.0,300.0,-59.88645935058594,solid,water_floor
A3-01,Section 1,3,-0.21531249582767487,301.0,-0.21531249582767487,solid,sampled
A3-03,Section 3,3,-3.0,301.0,-66.62782287597656,solid,water_floor
A3-01,Section 1,3,-0.223565936088562,302.0,-0.223565936088562,solid,sampled
A3-03,Section 3,3,-3.0,302.0,-61.92845153808594,solid,water_floor
A3-01,Section 1,3,-0.23718082904815674,303.0,-0.23718082904815674,solid,sampled
A3-03,Section 3,3,-3.0,303.0,-63.25682830810547,solid,water_floor
A3-01,Section 1,3,-0.247780442237854,304.0,-0.247780442237854,solid,sampled
A3-03,Section 3,3,-3.0,304.0,-64.3575210571289,solid,water_floor
A3-01,Section 1,3,-0.27646374702453613,305.0,-0.27646374702453613,solid,sampled
A3-03,Section 3,3,-3.0,305.0,-63.926597595214844,solid,water_floor
A3-01,Section 1,3,-0.29877734184265137,306.0,-0.29877734184265137,solid,sampled
A3-03,Section 3,3,-3.0,306.0,-62.05720520019531,solid,water_floor
A3-01,Section 1,3,-0.30354979634284973,307.0,-0.30354979634284973,solid,sampled
A3-03,Section 3,3,-3.0,307.0,-61.3745231628418,solid,water_floor
A3-01,Section 1,3,-0.31124621629714966,308.0,-0.31124621629714966,solid,sampled
A3-03,Section 3,3,-3.0,308.0,-63.077789306640625,solid,water_floor
A3-01,Section 1,3,-0.33425432443618774,309.0,-0.33425432443618774,solid,sampled
A3-03,Section 3,3,-3.0,309.0,-65.23493957519531,solid,water_floor
A3-01,Section 1,3,-0.35655906796455383,310.0,-0.35655906796455383,solid,sampled
A3-03,Section 3,3,-3.0,310.0,-66.40455627441406,solid,water_floor
A3-01,Section 1,3,-0.3723917603492737,311.0,-0.3723917603492737,solid,sampled
A3-03,Section 3,3,-3.0,311.0,-64.5541763305664,solid,water_floor
A3-01,Section 1,3,-0.4039336144924164,312.0,-0.4039336144924164,solid,sampled
A3-03,Section 3,3,-3.0,312.0,-64.08393096923828,solid,water_floor
A3-01,Section 1,3,-0.4118477702140808,313.0,-0.4118477702140808,solid,sampled
A3-03,Section 3,3,-3.0,313.0,-66.88551330566406,solid,water_floor
A3-01,Section 1,3,-0.4303489029407501,314.0,-0.4303489029407501,solid,sampled
A3-03,Section 3,3,-3.0,314.0,-67.39488220214844,solid,water_floor
A3-01,Section 1,3,-0.4317017197608948,315.0,-0.4317017197608948,solid,sampled
A3-03,Section 3,3,-3.0,315.0,-65.6546630859375,solid,water_floor
A3-01,Section 1,3,-0.4404889941215515,316.0,-0.4404889941215515,solid,sampled
A3-03,Section 3,3,-3.0,316.0,-65.23665618896484,solid,water_floor
A3-01,Section 1,3,-0.44106608629226685,317.0,-0.44106608629226685,solid,sampled
A3-03,Section 3,3,-3.0,317.0,-69.39775085449219,solid,water_floor
A3-01,Section 1,3,-0.4381307363510132,318.0,-0.4381307363510132,solid,sampled
A3-03,Section 3,3,-3.0,318.0,-63.866703033447266,solid,water_floor
A3-01,Section 1,3,-0.4347712993621826,319.0,-0.4347712993621826,solid,sampled
A3-03,Section 3,3,-3.0,319.0,-63.2992057800293,solid,water_floor
A3-01,Section 1,3,-0.45252877473831177,320.0,-0.45252877473831177,solid,sampled
A3-03,Section 3,3,-3.0,320.0,-66.81895446777344,solid,water_floor
A3-01,Section 1,3,-0.4737447500228882,321.0,-0.4737447500228882,solid,sampled
A3-03,Section 3,3,-3.0,321.0,-64.85778045654297,solid,water_floor
A3-01,Section 1,3,-0.4845682382583618,322.0,-0.4845682382583618,solid,sampled
A3-03,Section 3,3,-3.0,322.0,-66.20904541015625,solid,water_floor
A3-01,Section 1,3,-0.48784250020980835,323.0,-0.48784250020980835,solid,sampled
A3-03,Section 3,3,-3.0,323.0,-63.48091125488281,solid,water_floor
A3-01,Section 1,3,-0.525210440158844,324.0,-0.525210440158844,solid,sampled
A3-03,Section 3,3,-3.0,324.0,-62.157264709472656,solid,water_floor
A3-01,Section 1,3,-0.5458347797393799,325.0,-0.5458347797393799,solid,sampled
A3-03,Section 3,3,-3.0,325.0,-64.5531234741211,solid,water_floor
A3-01,Section 1,3,-0.5623569488525391,326.0,-0.5623569488525391,solid,sampled
A3-03,Section 3,3,-3.0,326.0,-67.19695281982422,solid,water_floor
A3-01,Section 1,3,-0.5803844332695007,327.0,-0.5803844332695007,solid,sampled
A3-03,Section 3,3,-3.0,327.0,-62.45186233520508,solid,water_floor
A3-01,Section 1,3,-0.59723961353302,328.0,-0.59723961353302,solid,sampled
A3-03,Section 3,3,-3.0,328.0,-62.83325958251953,solid,water_floor
A3-01,Section 1,3,-0.6181774139404297,329.0,-0.6181774139404297,solid,sampled
A3-03,Section 3,3,-3.0,329.0,-67.95415496826172,solid,water_floor
A3-01,Section 1,3,-0.6365441679954529,330.0,-0.6365441679954529,solid,sampled
A3-03,Section 3,3,-3.0,330.0,-66.96259307861328,solid,water_floor
A3-01,Section 1,3,-0.6612104177474976,331.0,-0.6612104177474976,solid,sampled
A3-03,Section 3,3,-3.0,331.0,-60.222721099853516,solid,water_floor
A3-01,Section 1,3,-0.6952515840530396,332.0,-0.6952515840530396,solid,sampled
A3-03,Section 3,3,-3.0,332.0,-67.83384704589844,solid,water_floor
A3-01,Section 1,3,-0.7349495887756348,333.0,-0.7349495887756348,solid,sampled
A3-03,Section 3,3,-3.0,333.0,-64.791259765625,solid,water_floor
A3-01,Section 1,3,-0.7770380973815918,334.0,-0.7770380973815918,solid,sampled
A3-03,Section 3,3,-3.0,334.0,-64.5540771484375,solid,water_floor
A3-01,Section 1,3,-0.8250222206115723,335.0,-0.8250222206115723,solid,sampled
A3-03,Section 3,3,-3.0,335.0,-68.27680206298828,solid,water_floor
A3-01,Section 1,3,-0.8853475451469421,336.0,-0.8853475451469421,solid,sampled
A3-03,Section 3,3,-3.0,336.0,-64.48085021972656,solid,water_floor
A3-01,Section 1,3,-0.951423168182373,337.0,-0.951423168182373,solid,sampled
A3-03,Section 3,3,-3.0,337.0,-59.148414611816406,solid,water_floor
A3-01,Section 1,3,-1.026058554649353,338.0,-1.026058554649353,solid,sampled
A3-03,Section 3,3,-3.0,338.0,-60.773799896240234,solid,water_floor
A3-01,Section 1,3,-1.1022582054138184,339.0,-1.1022582054138184,solid,sampled
A3-03,Section 3,3,-3.0,339.0,-58.798709869384766,solid,water_floor
A3-01,Section 1,3,-1.1728899478912354,340.0,-1.1728899478912354,solid,sampled
A3-03,Section 3,3,-3.0,340.0,-64.87567138671875,solid,water_floor
A3-01,Section 1,3,-1.269124984741211,341.0,-1.269124984741211,solid,sampled
A3-03,Section 3,3,-3.0,341.0,-70.6590576171875,solid,water_floor
A3-01,Section 1,3,-1.3592435121536255,342.0,-1.3592435121536255,solid,sampled
A3-03,Section 3,3,-3.0,342.0,-64.79009246826172,solid,water_floor
A3-01,Section 1,3,-1.5493192672729492,343.0,-1.5493192672729492,solid,sampled
A3-03,Section 3,3,-3.0,343.0,-62.153011322021484,solid,water_floor
A3-01,Section 1,3,-1.563704013824463,344.0,-1.563704013824463,solid,sampled
A3-03,Section 3,3,-3.0,344.0,-56.317813873291016,solid,water_floor
A3-01,Section 1,3,-1.5988332033157349,345.0,-1.5988332033157349,solid,sampled
A3-03,Section 3,3,-3.0,345.0,-63.852699279785156,solid,water_floor
A3-01,Section 1,3,-1.792527437210083,346.0,-1.792527437210083,solid,sampled
A3-03,Section 3,3,-3.0,346.0,-63.848079681396484,solid,water_floor
A3-01,Section 1,3,-2.0129852294921875,347.0,-2.0129852294921875,solid,sampled
A3-03,Section 3,3,-3.0,347.0,-66.37165069580078,solid,water_floor
A3-01,Section 1,3,-2.0972421169281006,348.0,-2.0972421169281006,solid,sampled
A3-03,Section 3,3,-3.0,348.0,-67.71206665039062,solid,water_floor
A3-01,Section 1,3,-2.146272897720337,349.0,-2.146272897720337,solid,sampled
A3-03,Section 3,3,-3.0,349.0,-62.45508575439453,solid,water_floor
A3-01,Section 1,3,-2.196561336517334,350.0,-2.196561336517334,solid,sampled
A3-03,Section 3,3,-3.0,350.0,-59.149070739746094,solid,water_floor
A3-01,Section 1,3,-2.215460777282715,351.0,-2.215460777282715,solid,sampled
A3-03,Section 3,3,-3.0,351.0,-64.65635681152344,solid,water_floor
A3-01,Section 1,3,-2.309875726699829,352.0,-2.309875726699829,solid,sampled
A3-03,Section 3,3,-3.0,352.0,-63.121376037597656,solid,water_floor
A3-01,Section 1,3,-2.415200710296631,353.0,-2.415200710296631,solid,sampled
A3-03,Section 3,3,-3.0,353.0,-60.096466064453125,solid,water_floor
A3-01,Section 1,3,-2.3670806884765625,354.0,-2.3670806884765625,solid,sampled
A3-03,Section 3,3,-3.0,354.0,-65.3919448852539,solid,water_floor
A3-01,Section 1,3,-2.3330721855163574,355.0,-2.3330721855163574,solid,sampled
A3-03,Section 3,3,-3.0,355.0,-57.410221099853516,solid,water_floor
A3-01,Section 1,3,-2.3437089920043945,356.0,-2.3437089920043945,solid,sampled
A3-03,Section 3,3,-3.0,356.0,-55.71293640136719,solid,water_floor
A3-01,Section 1,3,-2.3478477001190186,357.0,-2.3478477001190186,solid,sampled
A3-03,Section 3,3,-3.0,357.0,-55.93031311035156,solid,water_floor
A3-01,Section 1,3,-2.391441822052002,358.0,-2.391441822052002,solid,sampled
A3-03,Section 3,3,-3.0,358.0,-58.85625076293945,solid,water_floor
A3-01,Section 1,3,-2.424126625061035,359.0,-2.424126625061035,solid,sampled
A3-03,Section 3,3,-3.0,359.0,-58.59400177001953,solid,water_floor
A3-01,Section 1,3,-2.5204625129699707,360.0,-2.5204625129699707,solid,sampled
A3-03,Section 3,3,-3.0,360.0,-62.38249206542969,solid,water_floor
A3-01,Section 1,3,-2.6533918380737305,361.0,-2.6533918380737305,solid,sampled
A3-03,Section 3,3,-3.0,361.0,-60.32490539550781,solid,water_floor
A3-01,Section 1,3,-2.6899712085723877,362.0,-2.6899712085723877,solid,sampled
A3-03,Section 3,3,-3.0,362.0,-51.2983283996582,solid,water_floor
A3-01,Section 1,3,-2.6236462593078613,363.0,-2.6236462593078613,solid,sampled
A3-03,Section 3,3,-3.0,363.0,-59.57007598876953,solid,water_floor
A3-01,Section 1,3,-2.706498384475708,364.0,-2.706498384475708,solid,sampled
A3-03,Section 3,3,-3.0,364.0,-56.63362121582031,solid,water_floor
A3-01,Section 1,3,-2.7003655433654785,365.0,-2.7003655433654785,solid,sampled
A3-03,Section 3,3,-3.0,365.0,-51.42982482910156,solid,water_floor
A3-01,Section 1,3,-2.717050790786743,366.0,-2.717050790786743,solid,sampled
A3-03,Section 3,3,-3.0,366.0,-51.09173583984375,solid,water_floor
A3-01,Section 1,3,-2.642996311187744,367.0,-2.642996311187744,solid,sampled
A3-03,Section 3,3,-3.0,367.0,-60.930912017822266,solid,water_floor
A3-01,Section 1,3,-2.621580123901367,368.0,-2.621580123901367,solid,sampled
A3-03,Section 3,3,-3.0,368.0,-42.163841247558594,solid,water_floor
A3-01,Section 1,3,-2.6526827812194824,369.0,-2.6526827812194824,solid,sampled
A3-03,Section 3,3,-3.0,369.0,-46.87984085083008,solid,water_floor
A3-01,Section 1,3,-2.6115760803222656,370.0,-2.6115760803222656,solid,sampled
A3-03,Section 3,3,-3.0,370.0,-44.51422882080078,solid,water_floor
A3-01,Section 1,3,-2.5909924507141113,371.0,-2.5909924507141113,solid,sampled
A3-03,Section 3,3,-3.0,371.0,-35.830718994140625,solid,water_floor
A3-01,Section 1,3,-2.5556557178497314,372.0,-2.5556557178497314,solid,sampled
A3-03,Section 3,3,-3.0,372.0,-47.27056121826172,solid,water_floor
A3-01,Section 1,3,-2.5785233974456787,373.0,-2.5785233974456787,solid,sampled
A3-03,Section 3,3,-3.0,373.0,-51.22529983520508,solid,water_floor
A3-01,Section 1,3,-2.593961238861084,374.0,-2.593961238861084,solid,sampled
A3-03,Section 3,3,-3.0,374.0,-29.737945556640625,solid,water_floor
A3-01,Section 1,3,-2.651587963104248,375.0,-2.651587963104248,solid,sampled
A3-03,Section 3,3,-3.0,375.0,-29.489614486694336,solid,water_floor
A3-01,Section 1,3,-2.6327197551727295,376.0,-2.6327197551727295,solid,sampled
A3-03,Section 3,3,-3.0,376.0,-7.273869514465332,solid,water_floor
A3-01,Section 1,3,-2.658477306365967,377.0,-2.658477306365967,solid,sampled
A3-03,Section 3,3,-3.0,377.0,-34.870079040527344,solid,water_floor
A3-01,Section 1,3,-2.674637794494629,378.0,-2.674637794494629,solid,sampled
A3-03,Section 3,3,-3.0,378.0,-10.51990032196045,solid,water_floor
A3-01,Section 1,3,-2.539724111557007,379.0,-2.539724111557007,solid,sampled
A3-03,Section 3,3,-3.0,379.0,-15.721235275268555,solid,water_floor
A3-01,Section 1,3,-2.460314989089966,380.0,-2.460314989089966,solid,sampled
A3-03,Section 3,3,-3.0,380.0,-6.253910541534424,solid,water_floor
A3-01,Section 1,3,-2.558507204055786,381.0,-2.558507204055786,solid,sampled
A3-03,Section 3,3,-3.0,381.0,-4.535368919372559,solid,water_floor
A3-01,Section 1,3,-2.533073902130127,382.0,-2.533073902130127,solid,sampled
A3-03,Section 3,3,-3.0,382.0,-3.7220840454101562,solid,water_floor
A3-01,Section 1,3,-2.4335484504699707,383.0,-2.4335484504699707,solid,sampled
A3-03,Section 3,3,-3.0,383.0,-3.2391297817230225,solid,water_floor
A3-01,Section 1,3,-2.379652261734009,384.0,-2.379652261734009,solid,sampled
A3-03,Section 3,3,-3.0,384.0,-3.1205193996429443,solid,water_floor
A3-01,Section 1,3,-2.374880075454712,385.0,-2.374880075454712,solid,sampled
A3-03,Section 3,3,-3.0,385.0,-3.4798994064331055,solid,water_floor
A3-01,Section 1,3,-2.29996919631958,386.0,-2.29996919631958,solid,sampled
A3-03,Section 3,3,-3.0,386.0,-3.349862813949585,solid,water_floor
A3-01,Section 1,3,-2.3243231773376465,387.0,-2.3243231773376465,solid,sampled
A3-03,Section 3,3,-3.0,387.0,-3.3265600204467773,solid,water_floor
A3-01,Section 1,3,-2.4331612586975098,388.0,-2.4331612586975098,solid,sampled
A3-03,Section 3,3,-3.0,388.0,-3.351036310195923,solid,water_floor
A3-01,Section 1,3,-2.571319103240967,389.0,-2.571319103240967,solid,sampled
A3-03,Section 3,3,-3.0,389.0,-3.320298910140991,solid,water_floor
A3-01,Section 1,3,-2.6063122749328613,390.0,-2.6063122749328613,solid,sampled
A3-03,Section 3,3,-3.0,390.0,-3.056854724884033,solid,water_floor
A3-01,Section 1,3,-2.6801722049713135,391.0,-2.6801722049713135,solid,sampled
A3-03,Section 3,3,-2.8947508335113525,391.0,-2.8947508335113525,solid,sampled
A3-01,Section 1,3,-2.661172866821289,392.0,-2.661172866821289,solid,sampled
A3-03,Section 3,3,-2.836045742034912,392.0,-2.836045742034912,solid,sampled
A3-01,Section 1,3,-2.5268023014068604,393.0,-2.5268023014068604,solid,sampled
A3-03,Section 3,3,-2.8602492809295654,393.0,-2.8602492809295654,solid,sampled
A3-01,Section 1,3,-2.325753688812256,394.0,-2.325753688812256,solid,sampled
A3-03,Section 3,3,-2.790501117706299,394.0,-2.790501117706299,solid,sampled
A3-01,Section 1,3,-2.3153998851776123,395.0,-2.3153998851776123,solid,sampled
A3-03,Section 3,3,-2.7862417697906494,395.0,-2.7862417697906494,solid,sampled
A3-01,Section 1,3,-2.2515969276428223,396.0,-2.2515969276428223,solid,sampled
A3-03,Section 3,3,-2.895270824432373,396.0,-2.895270824432373,solid,sampled
A3-01,Section 1,3,-2.2055258750915527,397.0,-2.2055258750915527,solid,sampled
A3-03,Section 3,3,-2.915259599685669,397.0,-2.915259599685669,solid,sampled
A3-01,Section 1,3,-2.182830810546875,398.0,-2.182830810546875,solid,sampled
A3-03,Section 3,3,-2.843048095703125,398.0,-2.843048095703125,solid,sampled
A3-01,Section 1,3,-2.1293630599975586,399.0,-2.1293630599975586,solid,sampled
A3-03,Section 3,3,-2.9098994731903076,399.0,-2.9098994731903076,solid,sampled
A3-01,Section 1,3,-2.1325268745422363,400.0,-2.1325268745422363,solid,sampled
A3-03,Section 3,3,-2.8291409015655518,400.0,-2.8291409015655518,solid,sampled
A3-01,Section 1,3,-2.1236143112182617,401.0,-2.1236143112182617,solid,sampled
A3-03,Section 3,3,-2.7839629650115967,401.0,-2.7839629650115967,solid,sampled
A3-01,Section 1,3,-2.1462574005126953,402.0,-2.1462574005126953,solid,sampled
A3-03,Section 3,3,-2.8813564777374268,402.0,-2.8813564777374268,solid,sampled
A3-01,Section 1,3,-2.2909586429595947,403.0,-2.2909586429595947,solid,sampled
A3-03,Section 3,3,-2.995546817779541,403.0,-2.995546817779541,solid,sampled
A3-01,Section 1,3,-2.324732780456543,404.0,-2.324732780456543,solid,sampled
A3-03,Section 3,3,-2.801607131958008,404.0,-2.801607131958008,solid,sampled
A3-01,Section 1,3,-2.2246391773223877,405.0,-2.2246391773223877,solid,sampled
A3-03,Section 3,3,-2.693173885345459,405.0,-2.693173885345459,solid,sampled
A3-01,Section 1,3,-2.012301445007324,406.0,-2.012301445007324,solid,sampled
A3-03,Section 3,3,-2.6005373001098633,406.0,-2.6005373001098633,solid,sampled
A3-01,Section 1,3,-1.9733669757843018,407.0,-1.9733669757843018,solid,sampled
A3-03,Section 3,3,-2.5556249618530273,407.0,-2.5556249618530273,solid,sampled
A3-01,Section 1,3,-2.0081701278686523,408.0,-2.0081701278686523,solid,sampled
A3-03,Section 3,3,-2.558195114135742,408.0,-2.558195114135742,solid,sampled
A3-01,Section 1,3,-1.914024829864502,409.0,-1.914024829864502,solid,sampled
A3-03,Section 3,3,-2.6092207431793213,409.0,-2.6092207431793213,solid,sampled
A3-01,Section 1,3,-1.883905291557312,410.0,-1.883905291557312,solid,sampled
A3-03,Section 3,3,-2.5096850395202637,410.0,-2.5096850395202637,solid,sampled
A3-01,Section 1,3,-1.829398274421692,411.0,-1.829398274421692,solid,sampled
A3-03,Section 3,3,-2.4154882431030273,411.0,-2.4154882431030273,solid,sampled
A3-01,Section 1,3,-1.8140099048614502,412.0,-1.8140099048614502,solid,sampled
A3-03,Section 3,3,-2.3500449657440186,412.0,-2.3500449657440186,solid,sampled
A3-01,Section 1,3,-1.811557412147522,413.0,-1.811557412147522,solid,sampled
A3-03,Section 3,3,-2.3247194290161133,413.0,-2.3247194290161133,solid,sampled
A3-01,Section 1,3,-1.8375792503356934,414.0,-1.8375792503356934,solid,sampled
A3-03,Section 3,3,-2.4654693603515625,414.0,-2.4654693603515625,solid,sampled
A3-01,Section 1,3,-1.8392246961593628,415.0,-1.8392246961593628,solid,sampled
A3-03,Section 3,3,-2.458505153656006,415.0,-2.458505153656006,solid,sampled
A3-01,Section 1,3,-1.6428682804107666,416.0,-1.6428682804107666,solid,sampled
A3-03,Section 3,3,-2.470550298690796,416.0,-2.470550298690796,solid,sampled
A3-01,Section 1,3,-1.6055665016174316,417.0,-1.6055665016174316,solid,sampled
A3-03,Section 3,3,-2.444831132888794,417.0,-2.444831132888794,solid,sampled
A3-01,Section 1,3,-1.6145081520080566,418.0,-1.6145081520080566,solid,sampled
A3-03,Section 3,3,-2.3556458950042725,418.0,-2.3556458950042725,solid,sampled
A3-01,Section 1,3,-1.6524879932403564,419.0,-1.6524879932403564,solid,sampled
A3-03,Section 3,3,-2.274919033050537,419.0,-2.274919033050537,solid,sampled
A3-01,Section 1,3,-1.6280016899108887,420.0,-1.6280016899108887,solid,sampled
A3-03,Section 3,3,-2.2865049839019775,420.0,-2.2865049839019775,solid,sampled
A3-01,Section 1,3,-1.608994483947754,421.0,-1.608994483947754,solid,sampled
A3-03,Section 3,3,-2.325082302093506,421.0,-2.325082302093506,solid,sampled
A3-01,Section 1,3,-1.6251659393310547,422.0,-1.6251659393310547,solid,sampled
A3-03,Section 3,3,-2.237917184829712,422.0,-2.237917184829712,solid,sampled
A3-01,Section 1,3,-1.6197987794876099,423.0,-1.6197987794876099,solid,sampled
A3-03,Section 3,3,-2.123445749282837,423.0,-2.123445749282837,solid,sampled
A3-01,Section 1,3,-1.6285449266433716,424.0,-1.6285449266433716,solid,sampled
A3-03,Section 3,3,-2.038154125213623,424.0,-2.038154125213623,solid,sampled
A3-01,Section 1,3,-1.6256238222122192,425.0,-1.6256238222122192,solid,sampled
A3-03,Section 3,3,-2.0191593170166016,425.0,-2.0191593170166016,solid,sampled
A3-01,Section 1,3,-1.6028062105178833,426.0,-1.6028062105178833,solid,sampled
A3-03,Section 3,3,-2.0915210247039795,426.0,-2.0915210247039795,solid,sampled
A3-01,Section 1,3,-1.6366366147994995,427.0,-1.6366366147994995,solid,sampled
A3-03,Section 3,3,-2.153451919555664,427.0,-2.153451919555664,solid,sampled
A3-01,Section 1,3,-1.6898612976074219,428.0,-1.6898612976074219,solid,sampled
A3-03,Section 3,3,-2.124434471130371,428.0,-2.124434471130371,solid,sampled
A3-01,Section 1,3,-1.686457633972168,429.0,-1.686457633972168,solid,sampled
A3-03,Section 3,3,-2.1336669921875,429.0,-2.1336669921875,solid,sampled
A3-01,Section 1,3,-1.7420880794525146,430.0,-1.7420880794525146,solid,sampled
A3-03,Section 3,3,-2.198490619659424,430.0,-2.198490619659424,solid,sampled
A3-01,Section 1,3,-1.699237585067749,431.0,-1.699237585067749,solid,sampled
A3-03,Section 3,3,-2.1559133529663086,431.0,-2.1559133529663086,solid,sampled
A3-01,Section 1,3,-1.619923710823059,432.0,-1.619923710823059,solid,sampled
A3-03,Section 3,3,-2.0776278972625732,432.0,-2.0776278972625732,solid,sampled
A3-01,Section 1,3,-1.6781768798828125,433.0,-1.6781768798828125,solid,sampled
A3-03,Section 3,3,-2.00732159614563,433.0,-2.00732159614563,solid,sampled
A3-01,Section 1,3,-1.6179215908050537,434.0,-1.6179215908050537,solid,sampled
A3-03,Section 3,3,-1.9574371576309204,434.0,-1.9574371576309204,solid,sampled
A3-01,Section 1,3,-1.6226557493209839,435.0,-1.6226557493209839,solid,sampled
A3-03,Section 3,3,-1.9782062768936157,435.0,-1.9782062768936157,solid,sampled
A3-01,Section 1,3,-1.6729421615600586,436.0,-1.6729421615600586,solid,sampled
A3-03,Section 3,3,-1.9923372268676758,436.0,-1.9923372268676758,solid,sampled
A3-01,Section 1,3,-1.708985447883606,437.0,-1.708985447883606,solid,sampled
A3-03,Section 3,3,-2.0133590698242188,437.0,-2.0133590698242188,solid,sampled
A3-01,Section 1,3,-1.8137385845184326,438.0,-1.8137385845184326,solid,sampled
A3-03,Section 3,3,-1.9901463985443115,438.0,-1.9901463985443115,solid,sampled
A3-01,Section 1,3,-1.8490079641342163,439.0,-1.8490079641342163,solid,sampled
A3-03,Section 3,3,-1.9778081178665161,439.0,-1.9778081178665161,solid,sampled
A3-01,Section 1,3,-1.794955849647522,440.0,-1.794955849647522,solid,sampled
A3-03,Section 3,3,-1.9339265823364258,440.0,-1.9339265823364258,solid,sampled
A3-01,Section 1,3,-1.6300948858261108,441.0,-1.6300948858261108,solid,sampled
A3-03,Section 3,3,-1.862504243850708,441.0,-1.862504243850708,solid,sampled
A3-01,Section 1,3,-1.629892349243164,442.0,-1.629892349243164,solid,sampled
A3-03,Section 3,3,-1.8146770000457764,442.0,-1.8146770000457764,solid,sampled
A3-01,Section 1,3,-1.6237084865570068,443.0,-1.6237084865570068,solid,sampled
A3-03,Section 3,3,-1.809178352355957,443.0,-1.809178352355957,solid,sampled
A3-01,Section 1,3,-1.5774142742156982,444.0,-1.5774142742156982,solid,sampled
A3-03,Section 3,3,-1.8064405918121338,444.0,-1.8064405918121338,solid,sampled
A3-01,Section 1,3,-1.5274112224578857,445.0,-1.5274112224578857,solid,sampled
A3-03,Section 3,3,-1.8354101181030273,445.0,-1.8354101181030273,solid,sampled
A3-01,Section 1,3,-1.5137556791305542,446.0,-1.5137556791305542,solid,sampled
A3-03,Section 3,3,-1.870627999305725,446.0,-1.870627999305725,solid,sampled
A3-01,Section 1,3,-1.5337977409362793,447.0,-1.5337977409362793,solid,sampled
A3-03,Section 3,3,-1.8810991048812866,447.0,-1.8810991048812866,solid,sampled
A3-01,Section 1,3,-1.5531153678894043,448.0,-1.5531153678894043,solid,sampled
A3-03,Section 3,3,-1.8894922733306885,448.0,-1.8894922733306885,solid,sampled
A3-01,Section 1,3,-1.6881036758422852,449.0,-1.6881036758422852,solid,sampled
A3-03,Section 3,3,-1.9367097616195679,449.0,-1.9367097616195679,solid,sampled
A3-01,Section 1,3,-1.956010103225708,450.0,-1.956010103225708,solid,sampled
A3-03,Section 3,3,-2.0369555950164795,450.0,-2.0369555950164795,solid,sampled
A3-01,Section 1,3,-1.930528998374939,451.0,-1.930528998374939,solid,sampled
A3-03,Section 3,3,-2.1585452556610107,451.0,-2.1585452556610107,solid,sampled
A3-01,Section 1,3,-1.793673038482666,452.0,-1.793673038482666,solid,sampled
A3-03,Section 3,3,-2.315199851989746,452.0,-2.315199851989746,solid,sampled
A3-01,Section 1,3,-1.8132764101028442,453.0,-1.8132764101028442,solid,sampled
A3-03,Section 3,3,-2.4300003051757812,453.0,-2.4300003051757812,solid,sampled
A3-01,Section 1,3,-1.8779410123825073,454.0,-1.8779410123825073,solid,sampled
A3-03,Section 3,3,-2.4445152282714844,454.0,-2.4445152282714844,solid,sampled
A3-01,Section 1,3,-1.9003236293792725,455.0,-1.9003236293792725,solid,sampled
A3-03,Section 3,3,-2.3371052742004395,455.0,-2.3371052742004395,solid,sampled
A3-01,Section 1,3,-1.886191725730896,456.0,-1.886191725730896,solid,sampled
A3-03,Section 3,3,-2.1387345790863037,456.0,-2.1387345790863037,solid,sampled
A3-01,Section 1,3,-1.8590672016143799,457.0,-1.8590672016143799,solid,sampled
A3-03,Section 3,3,-2.0690696239471436,457.0,-2.0690696239471436,solid,sampled
A3-01,Section 1,3,-1.8364174365997314,458.0,-1.8364174365997314,solid,sampled
A3-03,Section 3,3,-2.041062831878662,458.0,-2.041062831878662,solid,sampled
A3-01,Section 1,3,-1.8296486139297485,459.0,-1.8296486139297485,solid,sampled
A3-03,Section 3,3,-2.0298666954040527,459.0,-2.0298666954040527,solid,sampled
A3-01,Section 1,3,-1.8762998580932617,460.0,-1.8762998580932617,solid,sampled
A3-03,Section 3,3,-2.001798391342163,460.0,-2.001798391342163,solid,sampled
A3-01,Section 1,3,-2.0605146884918213,461.0,-2.0605146884918213,solid,sampled
A3-03,Section 3,3,-1.9815616607666016,461.0,-1.9815616607666016,solid,sampled
A3-01,Section 1,3,-2.1099112033843994,462.0,-2.1099112033843994,solid,sampled
A3-03,Section 3,3,-1.98879873752594,462.0,-1.98879873752594,solid,sampled
A3-01,Section 1,3,-2.069892168045044,463.0,-2.069892168045044,solid,sampled
A3-03,Section 3,3,-1.9763298034667969,463.0,-1.9763298034667969,solid,sampled
A3-01,Section 1,3,-2.076763153076172,464.0,-2.076763153076172,solid,sampled
A3-03,Section 3,3,-1.9538767337799072,464.0,-1.9538767337799072,solid,sampled
A3-01,Section 1,3,-2.1150996685028076,465.0,-2.1150996685028076,solid,sampled
A3-03,Section 3,3,-1.9474233388900757,465.0,-1.9474233388900757,solid,sampled
A3-01,Section 1,3,-2.1100850105285645,466.0,-2.1100850105285645,solid,sampled
A3-03,Section 3,3,-1.9625353813171387,466.0,-1.9625353813171387,solid,sampled
A3-01,Section 1,3,-2.106511116027832,467.0,-2.106511116027832,solid,sampled
A3-03,Section 3,3,-1.9810309410095215,467.0,-1.9810309410095215,solid,sampled
A3-01,Section 1,3,-2.237001657485962,468.0,-2.237001657485962,solid,sampled
A3-03,Section 3,3,-1.9847373962402344,468.0,-1.9847373962402344,solid,sampled
A3-01,Section 1,3,-2.369575023651123,469.0,-2.369575023651123,solid,sampled
A3-03,Section 3,3,-2.0223283767700195,469.0,-2.0223283767700195,solid,sampled
A3-01,Section 1,3,-2.5012733936309814,470.0,-2.5012733936309814,solid,sampled
A3-03,Section 3,3,-2.052889823913574,470.0,-2.052889823913574,solid,sampled
A3-01,Section 1,3,-2.5176613330841064,471.0,-2.5176613330841064,solid,sampled
A3-03,Section 3,3,-2.0949676036834717,471.0,-2.0949676036834717,solid,sampled
A3-01,Section 1,3,-2.366854667663574,472.0,-2.366854667663574,solid,sampled
A3-03,Section 3,3,-2.161815643310547,472.0,-2.161815643310547,solid,sampled
A3-01,Section 1,3,-2.3844478130340576,473.0,-2.3844478130340576,solid,sampled
A3-03,Section 3,3,-2.2035927772521973,473.0,-2.2035927772521973,solid,sampled
A3-01,Section 1,3,-2.392704486846924,474.0,-2.392704486846924,solid,sampled
A3-03,Section 3,3,-2.2513177394866943,474.0,-2.2513177394866943,solid,sampled
A3-01,Section 1,3,-2.419116973876953,475.0,-2.419116973876953,solid,sampled
A3-03,Section 3,3,-2.27414870262146,475.0,-2.27414870262146,solid,sampled
A3-01,Section 1,3,-2.41226863861084,476.0,-2.41226863861084,solid,sampled
A3-03,Section 3,3,-2.2791860103607178,476.0,-2.2791860103607178,solid,sampled
A3-01,Section 1,3,-2.383071184158325,477.0,-2.383071184158325,solid,sampled
A3-03,Section 3,3,-2.3417654037475586,477.0,-2.3417654037475586,solid,sampled
A3-01,Section 1,3,-2.4066665172576904,478.0,-2.4066665172576904,solid,sampled
A3-03,Section 3,3,-2.3725709915161133,478.0,-2.3725709915161133,solid,sampled
A3-01,Section 1,3,-2.437246322631836,479.0,-2.437246322631836,solid,sampled
A3-03,Section 3,3,-2.3967578411102295,479.0,-2.3967578411102295,solid,sampled
A3-01,Section 1,3,-2.447882652282715,480.0,-2.447882652282715,solid,sampled
A3-03,Section 3,3,-2.378413438796997,480.0,-2.378413438796997,solid,sampled
A3-01,Section 1,3,-2.466212749481201,481.0,-2.466212749481201,solid,sampled
A3-03,Section 3,3,-2.3463683128356934,481.0,-2.3463683128356934,solid,sampled
A3-01,Section 1,3,-2.5204832553863525,482.0,-2.5204832553863525,solid,sampled
A3-03,Section 3,3,-2.3514914512634277,482.0,-2.3514914512634277,solid,sampled
A3-01,Section 1,3,-2.6334853172302246,483.0,-2.6334853172302246,solid,sampled
A3-03,Section 3,3,-2.369281530380249,483.0,-2.369281530380249,solid,sampled
A3-01,Section 1,3,-2.8775668144226074,484.0,-2.8775668144226074,solid,sampled
A3-03,Section 3,3,-2.4148943424224854,484.0,-2.4148943424224854,solid,sampled
A3-01,Section 1,3,-2.9744179248809814,485.0,-2.9744179248809814,solid,sampled
A3-03,Section 3,3,-2.449223518371582,485.0,-2.449223518371582,solid,sampled
A3-01,Section 1,3,-3.0,486.0,-3.1725525856018066,solid,water_floor
A3-03,Section 3,3,-2.3862359523773193,486.0,-2.3862359523773193,solid,sampled
A3-01,Section 1,3,-3.0,487.0,-3.23224139213562,solid,water_floor
A3-03,Section 3,3,-2.2773399353027344,487.0,-2.2773399353027344,solid,sampled
A3-01,Section 1,3,-3.0,488.0,-3.0206968784332275,solid,water_floor
A3-03,Section 3,3,-2.2802727222442627,488.0,-2.2802727222442627,solid,sampled
A3-01,Section 1,3,-3.0,489.0,-3.0024032592773438,solid,water_floor
A3-03,Section 3,3,-2.272554636001587,489.0,-2.272554636001587,solid,sampled
A3-01,Section 1,3,-3.0,490.0,-3.097130537033081,solid,water_floor
A3-03,Section 3,3,-2.230344295501709,490.0,-2.230344295501709,solid,sampled
A3-01,Section 1,3,-3.0,491.0,-3.1057915687561035,solid,water_floor
A3-03,Section 3,3,-2.171938896179199,491.0,-2.171938896179199,solid,sampled
A3-01,Section 1,3,-3.0,492.0,-3.1435585021972656,solid,water_floor
A3-03,Section 3,3,-2.164778232574463,492.0,-2.164778232574463,solid,sampled
A3-01,Section 1,3,-3.0,493.0,-3.1024858951568604,solid,water_floor
A3-03,Section 3,3,-2.151865243911743,493.0,-2.151865243911743,solid,sampled
A3-01,Section 1,3,-3.0,494.0,-3.141169786453247,solid,water_floor
A3-03,Section 3,3,-2.1602721214294434,494.0,-2.1602721214294434,solid,sampled
A3-01,Section 1,3,-3.0,495.0,-3.1132960319519043,solid,water_floor
A3-03,Section 3,3,-2.150441884994507,495.0,-2.150441884994507,solid,sampled
A3-01,Section 1,3,-3.0,496.0,-3.116567850112915,solid,water_floor
A3-03,Section 3,3,-2.137108087539673,496.0,-2.137108087539673,solid,sampled
A3-01,Section 1,3,-3.0,497.0,-3.1091604232788086,solid,water_floor
A3-03,Section 3,3,-2.1687889099121094,497.0,-2.1687889099121094,solid,sampled
A3-01,Section 1,3,-3.0,498.0,-3.1101317405700684,solid,water_floor
A3-03,Section 3,3,-2.178675413131714,498.0,-2.178675413131714,solid,sampled
A3-01,Section 1,3,-3.0,499.0,-3.078029155731201,solid,water_floor
A3-03,Section 3,3,-2.194959878921509,499.0,-2.194959878921509,solid,sampled
A3-01,Section 1,3,-3.0,500.0,-3.1387531757354736,solid,water_floor
A3-03,Section 3,3,-2.2199625968933105,500.0,-2.2199625968933105,solid,sampled
A3-01,Section 1,3,-3.0,501.0,-3.1125662326812744,solid,water_floor
A3-03,Section 3,3,-2.264716863632202,501.0,-2.264716863632202,solid,sampled
A3-01,Section 1,3,-3.0,502.0,-3.1080334186553955,solid,water_floor
A3-03,Section 3,3,-2.3121867179870605,502.0,-2.3121867179870605,solid,sampled
A3-01,Section 1,3,-3.0,503.0,-3.1051321029663086,solid,water_floor
A3-03,Section 3,3,-2.334691286087036,503.0,-2.334691286087036,solid,sampled
A3-01,Section 1,3,-3.0,504.0,-3.3343729972839355,solid,water_floor
A3-03,Section 3,3,-2.363706588745117,504.0,-2.363706588745117,solid,sampled
A3-01,Section 1,3,-3.0,505.0,-3.5458686351776123,solid,water_floor
A3-03,Section 3,3,-2.3942325115203857,505.0,-2.3942325115203857,solid,sampled
A3-01,Section 1,3,-3.0,506.0,-3.2119839191436768,solid,water_floor
A3-03,Section 3,3,-2.435051441192627,506.0,-2.435051441192627,solid,sampled
A3-01,Section 1,3,-3.0,507.0,-3.1262075901031494,solid,water_floor
A3-03,Section 3,3,-2.4603354930877686,507.0,-2.4603354930877686,solid,sampled
A3-01,Section 1,3,-3.0,508.0,-3.173529624938965,solid,water_floor
A3-03,Section 3,3,-2.482931613922119,508.0,-2.482931613922119,solid,sampled
A3-01,Section 1,3,-3.0,509.0,-3.159388780593872,solid,water_floor
A3-03,Section 3,3,-2.473825216293335,509.0,-2.473825216293335,solid,sampled
A3-01,Section 1,3,-3.0,510.0,-3.531320333480835,solid,water_floor
A3-03,Section 3,3,-2.5314457416534424,510.0,-2.5314457416534424,solid,sampled
A3-01,Section 1,3,-3.0,511.0,-3.4644670486450195,solid,water_floor
A3-03,Section 3,3,-2.6171982288360596,511.0,-2.6171982288360596,solid,sampled
A3-01,Section 1,3,-3.0,512.0,-4.508727073669434,solid,water_floor
A3-03,Section 3,3,-2.7147316932678223,512.0,-2.7147316932678223,solid,sampled
A3-01,Section 1,3,-3.0,513.0,-4.310257434844971,solid,water_floor
A3-03,Section 3,3,-2.786921739578247,513.0,-2.786921739578247,solid,sampled
A3-01,Section 1,3,-3.0,514.0,-13.324955940246582,solid,water_floor
A3-03,Section 3,3,-2.8589868545532227,514.0,-2.8589868545532227,solid,sampled
A3-01,Section 1,3,-3.0,515.0,-5.999875068664551,solid,water_floor
A3-03,Section 3,3,-2.8918309211730957,515.0,-2.8918309211730957,solid,sampled
A3-01,Section 1,3,-3.0,516.0,-9.892611503601074,solid,water_floor
A3-03,Section 3,3,-2.856904983520508,516.0,-2.856904983520508,solid,sampled
A3-01,Section 1,3,-3.0,517.0,-11.621960639953613,solid,water_floor
A3-03,Section 3,3,-2.8658690452575684,517.0,-2.8658690452575684,solid,sampled
A3-01,Section 1,3,-3.0,518.0,-15.56245231628418,solid,water_floor
A3-03,Section 3,3,-2.847476005554199,518.0,-2.847476005554199,solid,sampled
A3-01,Section 1,3,-3.0,519.0,-20.26996612548828,solid,water_floor
A3-03,Section 3,3,-2.870514392852783,519.0,-2.870514392852783,solid,sampled
A3-01,Section 1,3,-3.0,520.0,-17.625032424926758,solid,water_floor
A3-03,Section 3,3,-2.873763084411621,520.0,-2.873763084411621,solid,sampled
A3-01,Section 1,3,-3.0,521.0,-23.85555076599121,solid,water_floor
A3-03,Section 3,3,-2.821140766143799,521.0,-2.821140766143799,solid,sampled
A3-01,Section 1,3,-3.0,522.0,-17.536113739013672,solid,water_floor
A3-03,Section 3,3,-2.7658677101135254,522.0,-2.7658677101135254,solid,sampled
A3-01,Section 1,3,-3.0,523.0,-20.137014389038086,solid,water_floor
A3-03,Section 3,3,-2.7892191410064697,523.0,-2.7892191410064697,solid,sampled
A3-01,Section 1,3,-3.0,524.0,-35.14725112915039,solid,water_floor
A3-03,Section 3,3,-2.7765555381774902,524.0,-2.7765555381774902,solid,sampled
A3-01,Section 1,3,-3.0,525.0,-37.817569732666016,solid,water_floor
A3-03,Section 3,3,-2.778290033340454,525.0,-2.778290033340454,solid,sampled
A3-01,Section 1,3,-3.0,526.0,-27.69800567626953,solid,water_floor
A3-03,Section 3,3,-2.7778754234313965,526.0,-2.7778754234313965,solid,sampled
A3-01,Section 1,3,-3.0,527.0,-31.579509735107422,solid,water_floor
A3-03,Section 3,3,-2.7882308959960938,527.0,-2.7882308959960938,solid,sampled
A3-01,Section 1,3,-3.0,528.0,-33.40729904174805,solid,water_floor
A3-03,Section 3,3,-2.772327184677124,528.0,-2.772327184677124,solid,sampled
A3-01,Section 1,3,-3.0,529.0,-29.632402420043945,solid,water_floor
A3-03,Section 3,3,-2.7206156253814697,529.0,-2.7206156253814697,solid,sampled
A3-01,Section 1,3,-3.0,530.0,-33.49549865722656,solid,water_floor
A3-03,Section 3,3,-2.692333221435547,530.0,-2.692333221435547,solid,sampled
A3-01,Section 1,3,-3.0,531.0,-47.388343811035156,solid,water_floor
A3-03,Section 3,3,-2.7114362716674805,531.0,-2.7114362716674805,solid,sampled
A3-01,Section 1,3,-3.0,532.0,-38.21872329711914,solid,water_floor
A3-03,Section 3,3,-2.745142698287964,532.0,-2.745142698287964,solid,sampled
A3-01,Section 1,3,-3.0,533.0,-53.36583709716797,solid,water_floor
A3-03,Section 3,3,-2.790034294128418,533.0,-2.790034294128418,solid,sampled
A3-01,Section 1,3,-3.0,534.0,-42.08320999145508,solid,water_floor
A3-03,Section 3,3,-2.862982988357544,534.0,-2.862982988357544,solid,sampled
A3-01,Section 1,3,-3.0,535.0,-37.516395568847656,solid,water_floor
A3-03,Section 3,3,-3.0,535.0,-3.067840576171875,solid,water_floor
A3-01,Section 1,3,-3.0,536.0,-53.69408416748047,solid,water_floor
A3-03,Section 3,3,-3.0,536.0,-3.5453295707702637,solid,water_floor
A3-01,Section 1,3,-3.0,537.0,-49.421142578125,solid,water_floor
A3-03,Section 3,3,-3.0,537.0,-6.059107780456543,solid,water_floor
A3-01,Section 1,3,-3.0,538.0,-33.99519348144531,solid,water_floor
A3-03,Section 3,3,-3.0,538.0,-6.305196762084961,solid,water_floor
A3-01,Section 1,3,-3.0,539.0,-41.66213607788086,solid,water_floor
A3-03,Section 3,3,-3.0,539.0,-9.173991203308105,solid,water_floor
A3-01,Section 1,3,-3.0,540.0,-51.309444427490234,solid,water_floor
A3-03,Section 3,3,-3.0,540.0,-6.52004337310791,solid,water_floor
A3-01,Section 1,3,-3.0,541.0,-49.95608139038086,solid,water_floor
A3-03,Section 3,3,-3.0,541.0,-3.4657561779022217,solid,water_floor
A3-01,Section 1,3,-3.0,542.0,-53.062686920166016,solid,water_floor
A3-03,Section 3,3,-3.0,542.0,-5.094103813171387,solid,water_floor
A3-01,Section 1,3,-3.0,543.0,-39.83567810058594,solid,water_floor
A3-03,Section 3,3,-3.0,543.0,-3.9062983989715576,solid,water_floor
A3-01,Section 1,3,-3.0,544.0,-43.39407730102539,solid,water_floor
A3-03,Section 3,3,-3.0,544.0,-3.7053959369659424,solid,water_floor
A3-01,Section 1,3,-3.0,545.0,-41.544063568115234,solid,water_floor
A3-03,Section 3,3,-3.0,545.0,-5.312934398651123,solid,water_floor
A3-01,Section 1,3,-3.0,546.0,-51.779518127441406,solid,water_floor
A3-03,Section 3,3,-3.0,546.0,-14.823097229003906,solid,water_floor
A3-01,Section 1,3,-3.0,547.0,-49.03508758544922,solid,water_floor
A3-03,Section 3,3,-3.0,547.0,-3.8731532096862793,solid,water_floor
A3-01,Section 1,3,-3.0,548.0,-47.849178314208984,solid,water_floor
A3-03,Section 3,3,-3.0,548.0,-4.118091106414795,solid,water_floor
A3-01,Section 1,3,-3.0,549.0,-62.572723388671875,solid,water_floor
A3-03,Section 3,3,-3.0,549.0,-7.762819290161133,solid,water_floor
A3-01,Section 1,3,-3.0,550.0,-57.7613639831543,solid,water_floor
A3-03,Section 3,3,-3.0,550.0,-4.446778297424316,solid,water_floor
A3-01,Section 1,3,-3.0,551.0,-60.912654876708984,solid,water_floor
A3-03,Section 3,3,-3.0,551.0,-30.14203453063965,solid,water_floor
A3-01,Section 1,3,-3.0,552.0,-52.76724624633789,solid,water_floor
A3-03,Section 3,3,-3.0,552.0,-39.79390335083008,solid,water_floor
A3-01,Section 1,3,-3.0,553.0,-50.84705352783203,solid,water_floor
A3-03,Section 3,3,-3.0,553.0,-34.412109375,solid,water_floor
A3-01,Section 1,3,-3.0,554.0,-49.4935302734375,solid,water_floor
A3-03,Section 3,3,-3.0,554.0,-15.629555702209473,solid,water_floor
A3-01,Section 1,3,-3.0,555.0,-48.32029342651367,solid,water_floor
A3-03,Section 3,3,-3.0,555.0,-27.033687591552734,solid,water_floor
A3-01,Section 1,3,-3.0,556.0,-56.18962478637695,solid,water_floor
A3-03,Section 3,3,-3.0,556.0,-28.412439346313477,solid,water_floor
A3-01,Section 1,3,-3.0,557.0,-61.71704864501953,solid,water_floor
A3-03,Section 3,3,-3.0,557.0,-36.6181755065918,solid,water_floor
A3-01,Section 1,3,-3.0,558.0,-67.03334045410156,solid,water_floor
A3-03,Section 3,3,-3.0,558.0,-30.80297088623047,solid,water_floor
A3-01,Section 1,3,-3.0,559.0,-65.92747497558594,solid,water_floor
A3-03,Section 3,3,-3.0,559.0,-42.91957473754883,solid,water_floor
A3-01,Section 1,3,-3.0,560.0,-57.23738098144531,solid,water_floor
A3-03,Section 3,3,-3.0,560.0,-50.00505065917969,solid,water_floor
A3-01,Section 1,3,-3.0,561.0,-55.84715270996094,solid,water_floor
A3-03,Section 3,3,-3.0,561.0,-55.41673278808594,solid,water_floor
A3-01,Section 1,3,-3.0,562.0,-64.65987396240234,solid,water_floor
A3-03,Section 3,3,-3.0,562.0,-48.191688537597656,solid,water_floor
A3-01,Section 1,3,-3.0,563.0,-67.95638275146484,solid,water_floor
A3-03,Section 3,3,-3.0,563.0,-41.400665283203125,solid,water_floor
A3-01,Section 1,3,-3.0,564.0,-70.12749481201172,solid,water_floor
A3-03,Section 3,3,-3.0,564.0,-39.800880432128906,solid,water_floor
A3-01,Section 1,3,-3.0,565.0,-63.31721496582031,solid,water_floor
A3-03,Section 3,3,-3.0,565.0,-30.611352920532227,solid,water_floor
A3-01,Section 1,3,-3.0,566.0,-69.73408508300781,solid,water_floor
A3-03,Section 3,3,-3.0,566.0,-43.97782897949219,solid,water_floor
A3-01,Section 1,3,-3.0,567.0,-73.09304809570312,solid,water_floor
A3-03,Section 3,3,-3.0,567.0,-46.89800262451172,solid,water_floor
A3-01,Section 1,3,-3.0,568.0,-70.56009674072266,solid,water_floor
A3-03,Section 3,3,-3.0,568.0,-48.72283935546875,solid,water_floor
A3-01,Section 1,3,-3.0,569.0,-69.82579040527344,solid,water_floor
A3-03,Section 3,3,-3.0,569.0,-52.60272979736328,solid,water_floor
A3-01,Section 1,3,-3.0,570.0,-69.9466552734375,solid,water_floor
A3-03,Section 3,3,-3.0,570.0,-55.06051254272461,solid,water_floor
A3-01,Section 1,3,-3.0,571.0,-69.97197723388672,solid,water_floor
A3-03,Section 3,3,-3.0,571.0,-52.29281997680664,solid,water_floor
A3-01,Section 1,3,-3.0,572.0,-71.11358642578125,solid,water_floor
A3-03,Section 3,3,-3.0,572.0,-60.60382843017578,solid,water_floor
A3-01,Section 1,3,-3.0,573.0,-74.7177963256836,solid,water_floor
A3-03,Section 3,3,-3.0,573.0,-60.35392761230469,solid,water_floor
A3-01,Section 1,3,-3.0,574.0,-77.30044555664062,solid,water_floor
A3-03,Section 3,3,-3.0,574.0,-47.15811538696289,solid,water_floor
A3-01,Section 1,3,-3.0,575.0,-78.76348876953125,solid,water_floor
A3-03,Section 3,3,-3.0,575.0,-55.20706558227539,solid,water_floor
A3-01,Section 1,3,-3.0,576.0,-78.17776489257812,solid,water_floor
A3-03,Section 3,3,-3.0,576.0,-58.616661071777344,solid,water_floor
A3-01,Section 1,3,-3.0,577.0,-76.40786743164062,solid,water_floor
A3-03,Section 3,3,-3.0,577.0,-60.933013916015625,solid,water_floor
A3-01,Section 1,3,-3.0,578.0,-74.99138641357422,solid,water_floor
A3-03,Section 3,3,-3.0,578.0,-52.86547088623047,solid,water_floor
A3-01,Section 1,3,-3.0,579.0,-79.01231384277344,solid,water_floor
A3-03,Section 3,3,-3.0,579.0,-62.87864685058594,solid,water_floor
A3-01,Section 1,3,-3.0,580.0,-79.60865783691406,solid,water_floor
A3-03,Section 3,3,-3.0,580.0,-50.46540069580078,solid,water_floor
A3-01,Section 1,3,-3.0,581.0,-80.15702056884766,solid,water_floor
A3-03,Section 3,3,-3.0,581.0,-56.15283203125,solid,water_floor
A3-01,Section 1,3,-3.0,582.0,-81.0479736328125,solid,water_floor
A3-03,Section 3,3,-3.0,582.0,-58.85143280029297,solid,water_floor
A3-01,Section 1,3,-3.0,583.0,-80.53047180175781,solid,water_floor
A3-03,Section 3,3,-3.0,583.0,-61.00224304199219,solid,water_floor
A3-01,Section 1,3,-3.0,584.0,-73.31768798828125,solid,water_floor
A3-03,Section 3,3,-3.0,584.0,-66.9254379272461,solid,water_floor
A3-01,Section 1,3,-3.0,585.0,-80.08284759521484,solid,water_floor
A3-03,Section 3,3,-3.0,585.0,-63.441131591796875,solid,water_floor
A3-01,Section 1,3,-3.0,586.0,-78.54681396484375,solid,water_floor
A3-03,Section 3,3,-3.0,586.0,-67.10041809082031,solid,water_floor
A3-01,Section 1,3,-3.0,587.0,-80.4130859375,solid,water_floor
A3-03,Section 3,3,-3.0,587.0,-64.10026550292969,solid,water_floor
A3-01,Section 1,3,-3.0,588.0,-80.25531768798828,solid,water_floor
A3-03,Section 3,3,-3.0,588.0,-66.5382080078125,solid,water_floor
A3-01,Section 1,3,-3.0,589.0,-79.13095092773438,solid,water_floor
A3-03,Section 3,3,-3.0,589.0,-69.78225708007812,solid,water_floor
A3-01,Section 1,3,-3.0,590.0,-82.49532318115234,solid,water_floor
A3-03,Section 3,3,-3.0,590.0,-66.5225601196289,solid,water_floor
A3-01,Section 1,3,-3.0,591.0,-83.64842224121094,solid,water_floor
A3-03,Section 3,3,-3.0,591.0,-67.1853256225586,solid,water_floor
A3-01,Section 1,3,-3.0,592.0,-81.88520812988281,solid,water_floor
A3-03,Section 3,3,-3.0,592.0,-64.9171142578125,solid,water_floor
A3-01,Section 1,3,-3.0,593.0,-81.6230239868164,solid,water_floor
A3-03,Section 3,3,-3.0,593.0,-68.97335052490234,solid,water_floor
A3-01,Section 1,3,-3.0,594.0,-82.91404724121094,solid,water_floor
A3-03,Section 3,3,-3.0,594.0,-68.07759094238281,solid,water_floor
A3-01,Section 1,3,-3.0,595.0,-82.55705261230469,solid,water_floor
A3-03,Section 3,3,-3.0,595.0,-65.40194702148438,solid,water_floor
A3-01,Section 1,3,-3.0,596.0,-83.3970947265625,solid,water_floor
A3-03,Section 3,3,-3.0,596.0,-57.86235427856445,solid,water_floor
A3-01,Section 1,3,-3.0,597.0,-82.08931732177734,solid,water_floor
A3-03,Section 3,3,-3.0,597.0,-70.67538452148438,solid,water_floor
A3-01,Section 1,3,-3.0,598.0,-82.47520446777344,solid,water_floor
A3-03,Section 3,3,-3.0,598.0,-68.91410064697266,solid,water_floor
A3-01,Section 1,3,-3.0,599.0,-84.47037506103516,solid,water_floor
A3-03,Section 3,3,-3.0,599.0,-65.74996948242188,solid,water_floor
A3-01,Section 1,3,-3.0,600.0,-83.37739562988281,solid,water_floor
A3-03,Section 3,3,-3.0,600.0,-68.14559173583984,solid,water_floor
A3-01,Section 1,3,-3.0,601.0,-84.40770721435547,solid,water_floor
A3-03,Section 3,3,-3.0,601.0,-73.6790771484375,solid,water_floor
A3-01,Section 1,3,-3.0,602.0,-84.28559875488281,solid,water_floor
A3-03,Section 3,3,-3.0,602.0,-73.78367614746094,solid,water_floor
A3-01,Section 1,3,-3.0,603.0,-84.43700408935547,solid,water_floor
A3-03,Section 3,3,-3.0,603.0,-71.69910430908203,solid,water_floor
A3-01,Section 1,3,-3.0,604.0,-83.67861938476562,solid,water_floor
A3-03,Section 3,3,-3.0,604.0,-72.36689758300781,solid,water_floor
A3-01,Section 1,3,-3.0,605.0,-82.63542938232422,solid,water_floor
A3-03,Section 3,3,-3.0,605.0,-73.32244110107422,solid,water_floor
A3-01,Section 1,3,-3.0,606.0,-84.43421936035156,solid,water_floor
A3-03,Section 3,3,-3.0,606.0,-70.52579498291016,solid,water_floor
A3-01,Section 1,3,-3.0,607.0,-84.13507843017578,solid,water_floor
A3-03,Section 3,3,-3.0,607.0,-72.71377563476562,solid,water_floor
A3-01,Section 1,3,-3.0,608.0,-82.73428344726562,solid,water_floor
A3-03,Section 3,3,-3.0,608.0,-71.46209716796875,solid,water_floor
A3-01,Section 1,3,-3.0,609.0,-82.26716613769531,solid,water_floor
A3-03,Section 3,3,-3.0,609.0,-72.17262268066406,solid,water_floor
A3-01,Section 1,3,-3.0,610.0,-81.92789459228516,solid,water_floor
A3-03,Section 3,3,-3.0,610.0,-75.61274719238281,solid,water_floor
A3-01,Section 1,3,-3.0,611.0,-83.5134048461914,solid,water_floor
A3-03,Section 3,3,-3.0,611.0,-71.64098358154297,solid,water_floor
A3-01,Section 1,3,-3.0,612.0,-83.13213348388672,solid,water_floor
A3-03,Section 3,3,-3.0,612.0,-72.38851928710938,solid,water_floor
A3-01,Section 1,3,-3.0,613.0,-83.33553314208984,solid,water_floor
A3-03,Section 3,3,-3.0,613.0,-75.16816711425781,solid,water_floor
A3-01,Section 1,3,-3.0,614.0,-84.32742309570312,solid,water_floor
A3-03,Section 3,3,-3.0,614.0,-73.48210906982422,solid,water_floor
A3-01,Section 1,3,-3.0,615.0,-84.62222290039062,solid,water_floor
A3-03,Section 3,3,-3.0,615.0,-78.3001480102539,solid,water_floor
A3-01,Section 1,3,-3.0,616.0,-82.98373413085938,solid,water_floor
A3-03,Section 3,3,-3.0,616.0,-76.76187133789062,solid,water_floor
A3-01,Section 1,3,-3.0,617.0,-83.34193420410156,solid,water_floor
A3-03,Section 3,3,-3.0,617.0,-74.50062561035156,solid,water_floor
A3-01,Section 1,3,-3.0,618.0,-83.20367431640625,solid,water_floor
A3-03,Section 3,3,-3.0,618.0,-76.44915008544922,solid,water_floor
A3-01,Section 1,3,-3.0,619.0,-82.3240737915039,solid,water_floor
A3-03,Section 3,3,-3.0,619.0,-77.44488525390625,solid,water_floor
A3-01,Section 1,3,-3.0,620.0,-82.44290161132812,solid,water_floor
A3-03,Section 3,3,-3.0,620.0,-76.85142517089844,solid,water_floor
A3-01,Section 1,3,-3.0,621.0,-82.4853744506836,solid,water_floor
A3-03,Section 3,3,-3.0,621.0,-76.60807037353516,solid,water_floor
A3-01,Section 1,3,-3.0,622.0,-81.86839294433594,solid,water_floor
A3-03,Section 3,3,-3.0,622.0,-79.35211944580078,solid,water_floor
A3-01,Section 1,3,-3.0,623.0,-81.16484832763672,solid,water_floor
A3-03,Section 3,3,-3.0,623.0,-73.04745483398438,solid,water_floor
A3-01,Section 1,3,-3.0,624.0,-82.31983184814453,solid,water_floor
A3-03,Section 3,3,-3.0,624.0,-76.80105590820312,solid,water_floor
A3-01,Section 1,3,-3.0,625.0,-81.66026306152344,solid,water_floor
A3-03,Section 3,3,-3.0,625.0,-77.64421081542969,solid,water_floor
A3-01,Section 1,3,-3.0,626.0,-81.87625885009766,solid,water_floor
A3-03,Section 3,3,-3.0,626.0,-72.65557861328125,solid,water_floor
A3-01,Section 1,3,-3.0,627.0,-81.88362121582031,solid,water_floor
A3-03,Section 3,3,-3.0,627.0,-75.58839416503906,solid,water_floor
A3-01,Section 1,3,-3.0,628.0,-79.46080017089844,solid,water_floor
A3-03,Section 3,3,-3.0,628.0,-76.00724792480469,solid,water_floor
A3-01,Section 1,3,-3.0,629.0,-80.72003173828125,solid,water_floor
A3-03,Section 3,3,-3.0,629.0,-78.96084594726562,solid,water_floor
A3-01,Section 1,3,-3.0,630.0,-80.01655578613281,solid,water_floor
A3-03,Section 3,3,-3.0,630.0,-76.16133880615234,solid,water_floor
A3-01,Section 1,3,-3.0,631.0,-80.40339660644531,solid,water_floor
A3-03,Section 3,3,-3.0,631.0,-75.60210418701172,solid,water_floor
A3-01,Section 1,3,-3.0,632.0,-80.71864318847656,solid,water_floor
A3-03,Section 3,3,-3.0,632.0,-72.8251724243164,solid,water_floor
A3-01,Section 1,3,-3.0,633.0,-79.64871215820312,solid,water_floor
A3-03,Section 3,3,-3.0,633.0,-74.97293090820312,solid,water_floor
A3-01,Section 1,3,-3.0,634.0,-79.96945190429688,solid,water_floor
A3-03,Section 3,3,-3.0,634.0,-74.5512466430664,solid,water_floor
A3-01,Section 1,3,-3.0,635.0,-80.07670593261719,solid,water_floor
A3-03,Section 3,3,-3.0,635.0,-75.49964141845703,solid,water_floor
A3-01,Section 1,3,-3.0,636.0,-78.43087005615234,solid,water_floor
A3-03,Section 3,3,-3.0,636.0,-69.4677505493164,solid,water_floor
A3-01,Section 1,3,-3.0,637.0,-79.71665954589844,solid,water_floor
A3-03,Section 3,3,-3.0,637.0,-72.09295654296875,solid,water_floor
A3-01,Section 1,3,-3.0,638.0,-80.3538589477539,solid,water_floor
A3-03,Section 3,3,-3.0,638.0,-74.57647705078125,solid,water_floor
A3-01,Section 1,3,-3.0,639.0,-78.55658721923828,solid,water_floor
A3-03,Section 3,3,-3.0,639.0,-73.46015167236328,solid,water_floor
A3-01,Section 1,3,-3.0,640.0,-79.62673950195312,solid,water_floor
A3-03,Section 3,3,-3.0,640.0,-73.73587799072266,solid,water_floor
A3-01,Section 1,3,-3.0,641.0,-81.55892944335938,solid,water_floor
A3-03,Section 3,3,-3.0,641.0,-75.43643951416016,solid,water_floor
A3-01,Section 1,3,-3.0,642.0,-83.01457214355469,solid,water_floor
A3-03,Section 3,3,-3.0,642.0,-73.67897033691406,solid,water_floor
A3-01,Section 1,3,-3.0,643.0,-81.60282135009766,solid,water_floor
A3-03,Section 3,3,-3.0,643.0,-72.43431091308594,solid,water_floor
A3-01,Section 1,3,-3.0,644.0,-80.77735900878906,solid,water_floor
A3-03,Section 3,3,-3.0,644.0,-72.6497802734375,solid,water_floor
A3-01,Section 1,3,-3.0,645.0,-81.64273834228516,solid,water_floor
A3-03,Section 3,3,-3.0,645.0,-72.94319915771484,solid,water_floor
A3-01,Section 1,3,-3.0,646.0,-78.27035522460938,solid,water_floor
A3-03,Section 3,3,-3.0,646.0,-76.01258850097656,solid,water_floor
A3-01,Section 1,3,-3.0,647.0,-75.8275375366211,solid,water_floor
A3-03,Section 3,3,-3.0,647.0,-79.16426849365234,solid,water_floor
A3-01,Section 1,3,-3.0,648.0,-75.45885467529297,solid,water_floor
A3-03,Section 3,3,-3.0,648.0,-71.45123291015625,solid,water_floor
A3-01,Section 1,3,-3.0,649.0,-74.80142211914062,solid,water_floor
A3-03,Section 3,3,-3.0,649.0,-70.55792236328125,solid,water_floor
A3-01,Section 1,3,-3.0,650.0,-75.39559936523438,solid,water_floor
A3-03,Section 3,3,-3.0,650.0,-71.59898376464844,solid,water_floor
A3-01,Section 1,3,-3.0,651.0,-74.03781127929688,solid,water_floor
A3-03,Section 3,3,-3.0,651.0,-72.79158020019531,solid,water_floor
A3-01,Section 1,3,-3.0,652.0,-74.8580093383789,solid,water_floor
A3-03,Section 3,3,-3.0,652.0,-73.13402557373047,solid,water_floor
A3-01,Section 1,3,-3.0,653.0,-75.32231903076172,solid,water_floor
A3-03,Section 3,3,-3.0,653.0,-71.43331146240234,solid,water_floor
A3-01,Section 1,3,-3.0,654.0,-77.87916564941406,solid,water_floor
A3-03,Section 3,3,-3.0,654.0,-71.4947738647461,solid,water_floor
A3-01,Section 1,3,-3.0,655.0,-73.00631713867188,solid,water_floor
A3-03,Section 3,3,-3.0,655.0,-69.59900665283203,solid,water_floor
A3-01,Section 1,3,-3.0,656.0,-74.07313537597656,solid,water_floor
A3-03,Section 3,3,-3.0,656.0,-71.3166732788086,solid,water_floor
A3-01,Section 1,3,-3.0,657.0,-75.02983093261719,solid,water_floor
A3-03,Section 3,3,-3.0,657.0,-72.37080383300781,solid,water_floor
A3-01,Section 1,3,-3.0,658.0,-70.65559387207031,solid,water_floor
A3-03,Section 3,3,-3.0,658.0,-72.47664642333984,solid,water_floor
A3-01,Section 1,3,-3.0,659.0,-72.21136474609375,solid,water_floor
A3-03,Section 3,3,-3.0,659.0,-73.87383270263672,solid,water_floor
A3-01,Section 1,3,-3.0,660.0,-72.52020263671875,solid,water_floor
A3-03,Section 3,3,-3.0,660.0,-70.39717102050781,solid,water_floor
A3-01,Section 1,3,-3.0,661.0,-68.6758804321289,solid,water_floor
A3-03,Section 3,3,-3.0,661.0,-75.02571105957031,solid,water_floor
A3-01,Section 1,3,-3.0,662.0,-71.32617950439453,solid,water_floor
A3-03,Section 3,3,-3.0,662.0,-73.06098175048828,solid,water_floor
A3-01,Section 1,3,-3.0,663.0,-71.32337951660156,solid,water_floor
A3-03,Section 3,3,-3.0,663.0,-66.88011932373047,solid,water_floor
A3-01,Section 1,3,-3.0,664.0,-71.3479995727539,solid,water_floor
A3-03,Section 3,3,-3.0,664.0,-66.86835479736328,solid,water_floor
A3-01,Section 1,3,-3.0,665.0,-64.38033294677734,solid,water_floor
A3-03,Section 3,3,-3.0,665.0,-66.18302154541016,solid,water_floor
A3-01,Section 1,3,-3.0,666.0,-65.65499877929688,solid,water_floor
A3-03,Section 3,3,-3.0,666.0,-69.01980590820312,solid,water_floor
A3-01,Section 1,3,-3.0,667.0,-66.36270904541016,solid,water_floor
A3-03,Section 3,3,-3.0,667.0,-71.03759002685547,solid,water_floor
A3-01,Section 1,3,-3.0,668.0,-66.42662048339844,solid,water_floor
A3-03,Section 3,3,-3.0,668.0,-69.62315368652344,solid,water_floor
A3-01,Section 1,3,-3.0,669.0,-66.50508880615234,solid,water_floor
A3-03,Section 3,3,-3.0,669.0,-70.99840545654297,solid,water_floor
A3-01,Section 1,3,-3.0,670.0,-65.87520599365234,solid,water_floor
A3-03,Section 3,3,-3.0,670.0,-72.74072265625,solid,water_floor
A3-01,Section 1,3,-3.0,671.0,-63.6839599609375,solid,water_floor
A3-03,Section 3,3,-3.0,671.0,-70.21844482421875,solid,water_floor
A3-01,Section 1,3,-3.0,672.0,-65.42645263671875,solid,water_floor
A3-03,Section 3,3,-3.0,672.0,-69.95944213867188,solid,water_floor
A3-01,Section 1,3,-3.0,673.0,-65.6846923828125,solid,water_floor
A3-03,Section 3,3,-3.0,673.0,-69.24603271484375,solid,water_floor
A3-01,Section 1,3,-3.0,674.0,-64.63041687011719,solid,water_floor
A3-03,Section 3,3,-3.0,674.0,-68.22073364257812,solid,water_floor
A3-01,Section 1,3,-3.0,675.0,-61.076934814453125,solid,water_floor
A3-03,Section 3,3,-3.0,675.0,-68.69133758544922,solid,water_floor
A3-01,Section 1,3,-3.0,676.0,-58.15105056762695,solid,water_floor
A3-03,Section 3,3,-3.0,676.0,-72.2210464477539,solid,water_floor
A3-01,Section 1,3,-3.0,677.0,-63.07383728027344,solid,water_floor
A3-03,Section 3,3,-3.0,677.0,-76.20540618896484,solid,water_floor
A3-01,Section 1,3,-3.0,678.0,-59.63612365722656,solid,water_floor
A3-03,Section 3,3,-3.0,678.0,-70.05931854248047,solid,water_floor
A3-01,Section 1,3,-3.0,679.0,-60.214202880859375,solid,water_floor
A3-03,Section 3,3,-3.0,679.0,-70.98777770996094,solid,water_floor
A3-01,Section 1,3,-3.0,680.0,-59.49121856689453,solid,water_floor
A3-03,Section 3,3,-3.0,680.0,-68.60565185546875,solid,water_floor
A3-01,Section 1,3,-3.0,681.0,-59.12119674682617,solid,water_floor
A3-03,Section 3,3,-3.0,681.0,-70.86241149902344,solid,water_floor
A3-01,Section 1,3,-3.0,682.0,-60.64546203613281,solid,water_floor
A3-03,Section 3,3,-3.0,682.0,-68.94011688232422,solid,water_floor
A3-01,Section 1,3,-3.0,683.0,-55.69264221191406,solid,water_floor
A3-03,Section 3,3,-3.0,683.0,-68.52694702148438,solid,water_floor
A3-01,Section 1,3,-3.0,684.0,-52.199562072753906,solid,water_floor
A3-03,Section 3,3,-3.0,684.0,-68.57323455810547,solid,water_floor
A3-01,Section 1,3,-3.0,685.0,-53.99375534057617,solid,water_floor
A3-03,Section 3,3,-3.0,685.0,-65.4624252319336,solid,water_floor
A3-01,Section 1,3,-3.0,686.0,-51.387603759765625,solid,water_floor
A3-03,Section 3,3,-3.0,686.0,-70.8141098022461,solid,water_floor
A3-01,Section 1,3,-3.0,687.0,-56.264610290527344,solid,water_floor
A3-03,Section 3,3,-3.0,687.0,-73.66361236572266,solid,water_floor
A3-01,Section 1,3,-3.0,688.0,-50.41792297363281,solid,water_floor
A3-03,Section 3,3,-3.0,688.0,-67.71363830566406,solid,water_floor
A3-01,Section 1,3,-3.0,689.0,-53.29096603393555,solid,water_floor
A3-03,Section 3,3,-3.0,689.0,-67.4424057006836,solid,water_floor
A3-01,Section 1,3,-3.0,690.0,-53.75001525878906,solid,water_floor
A3-03,Section 3,3,-3.0,690.0,-69.92500305175781,solid,water_floor
A3-01,Section 1,3,-3.0,691.0,-46.825286865234375,solid,water_floor
A3-03,Section 3,3,-3.0,691.0,-70.9940185546875,solid,water_floor
A3-01,Section 1,3,-3.0,692.0,-59.634063720703125,solid,water_floor
A3-03,Section 3,3,-3.0,692.0,-67.56930541992188,solid,water_floor
A3-01,Section 1,3,-3.0,693.0,-47.003055572509766,solid,water_floor
A3-03,Section 3,3,-3.0,693.0,-65.77677917480469,solid,water_floor
A3-01,Section 1,3,-3.0,694.0,-42.063758850097656,solid,water_floor
A3-03,Section 3,3,-3.0,694.0,-67.79927062988281,solid,water_floor
A3-01,Section 1,3,-3.0,695.0,-36.64026641845703,solid,water_floor
A3-03,Section 3,3,-3.0,695.0,-72.19001007080078,solid,water_floor
A3-01,Section 1,3,-3.0,696.0,-40.60822677612305,solid,water_floor
A3-03,Section 3,3,-3.0,696.0,-70.98545837402344,solid,water_floor
A3-01,Section 1,3,-3.0,697.0,-40.169769287109375,solid,water_floor
A3-03,Section 3,3,-3.0,697.0,-69.69294738769531,solid,water_floor
A3-01,Section 1,3,-3.0,698.0,-38.196922302246094,solid,water_floor
A3-03,Section 3,3,-3.0,698.0,-69.41129302978516,solid,water_floor
A3-01,Section 1,3,-3.0,699.0,-35.19802474975586,solid,water_floor
A3-03,Section 3,3,-3.0,699.0,-71.14685821533203,solid,water_floor
A3-01,Section 1,3,-3.0,700.0,-33.447608947753906,solid,water_floor
A3-03,Section 3,3,-3.0,700.0,-69.68209075927734,solid,water_floor
A3-01,Section 1,3,-3.0,701.0,-31.974821090698242,solid,water_floor
A3-03,Section 3,3,-3.0,701.0,-66.24893188476562,solid,water_floor
A3-01,Section 1,3,-3.0,702.0,-17.193195343017578,solid,water_floor
A3-03,Section 3,3,-3.0,702.0,-68.76465606689453,solid,water_floor
A3-01,Section 1,3,-3.0,703.0,-21.332857131958008,solid,water_floor
A3-03,Section 3,3,-3.0,703.0,-73.36662292480469,solid,water_floor
A3-01,Section 1,3,-3.0,704.0,-21.96291160583496,solid,water_floor
A3-03,Section 3,3,-3.0,704.0,-66.44467163085938,solid,water_floor
A3-01,Section 1,3,-3.0,705.0,-23.455995559692383,solid,water_floor
A3-03,Section 3,3,-3.0,705.0,-68.33164978027344,solid,water_floor
A3-01,Section 1,3,-3.0,706.0,-17.183761596679688,solid,water_floor
A3-03,Section 3,3,-3.0,706.0,-70.46116638183594,solid,water_floor
A3-01,Section 1,3,-3.0,707.0,-12.87038516998291,solid,water_floor
A3-03,Section 3,3,-3.0,707.0,-67.50296783447266,solid,water_floor
A3-01,Section 1,3,-3.0,708.0,-15.48897933959961,solid,water_floor
A3-03,Section 3,3,-3.0,708.0,-66.3913803100586,solid,water_floor
A3-01,Section 1,3,-3.0,709.0,-8.867752075195312,solid,water_floor
A3-03,Section 3,3,-3.0,709.0,-68.30809020996094,solid,water_floor
A3-01,Section 1,3,-3.0,710.0,-3.7637805938720703,solid,water_floor
A3-03,Section 3,3,-3.0,710.0,-67.07940673828125,solid,water_floor
A3-01,Section 1,3,-3.0,711.0,-3.345442771911621,solid,water_floor
A3-03,Section 3,3,-3.0,711.0,-64.32643127441406,solid,water_floor
A3-01,Section 1,3,-3.0,712.0,-3.121004819869995,solid,water_floor
A3-03,Section 3,3,-3.0,712.0,-59.76523971557617,solid,water_floor
A3-01,Section 1,3,-2.9919140338897705,713.0,-2.9919140338897705,solid,sampled
A3-03,Section 3,3,-3.0,713.0,-64.15440368652344,solid,water_floor
A3-01,Section 1,3,-2.8816652297973633,714.0,-2.8816652297973633,solid,sampled
A3-03,Section 3,3,-3.0,714.0,-60.21977615356445,solid,water_floor
A3-01,Section 1,3,-2.640573024749756,715.0,-2.640573024749756,solid,sampled
A3-03,Section 3,3,-3.0,715.0,-61.59822082519531,solid,water_floor
A3-01,Section 1,3,-2.4877076148986816,716.0,-2.4877076148986816,solid,sampled
A3-03,Section 3,3,-3.0,716.0,-61.692832946777344,solid,water_floor
A3-01,Section 1,3,-2.2954535484313965,717.0,-2.2954535484313965,solid,sampled
A3-03,Section 3,3,-3.0,717.0,-59.55534744262695,solid,water_floor
A3-01,Section 1,3,-2.178201913833618,718.0,-2.178201913833618,solid,sampled
A3-03,Section 3,3,-3.0,718.0,-61.427276611328125,solid,water_floor
A3-01,Section 1,3,-2.07588529586792,719.0,-2.07588529586792,solid,sampled
A3-03,Section 3,3,-3.0,719.0,-48.93206787109375,solid,water_floor
A3-01,Section 1,3,-1.9237428903579712,720.0,-1.9237428903579712,solid,sampled
A3-03,Section 3,3,-3.0,720.0,-59.69837188720703,solid,water_floor
A3-01,Section 1,3,-1.7356842756271362,721.0,-1.7356842756271362,solid,sampled
A3-03,Section 3,3,-3.0,721.0,-60.15562057495117,solid,water_floor
A3-01,Section 1,3,-1.6186926364898682,722.0,-1.6186926364898682,solid,sampled
A3-03,Section 3,3,-3.0,722.0,-49.32978439331055,solid,water_floor
A3-01,Section 1,3,-1.476436972618103,723.0,-1.476436972618103,solid,sampled
A3-03,Section 3,3,-3.0,723.0,-37.29885482788086,solid,water_floor
A3-01,Section 1,3,-1.373403549194336,724.0,-1.373403549194336,solid,sampled
A3-03,Section 3,3,-3.0,724.0,-32.3502311706543,solid,water_floor
A3-01,Section 1,3,-1.2741903066635132,725.0,-1.2741903066635132,solid,sampled
A3-03,Section 3,3,-3.0,725.0,-22.371875762939453,solid,water_floor
A3-01,Section 1,3,-1.1209487915039062,726.0,-1.1209487915039062,solid,sampled
A3-03,Section 3,3,-3.0,726.0,-25.00426483154297,solid,water_floor
A3-01,Section 1,3,-0.9947980046272278,727.0,-0.9947980046272278,solid,sampled
A3-03,Section 3,3,-3.0,727.0,-16.849742889404297,solid,water_floor
A3-01,Section 1,3,-0.8513755798339844,728.0,-0.8513755798339844,solid,sampled
A3-03,Section 3,3,-3.0,728.0,-7.85313081741333,solid,water_floor
A3-01,Section 1,3,-0.7161970138549805,729.0,-0.7161970138549805,solid,sampled
A3-03,Section 3,3,-3.0,729.0,-13.698376655578613,solid,water_floor
A3-01,Section 1,3,-0.5969042778015137,730.0,-0.5969042778015137,solid,sampled
A3-03,Section 3,3,-3.0,730.0,-9.848329544067383,solid,water_floor
A3-01,Section 1,3,-0.47317594289779663,731.0,-0.47317594289779663,solid,sampled
A3-03,Section 3,3,-3.0,731.0,-11.868745803833008,solid,water_floor
A3-01,Section 1,3,-0.37054017186164856,732.0,-0.37054017186164856,solid,sampled
A3-03,Section 3,3,-3.0,732.0,-16.33161163330078,solid,water_floor
A3-01,Section 1,3,-0.24693867564201355,733.0,-0.24693867564201355,solid,sampled
A3-03,Section 3,3,-3.0,733.0,-16.31607437133789,solid,water_floor
A3-01,Section 1,3,-0.12820248305797577,734.0,-0.12820248305797577,solid,sampled
A3-03,Section 3,3,-3.0,734.0,-12.679412841796875,solid,water_floor
A3-01,Section 1,3,-0.01889950782060623,735.0,-0.01889950782060623,solid,sampled
A3-03,Section 3,3,-3.0,735.0,-15.515642166137695,solid,water_floor
A3-01,Section 1,3,0.08598114550113678,736.0,0.08598114550113678,solid,sampled
A3-03,Section 3,3,-3.0,736.0,-15.3999662399292,solid,water_floor
A3-01,Section 1,3,0.18303298950195312,737.0,0.18303298950195312,solid,sampled
A3-03,Section 3,3,-3.0,737.0,-9.41152572631836,solid,water_floor
A3-01,Section 1,3,0.2679654359817505,738.0,0.2679654359817505,solid,sampled
A3-03,Section 3,3,-3.0,738.0,-9.713384628295898,solid,water_floor
A3-01,Section 1,3,0.36469390988349915,739.0,0.36469390988349915,solid,sampled
A3-03,Section 3,3,-3.0,739.0,-6.848311424255371,solid,water_floor
A3-01,Section 1,3,0.44712579250335693,740.0,0.44712579250335693,solid,sampled
A3-03,Section 3,3,-3.0,740.0,-4.338505268096924,solid,water_floor
A3-01,Section 1,3,0.5297306776046753,741.0,0.5297306776046753,solid,sampled
A3-03,Section 3,3,-3.0,741.0,-4.169589042663574,solid,water_floor
A3-01,Section 1,3,0.5981859564781189,742.0,0.5981859564781189,solid,sampled
A3-03,Section 3,3,-3.0,742.0,-3.4732656478881836,solid,water_floor
A3-01,Section 1,3,0.6214085817337036,743.0,0.6214085817337036,solid,sampled
A3-03,Section 3,3,-3.0,743.0,-3.3787841796875,solid,water_floor
A3-01,Section 1,3,0.6445932388305664,744.0,0.6445932388305664,solid,sampled
A3-03,Section 3,3,-3.0,744.0,-3.267500400543213,solid,water_floor
A3-01,Section 1,3,0.6860170364379883,745.0,0.6860170364379883,solid,sampled
A3-03,Section 3,3,-3.0,745.0,-3.1942198276519775,solid,water_floor
A3-01,Section 1,3,0.725844144821167,746.0,0.725844144821167,solid,sampled
A3-03,Section 3,3,-3.0,746.0,-3.2095556259155273,solid,water_floor
A3-01,Section 1,3,0.7920485138893127,747.0,0.7920485138893127,solid,sampled
A3-03,Section 3,3,-3.0,747.0,-3.0824975967407227,solid,water_floor
A3-01,Section 1,3,0.8617693185806274,748.0,0.8617693185806274,solid,sampled
A3-03,Section 3,3,-2.975553512573242,748.0,-2.975553512573242,solid,sampled
A3-01,Section 1,3,0.958337664604187,749.0,0.958337664604187,solid,sampled
A3-03,Section 3,3,-3.0,749.0,-3.039417028427124,solid,water_floor
A3-01,Section 1,3,1.066258192062378,750.0,1.066258192062378,solid,sampled
A3-03,Section 3,3,-2.940591812133789,750.0,-2.940591812133789,solid,sampled
A3-01,Section 1,3,1.1487698554992676,751.0,1.1487698554992676,solid,sampled
A3-03,Section 3,3,-2.872131586074829,751.0,-2.872131586074829,solid,sampled
A3-01,Section 1,3,1.2533199787139893,752.0,1.2533199787139893,solid,sampled
A3-03,Section 3,3,-2.903517246246338,752.0,-2.903517246246338,solid,sampled
A3-01,Section 1,3,1.3476307392120361,753.0,1.3476307392120361,solid,sampled
A3-03,Section 3,3,-2.759578227996826,753.0,-2.759578227996826,solid,sampled
A3-01,Section 1,3,1.4229600429534912,754.0,1.4229600429534912,solid,sampled
A3-03,Section 3,3,-2.693589210510254,754.0,-2.693589210510254,solid,sampled
A3-01,Section 1,3,1.4823894500732422,755.0,1.4823894500732422,solid,sampled
A3-03,Section 3,3,-2.6265029907226562,755.0,-2.6265029907226562,solid,sampled
A3-01,Section 1,3,1.5427701473236084,756.0,1.5427701473236084,solid,sampled
A3-03,Section 3,3,-2.568150758743286,756.0,-2.568150758743286,solid,sampled
A3-01,Section 1,3,1.58090341091156,757.0,1.58090341091156,solid,sampled
A3-03,Section 3,3,-2.578676462173462,757.0,-2.578676462173462,solid,sampled
A3-01,Section 1,3,1.620711326599121,758.0,1.620711326599121,solid,sampled
A3-03,Section 3,3,-2.574467658996582,758.0,-2.574467658996582,solid,sampled
A3-01,Section 1,3,1.6211042404174805,759.0,1.6211042404174805,solid,sampled
A3-03,Section 3,3,-2.5272531509399414,759.0,-2.5272531509399414,solid,sampled
A3-01,Section 1,3,1.6322181224822998,760.0,1.6322181224822998,solid,sampled
A3-03,Section 3,3,-2.4937949180603027,760.0,-2.4937949180603027,solid,sampled
A3-01,Section 1,3,1.6316139698028564,761.0,1.6316139698028564,solid,sampled
A3-03,Section 3,3,-2.4846763610839844,761.0,-2.4846763610839844,solid,sampled
A3-01,Section 1,3,1.6570658683776855,762.0,1.6570658683776855,solid,sampled
A3-03,Section 3,3,-2.399657726287842,762.0,-2.399657726287842,solid,sampled
A3-01,Section 1,3,1.696908950805664,763.0,1.696908950805664,solid,sampled
A3-03,Section 3,3,-2.3484764099121094,763.0,-2.3484764099121094,solid,sampled
A3-01,Section 1,3,1.7340514659881592,764.0,1.7340514659881592,solid,sampled
A3-03,Section 3,3,-2.323662519454956,764.0,-2.323662519454956,solid,sampled
A3-01,Section 1,3,1.7700501680374146,765.0,1.7700501680374146,solid,sampled
A3-03,Section 3,3,-2.2593517303466797,765.0,-2.2593517303466797,solid,sampled
A3-01,Section 1,3,1.8023183345794678,766.0,1.8023183345794678,solid,sampled
A3-03,Section 3,3,-2.2102904319763184,766.0,-2.2102904319763184,solid,sampled
A3-01,Section 1,3,1.8491301536560059,767.0,1.8491301536560059,solid,sampled
A3-03,Section 3,3,-2.167057514190674,767.0,-2.167057514190674,solid,sampled
A3-01,Section 1,3,1.8757169246673584,768.0,1.8757169246673584,solid,sampled
A3-03,Section 3,3,-2.1134417057037354,768.0,-2.1134417057037354,solid,sampled
A3-01,Section 1,3,1.8817499876022339,769.0,1.8817499876022339,solid,sampled
A3-03,Section 3,3,-2.070533514022827,769.0,-2.070533514022827,solid,sampled
A3-01,Section 1,3,1.8700664043426514,770.0,1.8700664043426514,solid,sampled
A3-03,Section 3,3,-2.0661234855651855,770.0,-2.0661234855651855,solid,sampled
A3-01,Section 1,3,1.8792803287506104,771.0,1.8792803287506104,solid,sampled
A3-03,Section 3,3,-2.0966670513153076,771.0,-2.0966670513153076,solid,sampled
A3-01,Section 1,3,1.903315544128418,772.0,1.903315544128418,solid,sampled
A3-03,Section 3,3,-2.101759910583496,772.0,-2.101759910583496,solid,sampled
A3-01,Section 1,3,1.9198004007339478,773.0,1.9198004007339478,solid,sampled
A3-03,Section 3,3,-2.165766954421997,773.0,-2.165766954421997,solid,sampled
A3-01,Section 1,3,1.963541865348816,774.0,1.963541865348816,solid,sampled
A3-03,Section 3,3,-2.031724214553833,774.0,-2.031724214553833,solid,sampled
A3-01,Section 1,3,1.9906202554702759,775.0,1.9906202554702759,solid,sampled
A3-03,Section 3,3,-1.9562711715698242,775.0,-1.9562711715698242,solid,sampled
A3-01,Section 1,3,2.0175065994262695,776.0,2.0175065994262695,solid,sampled
A3-03,Section 3,3,-1.8805110454559326,776.0,-1.8805110454559326,solid,sampled
A3-01,Section 1,3,2.059537410736084,777.0,2.059537410736084,solid,sampled
A3-03,Section 3,3,-1.8488765954971313,777.0,-1.8488765954971313,solid,sampled
A3-01,Section 1,3,2.1058971881866455,778.0,2.1058971881866455,solid,sampled
A3-03,Section 3,3,-1.8089599609375,778.0,-1.8089599609375,solid,sampled
A3-01,Section 1,3,2.167727470397949,779.0,2.167727470397949,solid,sampled
A3-03,Section 3,3,-1.7549164295196533,779.0,-1.7549164295196533,solid,sampled
A3-01,Section 1,3,2.2463090419769287,780.0,2.2463090419769287,solid,sampled
A3-03,Section 3,3,-1.7147531509399414,780.0,-1.7147531509399414,solid,sampled
A3-01,Section 1,3,2.3534553050994873,781.0,2.3534553050994873,solid,sampled
A3-03,Section 3,3,-1.6841001510620117,781.0,-1.6841001510620117,solid,sampled
A3-01,Section 1,3,2.4414920806884766,782.0,2.4414920806884766,solid,sampled
A3-03,Section 3,3,-1.7091540098190308,782.0,-1.7091540098190308,solid,sampled
A3-01,Section 1,3,2.5242342948913574,783.0,2.5242342948913574,solid,sampled
A3-03,Section 3,3,-1.7480831146240234,783.0,-1.7480831146240234,solid,sampled
A3-01,Section 1,3,2.595303535461426,784.0,2.595303535461426,solid,sampled
A3-03,Section 3,3,-1.8421978950500488,784.0,-1.8421978950500488,solid,sampled
A3-01,Section 1,3,2.664577007293701,785.0,2.664577007293701,solid,sampled
A3-03,Section 3,3,-1.7979789972305298,785.0,-1.7979789972305298,solid,sampled
A3-01,Section 1,3,2.723936080932617,786.0,2.723936080932617,solid,sampled
A3-03,Section 3,3,-1.699957013130188,786.0,-1.699957013130188,solid,sampled
A3-01,Section 1,3,2.780722141265869,787.0,2.780722141265869,solid,sampled
A3-03,Section 3,3,-1.6089357137680054,787.0,-1.6089357137680054,solid,sampled
A3-01,Section 1,3,2.815640926361084,788.0,2.815640926361084,solid,sampled
A3-03,Section 3,3,-1.5163609981536865,788.0,-1.5163609981536865,solid,sampled
A3-01,Section 1,3,2.847435712814331,789.0,2.847435712814331,solid,sampled
A3-03,Section 3,3,-1.4839162826538086,789.0,-1.4839162826538086,solid,sampled
A3-01,Section 1,3,2.873778820037842,790.0,2.873778820037842,solid,sampled
A3-03,Section 3,3,-1.4648256301879883,790.0,-1.4648256301879883,solid,sampled
A3-01,Section 1,3,2.9022865295410156,791.0,2.9022865295410156,solid,sampled
A3-03,Section 3,3,-1.4356591701507568,791.0,-1.4356591701507568,solid,sampled
A3-01,Section 1,3,2.9366960525512695,792.0,2.9366960525512695,solid,sampled
A3-03,Section 3,3,-1.430124282836914,792.0,-1.430124282836914,solid,sampled
A3-01,Section 1,3,2.9442856311798096,793.0,2.9442856311798096,solid,sampled
A3-03,Section 3,3,-1.4848732948303223,793.0,-1.4848732948303223,solid,sampled
A3-01,Section 1,3,2.9336090087890625,794.0,2.9336090087890625,solid,sampled
A3-03,Section 3,3,-1.5181145668029785,794.0,-1.5181145668029785,solid,sampled
A3-01,Section 1,3,2.8961997032165527,795.0,2.8961997032165527,solid,sampled
A3-03,Section 3,3,-1.4836152791976929,795.0,-1.4836152791976929,solid,sampled
A3-01,Section 1,3,2.854095220565796,796.0,2.854095220565796,solid,sampled
A3-03,Section 3,3,-1.4796078205108643,796.0,-1.4796078205108643,solid,sampled
A3-01,Section 1,3,2.7487540245056152,797.0,2.7487540245056152,solid,sampled
A3-03,Section 3,3,-1.6214091777801514,797.0,-1.6214091777801514,solid,sampled
A3-01,Section 1,3,2.5898947715759277,798.0,2.5898947715759277,solid,sampled
A3-03,Section 3,3,-1.5580570697784424,798.0,-1.5580570697784424,solid,sampled
A3-01,Section 1,3,2.572834014892578,799.0,2.572834014892578,solid,sampled
A3-03,Section 3,3,-1.5088059902191162,799.0,-1.5088059902191162,solid,sampled
A3-01,Section 1,3,2.562244415283203,800.0,2.562244415283203,solid,sampled
A3-03,Section 3,3,-1.494476556777954,800.0,-1.494476556777954,solid,sampled
A3-01,Section 1,3,2.572384834289551,801.0,2.572384834289551,solid,sampled
A3-03,Section 3,3,-1.401017665863037,801.0,-1.401017665863037,solid,sampled
A3-01,Section 1,3,2.583961248397827,802.0,2.583961248397827,solid,sampled
A3-03,Section 3,3,-1.3568651676177979,802.0,-1.3568651676177979,solid,sampled
A3-01,Section 1,3,2.6238527297973633,803.0,2.6238527297973633,solid,sampled
A3-03,Section 3,3,-1.3427895307540894,803.0,-1.3427895307540894,solid,sampled
A3-01,Section 1,3,2.6853702068328857,804.0,2.6853702068328857,solid,sampled
A3-03,Section 3,3,-1.3620190620422363,804.0,-1.3620190620422363,solid,sampled
A3-01,Section 1,3,2.763908863067627,805.0,2.763908863067627,solid,sampled
A3-03,Section 3,3,-1.4671438932418823,805.0,-1.4671438932418823,solid,sampled
A3-01,Section 1,3,2.849492073059082,806.0,2.849492073059082,solid,sampled
A3-03,Section 3,3,-1.4098308086395264,806.0,-1.4098308086395264,solid,sampled
A3-01,Section 1,3,2.965616226196289,807.0,2.965616226196289,solid,sampled
A3-03,Section 3,3,-1.3788312673568726,807.0,-1.3788312673568726,solid,sampled
A3-01,Section 1,3,3.0586769580841064,808.0,3.0586769580841064,solid,sampled
A3-03,Section 3,3,-1.2852572202682495,808.0,-1.2852572202682495,solid,sampled
A3-01,Section 1,3,3.166116237640381,809.0,3.166116237640381,solid,sampled
A3-03,Section 3,3,-1.283288598060608,809.0,-1.283288598060608,solid,sampled
A3-01,Section 1,3,3.272453546524048,810.0,3.272453546524048,solid,sampled
A3-03,Section 3,3,-1.541719675064087,810.0,-1.541719675064087,solid,sampled
A3-01,Section 1,3,3.374368667602539,811.0,3.374368667602539,solid,sampled
A3-03,Section 3,3,-1.5579895973205566,811.0,-1.5579895973205566,solid,sampled
A3-01,Section 1,3,3.4929323196411133,812.0,3.4929323196411133,solid,sampled
A3-03,Section 3,3,-1.3858013153076172,812.0,-1.3858013153076172,solid,sampled
A3-01,Section 1,3,3.6153578758239746,813.0,3.6153578758239746,solid,sampled
A3-03,Section 3,3,-1.301371693611145,813.0,-1.301371693611145,solid,sampled
A3-01,Section 1,3,3.738297462463379,814.0,3.738297462463379,solid,sampled
A3-03,Section 3,3,-1.2634153366088867,814.0,-1.2634153366088867,solid,sampled
A3-01,Section 1,3,3.834681272506714,815.0,3.834681272506714,solid,sampled
A3-03,Section 3,3,-1.281852126121521,815.0,-1.281852126121521,solid,sampled
A3-01,Section 1,3,3.9243054389953613,816.0,3.9243054389953613,solid,sampled
A3-03,Section 3,3,-1.3791300058364868,816.0,-1.3791300058364868,solid,sampled
A3-01,Section 1,3,4.005769729614258,817.0,4.005769729614258,solid,sampled
A3-03,Section 3,3,-1.3286490440368652,817.0,-1.3286490440368652,solid,sampled
A3-01,Section 1,3,4.066592693328857,818.0,4.066592693328857,solid,sampled
A3-03,Section 3,3,-1.2564891576766968,818.0,-1.2564891576766968,solid,sampled
A3-01,Section 1,3,4.153739929199219,819.0,4.153739929199219,solid,sampled
A3-03,Section 3,3,-1.289291262626648,819.0,-1.289291262626648,solid,sampled
A3-01,Section 1,3,4.214042663574219,820.0,4.214042663574219,solid,sampled
A3-03,Section 3,3,-1.306478500366211,820.0,-1.306478500366211,solid,sampled
A3-01,Section 1,3,4.302455425262451,821.0,4.302455425262451,solid,sampled
A3-03,Section 3,3,-1.2551906108856201,821.0,-1.2551906108856201,solid,sampled
A3-01,Section 1,3,4.372693061828613,822.0,4.372693061828613,solid,sampled
A3-03,Section 3,3,-1.417590618133545,822.0,-1.417590618133545,solid,sampled
A3-01,Section 1,3,4.42132568359375,823.0,4.42132568359375,solid,sampled
A3-03,Section 3,3,-1.4799377918243408,823.0,-1.4799377918243408,solid,sampled
A3-01,Section 1,3,4.459138870239258,824.0,4.459138870239258,solid,sampled
A3-03,Section 3,3,-1.3305587768554688,824.0,-1.3305587768554688,solid,sampled
A3-01,Section 1,3,4.510040283203125,825.0,4.510040283203125,solid,sampled
A3-03,Section 3,3,-1.1980730295181274,825.0,-1.1980730295181274,solid,sampled
A3-01,Section 1,3,4.6084699630737305,826.0,4.6084699630737305,solid,sampled
A3-03,Section 3,3,-1.1982667446136475,826.0,-1.1982667446136475,solid,sampled
A3-01,Section 1,3,4.674583911895752,827.0,4.674583911895752,solid,sampled
A3-03,Section 3,3,-1.228084683418274,827.0,-1.228084683418274,solid,sampled
A3-01,Section 1,3,4.673354625701904,828.0,4.673354625701904,solid,sampled
A3-03,Section 3,3,-1.1551527976989746,828.0,-1.1551527976989746,solid,sampled
A3-01,Section 1,3,4.673341751098633,829.0,4.673341751098633,solid,sampled
A3-03,Section 3,3,-1.2074902057647705,829.0,-1.2074902057647705,solid,sampled
A3-01,Section 1,3,5.238714694976807,830.0,5.238714694976807,solid,sampled
A3-03,Section 3,3,-1.2605925798416138,830.0,-1.2605925798416138,solid,sampled
A3-01,Section 1,3,6.229931831359863,831.0,6.229931831359863,solid,sampled
A3-03,Section 3,3,-1.2080268859863281,831.0,-1.2080268859863281,solid,sampled
A3-01,Section 1,3,9.963942527770996,832.0,9.963942527770996,solid,sampled
A3-03,Section 3,3,-1.2329431772232056,832.0,-1.2329431772232056,solid,sampled
A3-01,Section 1,3,10.679998397827148,833.0,10.679998397827148,solid,sampled
A3-03,Section 3,3,-1.2491812705993652,833.0,-1.2491812705993652,solid,sampled
A3-01,Section 1,3,10.526690483093262,834.0,10.526690483093262,solid,sampled
A3-03,Section 3,3,-1.2087055444717407,834.0,-1.2087055444717407,solid,sampled
A3-01,Section 1,3,10.388361930847168,835.0,10.388361930847168,solid,sampled
A3-03,Section 3,3,-1.1652740240097046,835.0,-1.1652740240097046,solid,sampled
A3-01,Section 1,3,10.429030418395996,836.0,10.429030418395996,solid,sampled
A3-03,Section 3,3,-1.1220046281814575,836.0,-1.1220046281814575,solid,sampled
A3-01,Section 1,3,10.681158065795898,837.0,10.681158065795898,solid,sampled
A3-03,Section 3,3,-1.1936256885528564,837.0,-1.1936256885528564,solid,sampled
A3-01,Section 1,3,10.747506141662598,838.0,10.747506141662598,solid,sampled
A3-03,Section 3,3,-1.1321808099746704,838.0,-1.1321808099746704,solid,sampled
A3-01,Section 1,3,11.283990859985352,839.0,11.283990859985352,solid,sampled
A3-03,Section 3,3,-1.2646214962005615,839.0,-1.2646214962005615,solid,sampled
A3-01,Section 1,3,11.246793746948242,840.0,11.246793746948242,solid,sampled
A3-03,Section 3,3,-1.1982135772705078,840.0,-1.1982135772705078,solid,sampled
A3-01,Section 1,3,11.256803512573242,841.0,11.256803512573242,solid,sampled
A3-03,Section 3,3,-1.1074116230010986,841.0,-1.1074116230010986,solid,sampled
A3-01,Section 1,3,11.588000297546387,842.0,11.588000297546387,solid,sampled
A3-03,Section 3,3,-1.1303330659866333,842.0,-1.1303330659866333,solid,sampled
A3-01,Section 1,3,10.614870071411133,843.0,10.614870071411133,solid,sampled
A3-03,Section 3,3,-1.1675938367843628,843.0,-1.1675938367843628,solid,sampled
A3-01,Section 1,3,10.77525520324707,844.0,10.77525520324707,solid,sampled
A3-03,Section 3,3,-1.1827900409698486,844.0,-1.1827900409698486,solid,sampled
A3-01,Section 1,3,10.816427230834961,845.0,10.816427230834961,solid,sampled
A3-03,Section 3,3,-1.2201656103134155,845.0,-1.2201656103134155,solid,sampled
A3-01,Section 1,3,10.792378425598145,846.0,10.792378425598145,solid,sampled
A3-03,Section 3,3,-1.1525845527648926,846.0,-1.1525845527648926,solid,sampled
A3-01,Section 1,3,10.985237121582031,847.0,10.985237121582031,solid,sampled
A3-03,Section 3,3,-1.0864534378051758,847.0,-1.0864534378051758,solid,sampled
A3-01,Section 1,3,11.108936309814453,848.0,11.108936309814453,solid,sampled
A3-03,Section 3,3,-1.1511904001235962,848.0,-1.1511904001235962,solid,sampled
A3-01,Section 1,3,11.204373359680176,849.0,11.204373359680176,solid,sampled
A3-03,Section 3,3,-1.1904749870300293,849.0,-1.1904749870300293,solid,sampled
A3-01,Section 1,3,11.333231925964355,850.0,11.333231925964355,solid,sampled
A3-03,Section 3,3,-1.1778126955032349,850.0,-1.1778126955032349,solid,sampled
A3-01,Section 1,3,11.418750762939453,851.0,11.418750762939453,solid,sampled
A3-03,Section 3,3,-1.2260867357254028,851.0,-1.2260867357254028,solid,sampled
A3-01,Section 1,3,11.519190788269043,852.0,11.519190788269043,solid,sampled
A3-03,Section 3,3,-1.1673948764801025,852.0,-1.1673948764801025,solid,sampled
A3-01,Section 1,3,11.677982330322266,853.0,11.677982330322266,solid,sampled
A3-03,Section 3,3,-1.1079965829849243,853.0,-1.1079965829849243,solid,sampled
A3-01,Section 1,3,11.788713455200195,854.0,11.788713455200195,solid,sampled
A3-03,Section 3,3,-1.1296961307525635,854.0,-1.1296961307525635,solid,sampled
A3-01,Section 1,3,11.948911666870117,855.0,11.948911666870117,solid,sampled
A3-03,Section 3,3,-1.0997121334075928,855.0,-1.0997121334075928,solid,sampled
A3-01,Section 1,3,12.129961013793945,856.0,12.129961013793945,solid,sampled
A3-03,Section 3,3,-1.0660723447799683,856.0,-1.0660723447799683,solid,sampled
A3-01,Section 1,3,12.274055480957031,857.0,12.274055480957031,solid,sampled
A3-03,Section 3,3,-1.1606581211090088,857.0,-1.1606581211090088,solid,sampled
A3-01,Section 1,3,12.421609878540039,858.0,12.421609878540039,solid,sampled
A3-03,Section 3,3,-1.0970230102539062,858.0,-1.0970230102539062,solid,sampled
A3-01,Section 1,3,12.542376518249512,859.0,12.542376518249512,solid,sampled
A3-03,Section 3,3,-1.0853807926177979,859.0,-1.0853807926177979,solid,sampled
A3-01,Section 1,3,12.719539642333984,860.0,12.719539642333984,solid,sampled
A3-03,Section 3,3,-1.076415777206421,860.0,-1.076415777206421,solid,sampled
A3-01,Section 1,3,12.845063209533691,861.0,12.845063209533691,solid,sampled
A3-03,Section 3,3,-1.1542553901672363,861.0,-1.1542553901672363,solid,sampled
A3-01,Section 1,3,12.984681129455566,862.0,12.984681129455566,solid,sampled
A3-03,Section 3,3,-1.1634411811828613,862.0,-1.1634411811828613,solid,sampled
A3-01,Section 1,3,13.076350212097168,863.0,13.076350212097168,solid,sampled
A3-03,Section 3,3,-1.0691297054290771,863.0,-1.0691297054290771,solid,sampled
A3-01,Section 1,3,13.218366622924805,864.0,13.218366622924805,solid,sampled
A3-03,Section 3,3,-1.1554782390594482,864.0,-1.1554782390594482,solid,sampled
A3-01,Section 1,3,13.356993675231934,865.0,13.356993675231934,solid,sampled
A3-03,Section 3,3,-1.1312769651412964,865.0,-1.1312769651412964,solid,sampled
A3-01,Section 1,3,13.497312545776367,866.0,13.497312545776367,solid,sampled
A3-03,Section 3,3,-1.222177267074585,866.0,-1.222177267074585,solid,sampled
A3-01,Section 1,3,13.665430068969727,867.0,13.665430068969727,solid,sampled
A3-03,Section 3,3,-1.1416640281677246,867.0,-1.1416640281677246,solid,sampled
A3-01,Section 1,3,13.78268051147461,868.0,13.78268051147461,solid,sampled
A3-03,Section 3,3,-1.0228245258331299,868.0,-1.0228245258331299,solid,sampled
A3-01,Section 1,3,13.889116287231445,869.0,13.889116287231445,solid,sampled
A3-03,Section 3,3,-1.050599217414856,869.0,-1.050599217414856,solid,sampled
A3-01,Section 1,3,14.055594444274902,870.0,14.055594444274902,solid,sampled
A3-03,Section 3,3,-1.1066786050796509,870.0,-1.1066786050796509,solid,sampled
A3-01,Section 1,3,14.158842086791992,871.0,14.158842086791992,solid,sampled
A3-03,Section 3,3,-1.203328013420105,871.0,-1.203328013420105,solid,sampled
A3-01,Section 1,3,14.262408256530762,872.0,14.262408256530762,solid,sampled
A3-03,Section 3,3,-1.1705663204193115,872.0,-1.1705663204193115,solid,sampled
A3-01,Section 1,3,14.392309188842773,873.0,14.392309188842773,solid,sampled
A3-03,Section 3,3,-1.1080169677734375,873.0,-1.1080169677734375,solid,sampled
A3-01,Section 1,3,14.484174728393555,874.0,14.484174728393555,solid,sampled
A3-03,Section 3,3,-1.1708816289901733,874.0,-1.1708816289901733,solid,sampled
A3-01,Section 1,3,14.608642578125,875.0,14.608642578125,solid,sampled
A3-03,Section 3,3,-1.0353449583053589,875.0,-1.0353449583053589,solid,sampled
A3-01,Section 1,3,14.777957916259766,876.0,14.777957916259766,solid,sampled
A3-03,Section 3,3,-0.9922726154327393,876.0,-0.9922726154327393,solid,sampled
A3-01,Section 1,3,14.897843360900879,877.0,14.897843360900879,solid,sampled
A3-03,Section 3,3,-1.036463737487793,877.0,-1.036463737487793,solid,sampled
A3-01,Section 1,3,0.0,878.0,,dotted,null_fill
A3-03,Section 3,3,-1.1657626628875732,878.0,-1.1657626628875732,solid,sampled
A3-01,Section 1,3,0.0,879.0,,dotted,null_fill
A3-03,Section 3,3,-1.146787166595459,879.0,-1.146787166595459,solid,sampled
A3-01,Section 1,3,0.0,880.0,,dotted,null_fill
A3-03,Section 3,3,-1.0504388809204102,880.0,-1.0504388809204102,solid,sampled
A3-01,Section 1,3,0.0,881.0,,dotted,null_fill
A3-03,Section 3,3,-1.048579216003418,881.0,-1.048579216003418,solid,sampled
A3-01,Section 1,3,0.0,882.0,,dotted,null_fill
A3-03,Section 3,3,-1.0522812604904175,882.0,-1.0522812604904175,solid,sampled
A3-01,Section 1,3,0.0,883.0,,dotted,null_fill
A3-03,Section 3,3,-0.9449596405029297,883.0,-0.9449596405029297,solid,sampled
A3-01,Section 1,3,0.0,884.0,,dotted,null_fill
A3-03,Section 3,3,-0.9501200914382935,884.0,-0.9501200914382935,solid,sampled
A3-01,Section 1,3,0.0,885.0,,dotted,null_fill
A3-03,Section 3,3,-0.9471831321716309,885.0,-0.9471831321716309,solid,sampled
A3-01,Section 1,3,0.0,886.0,,dotted,null_fill
A3-03,Section 3,3,-0.9780005812644958,886.0,-0.9780005812644958,solid,sampled
A3-01,Section 1,3,0.0,887.0,,dotted,null_fill
A3-03,Section 3,3,-1.0362837314605713,887.0,-1.0362837314605713,solid,sampled
A3-01,Section 1,3,0.0,888.0,,dotted,null_fill
A3-03,Section 3,3,-0.9628962278366089,888.0,-0.9628962278366089,solid,sampled
A3-01,Section 1,3,0.0,889.0,,dotted,null_fill
A3-03,Section 3,3,-0.9941608905792236,889.0,-0.9941608905792236,solid,sampled
A3-01,Section 1,3,0.0,890.0,,dotted,null_fill
A3-03,Section 3,3,-1.0654568672180176,890.0,-1.0654568672180176,solid,sampled
A3-01,Section 1,3,0.0,891.0,,dotted,null_fill
A3-03,Section 3,3,-1.1537728309631348,891.0,-1.1537728309631348,solid,sampled
A3-01,Section 1,3,0.0,892.0,,dotted,null_fill
A3-03,Section 3,3,-1.0821151733398438,892.0,-1.0821151733398438,solid,sampled
A3-03,Section 3,3,-0.9132974147796631,893.0,-0.9132974147796631,solid,sampled
A3-03,Section 3,3,-0.9146872758865356,894.0,-0.9146872758865356,solid,sampled
A3-03,Section 3,3,-0.9800224900245667,895.0,-0.9800224900245667,solid,sampled
A3-03,Section 3,3,-1.0663737058639526,896.0,-1.0663737058639526,solid,sampled
A3-03,Section 3,3,-1.0969135761260986,897.0,-1.0969135761260986,solid,sampled
A3-03,Section 3,3,-1.1578552722930908,898.0,-1.1578552722930908,solid,sampled
A3-03,Section 3,3,-1.2212213277816772,899.0,-1.2212213277816772,solid,sampled
A3-03,Section 3,3,-1.0612322092056274,900.0,-1.0612322092056274,solid,sampled
A3-03,Section 3,3,-0.9397120475769043,901.0,-0.9397120475769043,solid,sampled
A3-03,Section 3,3,-0.9549576044082642,902.0,-0.9549576044082642,solid,sampled
A3-03,Section 3,3,-1.0413955450057983,903.0,-1.0413955450057983,solid,sampled
A3-03,Section 3,3,-1.1472952365875244,904.0,-1.1472952365875244,solid,sampled
A3-03,Section 3,3,-1.0524370670318604,905.0,-1.0524370670318604,solid,sampled
A3-03,Section 3,3,-0.992266058921814,906.0,-0.992266058921814,solid,sampled
A3-03,Section 3,3,-0.9548007249832153,907.0,-0.9548007249832153,solid,sampled
A3-03,Section 3,3,-0.9074293375015259,908.0,-0.9074293375015259,solid,sampled
A3-03,Section 3,3,-0.9646307826042175,909.0,-0.9646307826042175,solid,sampled
A3-03,Section 3,3,-1.0247671604156494,910.0,-1.0247671604156494,solid,sampled
A3-03,Section 3,3,-1.1669483184814453,911.0,-1.1669483184814453,solid,sampled
A3-03,Section 3,3,-1.2262177467346191,912.0,-1.2262177467346191,solid,sampled
A3-03,Section 3,3,-1.2746003866195679,913.0,-1.2746003866195679,solid,sampled
A3-03,Section 3,3,-1.2042129039764404,914.0,-1.2042129039764404,solid,sampled
A3-03,Section 3,3,-0.960034191608429,915.0,-0.960034191608429,solid,sampled
A3-03,Section 3,3,-1.0012413263320923,916.0,-1.0012413263320923,solid,sampled
A3-03,Section 3,3,-0.9928252100944519,917.0,-0.9928252100944519,solid,sampled
A3-03,Section 3,3,-1.047499179840088,918.0,-1.047499179840088,solid,sampled
A3-03,Section 3,3,-1.1396068334579468,919.0,-1.1396068334579468,solid,sampled
A3-03,Section 3,3,-1.0695228576660156,920.0,-1.0695228576660156,solid,sampled
A3-03,Section 3,3,-0.9976107478141785,921.0,-0.9976107478141785,solid,sampled
A3-03,Section 3,3,-1.0067760944366455,922.0,-1.0067760944366455,solid,sampled
A3-03,Section 3,3,-1.1062278747558594,923.0,-1.1062278747558594,solid,sampled
A3-03,Section 3,3,-1.1478880643844604,924.0,-1.1478880643844604,solid,sampled
A3-03,Section 3,3,-1.1852034330368042,925.0,-1.1852034330368042,solid,sampled
A3-03,Section 3,3,-1.2654457092285156,926.0,-1.2654457092285156,solid,sampled
A3-03,Section 3,3,-1.4704216718673706,927.0,-1.4704216718673706,solid,sampled
A3-03,Section 3,3,-1.3870997428894043,928.0,-1.3870997428894043,solid,sampled
A3-03,Section 3,3,-1.2697209119796753,929.0,-1.2697209119796753,solid,sampled
A3-03,Section 3,3,-1.25349760055542,930.0,-1.25349760055542,solid,sampled
A3-03,Section 3,3,-1.229487657546997,931.0,-1.229487657546997,solid,sampled
A3-03,Section 3,3,-1.244898796081543,932.0,-1.244898796081543,solid,sampled
A3-03,Section 3,3,-1.2758293151855469,933.0,-1.2758293151855469,solid,sampled
A3-03,Section 3,3,-1.384232997894287,934.0,-1.384232997894287,solid,sampled
A3-03,Section 3,3,-1.4965583086013794,935.0,-1.4965583086013794,solid,sampled
A3-03,Section 3,3,-1.3428955078125,936.0,-1.3428955078125,solid,sampled
A3-03,Section 3,3,-1.404860258102417,937.0,-1.404860258102417,solid,sampled
A3-03,Section 3,3,-1.51400887966156,938.0,-1.51400887966156,solid,sampled
A3-03,Section 3,3,-1.6498174667358398,939.0,-1.6498174667358398,solid,sampled
A3-03,Section 3,3,-1.5951844453811646,940.0,-1.5951844453811646,solid,sampled
A3-03,Section 3,3,-1.6137702465057373,941.0,-1.6137702465057373,solid,sampled
A3-03,Section 3,3,-1.65244460105896,942.0,-1.65244460105896,solid,sampled
A3-03,Section 3,3,-1.7344582080841064,943.0,-1.7344582080841064,solid,sampled
A3-03,Section 3,3,-1.8100961446762085,944.0,-1.8100961446762085,solid,sampled
A3-03,Section 3,3,-1.8952326774597168,945.0,-1.8952326774597168,solid,sampled
A3-03,Section 3,3,-1.936514139175415,946.0,-1.936514139175415,solid,sampled
A3-03,Section 3,3,-1.8762681484222412,947.0,-1.8762681484222412,solid,sampled
A3-03,Section 3,3,-1.921067237854004,948.0,-1.921067237854004,solid,sampled
A3-03,Section 3,3,-2.000886917114258,949.0,-2.000886917114258,solid,sampled
A3-03,Section 3,3,-2.0606346130371094,950.0,-2.0606346130371094,solid,sampled
A3-03,Section 3,3,-2.0977067947387695,951.0,-2.0977067947387695,solid,sampled
A3-03,Section 3,3,-2.126682996749878,952.0,-2.126682996749878,solid,sampled
A3-03,Section 3,3,-2.1629579067230225,953.0,-2.1629579067230225,solid,sampled
A3-03,Section 3,3,-2.247084379196167,954.0,-2.247084379196167,solid,sampled
A3-03,Section 3,3,-2.3626396656036377,955.0,-2.3626396656036377,solid,sampled
A3-03,Section 3,3,-2.196051597595215,956.0,-2.196051597595215,solid,sampled
A3-03,Section 3,3,-2.1939196586608887,957.0,-2.1939196586608887,solid,sampled
A3-03,Section 3,3,-2.3316800594329834,958.0,-2.3316800594329834,solid,sampled
A3-03,Section 3,3,-2.5483272075653076,959.0,-2.5483272075653076,solid,sampled
A3-03,Section 3,3,-2.645430088043213,960.0,-2.645430088043213,solid,sampled
A3-03,Section 3,3,-2.507280111312866,961.0,-2.507280111312866,solid,sampled
A3-03,Section 3,3,-2.3786463737487793,962.0,-2.3786463737487793,solid,sampled
A3-03,Section 3,3,-2.382021427154541,963.0,-2.382021427154541,solid,sampled
A3-03,Section 3,3,-2.4015908241271973,964.0,-2.4015908241271973,solid,sampled
A3-03,Section 3,3,-2.4475510120391846,965.0,-2.4475510120391846,solid,sampled
A3-03,Section 3,3,-2.5622477531433105,966.0,-2.5622477531433105,solid,sampled
A3-03,Section 3,3,-2.6493918895721436,967.0,-2.6493918895721436,solid,sampled
A3-03,Section 3,3,-2.7896714210510254,968.0,-2.7896714210510254,solid,sampled
A3-03,Section 3,3,-2.8423008918762207,969.0,-2.8423008918762207,solid,sampled
A3-03,Section 3,3,-2.9227941036224365,970.0,-2.9227941036224365,solid,sampled
A3-03,Section 3,3,-3.0,971.0,-3.056821823120117,solid,water_floor
A3-03,Section 3,3,-3.0,972.0,-3.1716525554656982,solid,water_floor
A3-03,Section 3,3,-3.0,973.0,-3.538459062576294,solid,water_floor
A3-03,Section 3,3,-3.0,974.0,-3.929824113845825,solid,water_floor
A3-03,Section 3,3,-3.0,975.0,-4.920566558837891,solid,water_floor
A3-03,Section 3,3,-3.0,976.0,-5.730591773986816,solid,water_floor
A3-03,Section 3,3,-3.0,977.0,-5.435777187347412,solid,water_floor
A3-03,Section 3,3,-3.0,978.0,-7.051834583282471,solid,water_floor
A3-03,Section 3,3,-3.0,979.0,-14.435708999633789,solid,water_floor
A3-03,Section 3,3,-3.0,980.0,-22.05292510986328,solid,water_floor
A3-03,Section 3,3,-3.0,981.0,-10.581721305847168,solid,water_floor
A3-03,Section 3,3,-3.0,982.0,-9.915459632873535,solid,water_floor
A3-03,Section 3,3,-3.0,983.0,-17.560747146606445,solid,water_floor
A3-03,Section 3,3,-3.0,984.0,-17.638221740722656,solid,water_floor
A3-03,Section 3,3,-3.0,985.0,-24.51079750061035,solid,water_floor
A3-03,Section 3,3,-3.0,986.0,-18.327726364135742,solid,water_floor
A3-03,Section 3,3,-3.0,987.0,-26.82601547241211,solid,water_floor
A3-03,Section 3,3,-3.0,988.0,-26.02119255065918,solid,water_floor
A3-03,Section 3,3,-3.0,989.0,-19.076087951660156,solid,water_floor
A3-03,Section 3,3,-3.0,990.0,-23.162364959716797,solid,water_floor
A3-03,Section 3,3,-3.0,991.0,-30.588350296020508,solid,water_floor
A3-03,Section 3,3,-3.0,992.0,-30.12238311767578,solid,water_floor
A3-03,Section 3,3,-3.0,993.0,-36.329200744628906,solid,water_floor
A3-03,Section 3,3,-3.0,994.0,-34.89240646362305,solid,water_floor
A3-03,Section 3,3,-3.0,995.0,-33.960140228271484,solid,water_floor
A3-03,Section 3,3,-3.0,996.0,-38.43375015258789,solid,water_floor
A3-03,Section 3,3,-3.0,997.0,-42.36357116699219,solid,water_floor
A3-03,Section 3,3,-3.0,998.0,-42.547027587890625,solid,water_floor
A3-03,Section 3,3,-3.0,999.0,-39.63115692138672,solid,water_floor
A3-03,Section 3,3,-3.0,1000.0,-37.277122497558594,solid,water_floor
A3-03,Section 3,3,-3.0,1001.0,-43.58116149902344,solid,water_floor
A3-03,Section 3,3,-3.0,1002.0,-48.953208923339844,solid,water_floor
A3-03,Section 3,3,-3.0,1003.0,-54.10371017456055,solid,water_floor
A3-03,Section 3,3,-3.0,1004.0,-47.40240478515625,solid,water_floor
A3-03,Section 3,3,-3.0,1005.0,-34.44736862182617,solid,water_floor
A3-03,Section 3,3,-3.0,1006.0,-31.688514709472656,solid,water_floor
A3-03,Section 3,3,-3.0,1007.0,-38.99586868286133,solid,water_floor
A3-03,Section 3,3,-3.0,1008.0,-47.952789306640625,solid,water_floor
A3-03,Section 3,3,-3.0,1009.0,-59.81399154663086,solid,water_floor
A3-03,Section 3,3,-3.0,1010.0,-41.2417106628418,solid,water_floor
A3-03,Section 3,3,-3.0,1011.0,-46.26813507080078,solid,water_floor
A3-03,Section 3,3,-3.0,1012.0,-55.54927062988281,solid,water_floor
A3-03,Section 3,3,-3.0,1013.0,-37.78819274902344,solid,water_floor
A3-03,Section 3,3,-3.0,1014.0,-18.261211395263672,solid,water_floor
A3-03,Section 3,3,-3.0,1015.0,-3.2091293334960938,solid,water_floor
A3-03,Section 3,3,-2.9991908073425293,1016.0,-2.9991908073425293,solid,sampled
A3-03,Section 3,3,-2.8670034408569336,1017.0,-2.8670034408569336,solid,sampled
A3-03,Section 3,3,-2.622128486633301,1018.0,-2.622128486633301,solid,sampled
A3-03,Section 3,3,-2.5230140686035156,1019.0,-2.5230140686035156,solid,sampled
A3-03,Section 3,3,-2.4658303260803223,1020.0,-2.4658303260803223,solid,sampled
A3-03,Section 3,3,-2.455319881439209,1021.0,-2.455319881439209,solid,sampled
A3-03,Section 3,3,-2.5044381618499756,1022.0,-2.5044381618499756,solid,sampled
A3-03,Section 3,3,-2.6024012565612793,1023.0,-2.6024012565612793,solid,sampled
A3-03,Section 3,3,-2.6704540252685547,1024.0,-2.6704540252685547,solid,sampled
A3-03,Section 3,3,-2.6519103050231934,1025.0,-2.6519103050231934,solid,sampled
A3-03,Section 3,3,-0.40127992630004883,1026.0,-0.40127992630004883,solid,sampled
A3-03,Section 3,3,-0.25955817103385925,1027.0,-0.25955817103385925,solid,sampled
A3-03,Section 3,3,-0.23396266996860504,1028.0,-0.23396266996860504,solid,sampled
A3-03,Section 3,3,-0.23094460368156433,1029.0,-0.23094460368156433,solid,sampled
A3-03,Section 3,3,-0.22254304587841034,1030.0,-0.22254304587841034,solid,sampled
A3-03,Section 3,3,5.703139305114746,1031.0,5.703139305114746,solid,sampled
A3-03,Section 3,3,4.583852767944336,1032.0,4.583852767944336,solid,sampled
A3-03,Section 3,3,4.493443489074707,1033.0,4.493443489074707,solid,sampled
A3-03,Section 3,3,4.529483318328857,1034.0,4.529483318328857,solid,sampled
A3-03,Section 3,3,0.0,1035.0,,dotted,null_fill
A3-03,Section 3,3,0.0,1036.0,,dotted,null_fill
A3-03,Section 3,3,0.0,1037.0,,dotted,null_fill
A3-03,Section 3,3,0.0,1038.0,,dotted,null_fill
A3-03,Section 3,3,0.0,1039.0,,dotted,null_fill
A3-03,Section 3,3,0.0,1040.0,,dotted,null_fill
A3-03,Section 3,3,0.0,1041.0,,dotted,null_fill
A3-03,Section 3,3,0.0,1042.0,,dotted,null_fill
A3-03,Section 3,3,0.0,1043.0,,dotted,null_fill
A3-03,Section 3,3,0.0,1044.0,,dotted,null_fill
A3-03,Section 3,3,0.0,1045.0,,dotted,null_fill
A3-03,Section 3,3,0.0,1046.0,,dotted,null_fill
A3-03,Section 3,3,0.0,1047.0,,dotted,null_fill
A3-03,Section 3,3,0.0,1048.0,,dotted,null_fill
A3-03,Section 3,3,0.0,1049.0,,dotted,null_fill
A3-03,Section 3,3,0.0,1050.0,,dotted,null_fill
A3-03,Section 3,3,0.0,1051.0,,dotted,null_fill
A3-03,Section 3,3,0.0,1052.0,,dotted,null_fill
A3-03,Section 3,3,0.0,1053.0,,dotted,null_fill
A3-03,Section 3,3,0.0,1054.0,,dotted,null_fill
A3-03,Section 3,3,0.0,1055.0,,dotted,null_fill
A3-03,Section 3,3,0.0,1056.0,,dotted,null_fill
A3-03,Section 3,3,0.0,1057.0,,dotted,null_fill
A3-03,Section 3,3,0.0,1058.0,,dotted,null_fill
A3-03,Section 3,3,0.0,1059.0,,dotted,null_fill
A3-03,Section 3,3,0.0,1060.0,,dotted,null_fill
A3-03,Section 3,3,0.0,1061.0,,dotted,null_fill
A3-03,Section 3,3,0.0,1062.0,,dotted,null_fill
A3-03,Section 3,3,0.0,1063.0,,dotted,null_fill
A3-03,Section 3,3,0.0,1064.0,,dotted,null_fill
A3-03,Section 3,3,0.0,1065.0,,dotted,null_fill
A3-03,Section 3,3,0.0,1066.0,,dotted,null_fill
A3-03,Section 3,3,0.0,1067.0,,dotted,null_fill
A3-03,Section 3,3,0.0,1068.0,,dotted,null_fill
