section_id,label,sort_order,height_m,distance_m,raw_height_m,line_style,value_state
A6-01,Section 1,1,0.0,0.0,,dotted,null_fill
A6-01,Section 1,1,0.0,1.0,,dotted,null_fill
A6-01,Section 1,1,0.0,2.0,,dotted,null_fill
A6-01,Section 1,1,0.0,3.0,,dotted,null_fill
A6-01,Section 1,1,0.0,4.0,,dotted,null_fill
A6-01,Section 1,1,0.0,5.0,,dotted,null_fill
A6-01,Section 1,1,0.0,6.0,,dotted,null_fill
A6-01,Section 1,1,0.0,7.0,,dotted,null_fill
A6-01,Section 1,1,0.0,8.0,,dotted,null_fill
A6-01,Section 1,1,0.0,9.0,,dotted,null_fill
A6-01,Section 1,1,0.0,10.0,,dotted,null_fill
A6-01,Section 1,1,0.0,11.0,,dotted,null_fill
A6-01,Section 1,1,0.0,12.0,,dotted,null_fill
A6-01,Section 1,1,0.0,13.0,,dotted,null_fill
A6-01,Section 1,1,0.0,14.0,,dotted,null_fill
A6-01,Section 1,1,0.0,15.0,,dotted,null_fill
A6-01,Section 1,1,0.0,16.0,,dotted,null_fill
A6-01,Section 1,1,0.0,17.0,,dotted,null_fill
A6-01,Section 1,1,0.0,18.0,,dotted,null_fill
A6-01,Section 1,1,0.0,19.0,,dotted,null_fill
A6-01,Section 1,1,0.0,20.0,,dotted,null_fill
A6-01,Section 1,1,0.0,21.0,,dotted,null_fill
A6-01,Section 1,1,0.0,22.0,,dotted,null_fill
A6-01,Section 1,1,0.0,23.0,,dotted,null_fill
A6-01,Section 1,1,0.0,24.0,,dotted,null_fill
A6-01,Section 1,1,0.0,25.0,,dotted,null_fill
A6-01,Section 1,1,0.0,26.0,,dotted,null_fill
A6-01,Section 1,1,0.0,27.0,,dotted,null_fill
A6-01,Section 1,1,0.0,28.0,,dotted,null_fill
A6-01,Section 1,1,0.0,29.0,,dotted,null_fill
A6-01,Section 1,1,0.0,30.0,,dotted,null_fill
A6-01,Section 1,1,0.0,31.0,,dotted,null_fill
A6-01,Section 1,1,0.0,32.0,,dotted,null_fill
A6-01,Section 1,1,0.0,33.0,,dotted,null_fill
A6-01,Section 1,1,0.0,34.0,,dotted,null_fill
A6-01,Section 1,1,0.0,35.0,,dotted,null_fill
A6-01,Section 1,1,0.0,36.0,,dotted,null_fill
A6-01,Section 1,1,0.0,37.0,,dotted,null_fill
A6-01,Section 1,1,0.0,38.0,,dotted,null_fill
A6-01,Section 1,1,0.0,39.0,,dotted,null_fill
A6-01,Section 1,1,0.0,40.0,,dotted,null_fill
A6-01,Section 1,1,0.0,41.0,,dotted,null_fill
A6-01,Section 1,1,0.0,42.0,,dotted,null_fill
A6-01,Section 1,1,0.0,43.0,,dotted,null_fill
A6-01,Section 1,1,14.083919525146484,44.0,14.083919525146484,solid,sampled
A6-01,Section 1,1,14.107754707336426,45.0,14.107754707336426,solid,sampled
A6-01,Section 1,1,14.116130828857422,46.0,14.116130828857422,solid,sampled
A6-01,Section 1,1,14.162347793579102,47.0,14.162347793579102,solid,sampled
A6-01,Section 1,1,14.177558898925781,48.0,14.177558898925781,solid,sampled
A6-01,Section 1,1,14.212671279907227,49.0,14.212671279907227,solid,sampled
A6-01,Section 1,1,14.06302261352539,50.0,14.06302261352539,solid,sampled
A6-01,Section 1,1,13.959278106689453,51.0,13.959278106689453,solid,sampled
A6-01,Section 1,1,14.747430801391602,52.0,14.747430801391602,solid,sampled
A6-01,Section 1,1,14.67558479309082,53.0,14.67558479309082,solid,sampled
A6-01,Section 1,1,14.767386436462402,54.0,14.767386436462402,solid,sampled
A6-01,Section 1,1,14.119908332824707,55.0,14.119908332824707,solid,sampled
A6-01,Section 1,1,13.976116180419922,56.0,13.976116180419922,solid,sampled
A6-01,Section 1,1,13.594222068786621,57.0,13.594222068786621,solid,sampled
A6-01,Section 1,1,12.85478401184082,58.0,12.85478401184082,solid,sampled
A6-01,Section 1,1,11.729686737060547,59.0,11.729686737060547,solid,sampled
A6-01,Section 1,1,9.951684951782227,60.0,9.951684951782227,solid,sampled
A6-01,Section 1,1,8.255510330200195,61.0,8.255510330200195,solid,sampled
A6-01,Section 1,1,6.723684787750244,62.0,6.723684787750244,solid,sampled
A6-01,Section 1,1,4.633213996887207,63.0,4.633213996887207,solid,sampled
A6-01,Section 1,1,4.335757255554199,64.0,4.335757255554199,solid,sampled
A6-01,Section 1,1,4.1533894538879395,65.0,4.1533894538879395,solid,sampled
A6-01,Section 1,1,4.088000297546387,66.0,4.088000297546387,solid,sampled
A6-01,Section 1,1,3.821934938430786,67.0,3.821934938430786,solid,sampled
A6-01,Section 1,1,3.6218018531799316,68.0,3.6218018531799316,solid,sampled
A6-01,Section 1,1,3.3986668586730957,69.0,3.3986668586730957,solid,sampled
A6-01,Section 1,1,3.2051913738250732,70.0,3.2051913738250732,solid,sampled
A6-01,Section 1,1,3.0273802280426025,71.0,3.0273802280426025,solid,sampled
A6-01,Section 1,1,2.880826711654663,72.0,2.880826711654663,solid,sampled
A6-01,Section 1,1,2.7470993995666504,73.0,2.7470993995666504,solid,sampled
A6-01,Section 1,1,2.6492502689361572,74.0,2.6492502689361572,solid,sampled
A6-01,Section 1,1,2.5237174034118652,75.0,2.5237174034118652,solid,sampled
A6-01,Section 1,1,2.428636312484741,76.0,2.428636312484741,solid,sampled
A6-01,Section 1,1,2.5182108879089355,77.0,2.5182108879089355,solid,sampled
A6-01,Section 1,1,2.4843311309814453,78.0,2.4843311309814453,solid,sampled
A6-01,Section 1,1,2.423966646194458,79.0,2.423966646194458,solid,sampled
A6-01,Section 1,1,2.3581249713897705,80.0,2.3581249713897705,solid,sampled
A6-01,Section 1,1,2.2945852279663086,81.0,2.2945852279663086,solid,sampled
A6-01,Section 1,1,2.205073595046997,82.0,2.205073595046997,solid,sampled
A6-01,Section 1,1,2.1476211547851562,83.0,2.1476211547851562,solid,sampled
A6-01,Section 1,1,2.073725938796997,84.0,2.073725938796997,solid,sampled
A6-01,Section 1,1,2.004122734069824,85.0,2.004122734069824,solid,sampled
A6-01,Section 1,1,1.949563980102539,86.0,1.949563980102539,solid,sampled
A6-01,Section 1,1,1.8662447929382324,87.0,1.8662447929382324,solid,sampled
A6-01,Section 1,1,1.7988243103027344,88.0,1.7988243103027344,solid,sampled
A6-01,Section 1,1,1.7261834144592285,89.0,1.7261834144592285,solid,sampled
A6-01,Section 1,1,1.634927749633789,90.0,1.634927749633789,solid,sampled
A6-01,Section 1,1,1.5702450275421143,91.0,1.5702450275421143,solid,sampled
A6-01,Section 1,1,1.5003716945648193,92.0,1.5003716945648193,solid,sampled
A6-01,Section 1,1,1.4181151390075684,93.0,1.4181151390075684,solid,sampled
A6-01,Section 1,1,1.358110785484314,94.0,1.358110785484314,solid,sampled
A6-01,Section 1,1,1.3256855010986328,95.0,1.3256855010986328,solid,sampled
A6-01,Section 1,1,1.2273764610290527,96.0,1.2273764610290527,solid,sampled
A6-01,Section 1,1,1.1575713157653809,97.0,1.1575713157653809,solid,sampled
A6-01,Section 1,1,1.1135221719741821,98.0,1.1135221719741821,solid,sampled
A6-01,Section 1,1,1.0366175174713135,99.0,1.0366175174713135,solid,sampled
A6-01,Section 1,1,0.9694532752037048,100.0,0.9694532752037048,solid,sampled
A6-01,Section 1,1,0.8729751706123352,101.0,0.8729751706123352,solid,sampled
A6-01,Section 1,1,0.8106870651245117,102.0,0.8106870651245117,solid,sampled
A6-01,Section 1,1,0.7510423064231873,103.0,0.7510423064231873,solid,sampled
A6-01,Section 1,1,0.6757667660713196,104.0,0.6757667660713196,solid,sampled
A6-01,Section 1,1,0.6565808057785034,105.0,0.6565808057785034,solid,sampled
A6-01,Section 1,1,0.5633304119110107,106.0,0.5633304119110107,solid,sampled
A6-01,Section 1,1,0.46013131737709045,107.0,0.46013131737709045,solid,sampled
A6-01,Section 1,1,0.37911587953567505,108.0,0.37911587953567505,solid,sampled
A6-01,Section 1,1,0.31610751152038574,109.0,0.31610751152038574,solid,sampled
A6-01,Section 1,1,0.2604643404483795,110.0,0.2604643404483795,solid,sampled
A6-01,Section 1,1,0.19361230731010437,111.0,0.19361230731010437,solid,sampled
A6-01,Section 1,1,0.1347082555294037,112.0,0.1347082555294037,solid,sampled
A6-01,Section 1,1,0.04695606231689453,113.0,0.04695606231689453,solid,sampled
A6-01,Section 1,1,-0.025028228759765625,114.0,-0.025028228759765625,solid,sampled
A6-01,Section 1,1,-0.09355679154396057,115.0,-0.09355679154396057,solid,sampled
A6-01,Section 1,1,-0.14999601244926453,116.0,-0.14999601244926453,solid,sampled
A6-01,Section 1,1,-0.20464813709259033,117.0,-0.20464813709259033,solid,sampled
A6-01,Section 1,1,-0.2688036561012268,118.0,-0.2688036561012268,solid,sampled
A6-01,Section 1,1,-0.32287636399269104,119.0,-0.32287636399269104,solid,sampled
A6-01,Section 1,1,-0.445507287979126,120.0,-0.445507287979126,solid,sampled
A6-01,Section 1,1,-0.5239858627319336,121.0,-0.5239858627319336,solid,sampled
A6-01,Section 1,1,-0.6519864797592163,122.0,-0.6519864797592163,solid,sampled
A6-01,Section 1,1,-0.7609665393829346,123.0,-0.7609665393829346,solid,sampled
A6-01,Section 1,1,-0.8420085906982422,124.0,-0.8420085906982422,solid,sampled
A6-01,Section 1,1,-0.9316803812980652,125.0,-0.9316803812980652,solid,sampled
A6-01,Section 1,1,-1.0554571151733398,126.0,-1.0554571151733398,solid,sampled
A6-01,Section 1,1,-1.1593894958496094,127.0,-1.1593894958496094,solid,sampled
A6-01,Section 1,1,-1.292047381401062,128.0,-1.292047381401062,solid,sampled
A6-01,Section 1,1,-1.3975111246109009,129.0,-1.3975111246109009,solid,sampled
A6-01,Section 1,1,-1.4996612071990967,130.0,-1.4996612071990967,solid,sampled
A6-01,Section 1,1,-1.607539415359497,131.0,-1.607539415359497,solid,sampled
A6-01,Section 1,1,-1.7210978269577026,132.0,-1.7210978269577026,solid,sampled
A6-01,Section 1,1,-1.808209776878357,133.0,-1.808209776878357,solid,sampled
A6-01,Section 1,1,-1.9417600631713867,134.0,-1.9417600631713867,solid,sampled
A6-01,Section 1,1,-2.0870206356048584,135.0,-2.0870206356048584,solid,sampled
A6-01,Section 1,1,-2.222139358520508,136.0,-2.222139358520508,solid,sampled
A6-01,Section 1,1,-2.3264076709747314,137.0,-2.3264076709747314,solid,sampled
A6-01,Section 1,1,-2.529620409011841,138.0,-2.529620409011841,solid,sampled
A6-01,Section 1,1,-3.0,139.0,-5.078714847564697,solid,water_floor
A6-01,Section 1,1,-3.0,140.0,-21.7099609375,solid,water_floor
A6-01,Section 1,1,-3.0,141.0,-19.312015533447266,solid,water_floor
A6-01,Section 1,1,-3.0,142.0,-21.859207153320312,solid,water_floor
A6-01,Section 1,1,-3.0,143.0,-22.685720443725586,solid,water_floor
A6-01,Section 1,1,-3.0,144.0,-18.257457733154297,solid,water_floor
A6-01,Section 1,1,-3.0,145.0,-27.792194366455078,solid,water_floor
A6-01,Section 1,1,-3.0,146.0,-23.976757049560547,solid,water_floor
A6-01,Section 1,1,-3.0,147.0,-27.629404067993164,solid,water_floor
A6-01,Section 1,1,-3.0,148.0,-30.433406829833984,solid,water_floor
A6-01,Section 1,1,-3.0,149.0,-31.91095542907715,solid,water_floor
A6-01,Section 1,1,-3.0,150.0,-39.98379898071289,solid,water_floor
A6-01,Section 1,1,-3.0,151.0,-37.46086883544922,solid,water_floor
A6-01,Section 1,1,-3.0,152.0,-45.436279296875,solid,water_floor
A6-01,Section 1,1,-3.0,153.0,-44.284645080566406,solid,water_floor
A6-01,Section 1,1,-3.0,154.0,-38.82805633544922,solid,water_floor
A6-01,Section 1,1,-3.0,155.0,-41.281951904296875,solid,water_floor
A6-01,Section 1,1,-3.0,156.0,-41.715248107910156,solid,water_floor
A6-01,Section 1,1,-3.0,157.0,-42.05359649658203,solid,water_floor
A6-01,Section 1,1,-3.0,158.0,-41.48705291748047,solid,water_floor
A6-01,Section 1,1,-3.0,159.0,-40.339447021484375,solid,water_floor
A6-01,Section 1,1,-3.0,160.0,-36.83949279785156,solid,water_floor
A6-01,Section 1,1,-3.0,161.0,-34.106075286865234,solid,water_floor
A6-01,Section 1,1,-3.0,162.0,-39.689273834228516,solid,water_floor
A6-01,Section 1,1,-3.0,163.0,-42.50963592529297,solid,water_floor
A6-01,Section 1,1,-3.0,164.0,-32.44313430786133,solid,water_floor
A6-01,Section 1,1,-3.0,165.0,-35.81531524658203,solid,water_floor
A6-01,Section 1,1,-3.0,166.0,-35.39985656738281,solid,water_floor
A6-01,Section 1,1,-3.0,167.0,-34.01375961303711,solid,water_floor
A6-01,Section 1,1,-3.0,168.0,-30.27535057067871,solid,water_floor
A6-01,Section 1,1,-3.0,169.0,-25.72915267944336,solid,water_floor
A6-01,Section 1,1,-3.0,170.0,-32.497135162353516,solid,water_floor
A6-01,Section 1,1,-3.0,171.0,-30.585548400878906,solid,water_floor
A6-01,Section 1,1,-3.0,172.0,-28.44590950012207,solid,water_floor
A6-01,Section 1,1,-3.0,173.0,-30.507781982421875,solid,water_floor
A6-01,Section 1,1,-3.0,174.0,-22.09219741821289,solid,water_floor
A6-01,Section 1,1,-3.0,175.0,-21.39187240600586,solid,water_floor
A6-01,Section 1,1,-3.0,176.0,-23.266220092773438,solid,water_floor
A6-01,Section 1,1,-3.0,177.0,-8.318583488464355,solid,water_floor
A6-01,Section 1,1,-3.0,178.0,-14.528586387634277,solid,water_floor
A6-01,Section 1,1,-3.0,179.0,-8.583586692810059,solid,water_floor
A6-01,Section 1,1,-3.0,180.0,-4.832858085632324,solid,water_floor
A6-01,Section 1,1,-3.0,181.0,-4.286380290985107,solid,water_floor
A6-01,Section 1,1,-3.0,182.0,-3.4396209716796875,solid,water_floor
A6-01,Section 1,1,-2.650651216506958,183.0,-2.650651216506958,solid,sampled
A6-01,Section 1,1,-2.249006509780884,184.0,-2.249006509780884,solid,sampled
A6-01,Section 1,1,-2.1271543502807617,185.0,-2.1271543502807617,solid,sampled
A6-01,Section 1,1,-2.0551023483276367,186.0,-2.0551023483276367,solid,sampled
A6-01,Section 1,1,-1.9324712753295898,187.0,-1.9324712753295898,solid,sampled
A6-01,Section 1,1,-1.8240618705749512,188.0,-1.8240618705749512,solid,sampled
A6-01,Section 1,1,-1.6872950792312622,189.0,-1.6872950792312622,solid,sampled
A6-01,Section 1,1,-1.5043928623199463,190.0,-1.5043928623199463,solid,sampled
A6-01,Section 1,1,-1.2030251026153564,191.0,-1.2030251026153564,solid,sampled
A6-01,Section 1,1,-0.8515576124191284,192.0,-0.8515576124191284,solid,sampled
A6-01,Section 1,1,-0.5283226370811462,193.0,-0.5283226370811462,solid,sampled
A6-01,Section 1,1,-0.4332791566848755,194.0,-0.4332791566848755,solid,sampled
A6-01,Section 1,1,-0.49482303857803345,195.0,-0.49482303857803345,solid,sampled
A6-01,Section 1,1,-0.49642515182495117,196.0,-0.49642515182495117,solid,sampled
A6-01,Section 1,1,-0.48693132400512695,197.0,-0.48693132400512695,solid,sampled
A6-01,Section 1,1,-0.5436140298843384,198.0,-0.5436140298843384,solid,sampled
A6-01,Section 1,1,-0.37971651554107666,199.0,-0.37971651554107666,solid,sampled
A6-01,Section 1,1,-0.3360900580883026,200.0,-0.3360900580883026,solid,sampled
A6-01,Section 1,1,-0.3449352979660034,201.0,-0.3449352979660034,solid,sampled
A6-01,Section 1,1,-0.36530590057373047,202.0,-0.36530590057373047,solid,sampled
A6-01,Section 1,1,-0.32832300662994385,203.0,-0.32832300662994385,solid,sampled
A6-01,Section 1,1,-0.2977961301803589,204.0,-0.2977961301803589,solid,sampled
A6-01,Section 1,1,-0.26778873801231384,205.0,-0.26778873801231384,solid,sampled
A6-01,Section 1,1,-0.27116915583610535,206.0,-0.27116915583610535,solid,sampled
A6-01,Section 1,1,-0.2645670175552368,207.0,-0.2645670175552368,solid,sampled
A6-01,Section 1,1,-0.25645625591278076,208.0,-0.25645625591278076,solid,sampled
A6-01,Section 1,1,-0.2815113067626953,209.0,-0.2815113067626953,solid,sampled
A6-01,Section 1,1,-0.26462483406066895,210.0,-0.26462483406066895,solid,sampled
A6-01,Section 1,1,-0.3023395538330078,211.0,-0.3023395538330078,solid,sampled
A6-01,Section 1,1,-0.26298582553863525,212.0,-0.26298582553863525,solid,sampled
A6-01,Section 1,1,-0.2415502965450287,213.0,-0.2415502965450287,solid,sampled
A6-01,Section 1,1,-0.26769328117370605,214.0,-0.26769328117370605,solid,sampled
A6-01,Section 1,1,-0.2710909843444824,215.0,-0.2710909843444824,solid,sampled
A6-01,Section 1,1,-0.22565943002700806,216.0,-0.22565943002700806,solid,sampled
A6-01,Section 1,1,-0.2410230040550232,217.0,-0.2410230040550232,solid,sampled
A6-01,Section 1,1,-0.22334277629852295,218.0,-0.22334277629852295,solid,sampled
A6-01,Section 1,1,-0.2475779503583908,219.0,-0.2475779503583908,solid,sampled
A6-01,Section 1,1,-0.27514123916625977,220.0,-0.27514123916625977,solid,sampled
A6-01,Section 1,1,-0.2700348496437073,221.0,-0.2700348496437073,solid,sampled
A6-01,Section 1,1,-0.2190859317779541,222.0,-0.2190859317779541,solid,sampled
A6-01,Section 1,1,-0.2142322063446045,223.0,-0.2142322063446045,solid,sampled
A6-01,Section 1,1,-0.22513383626937866,224.0,-0.22513383626937866,solid,sampled
A6-01,Section 1,1,-0.23206579685211182,225.0,-0.23206579685211182,solid,sampled
A6-01,Section 1,1,-0.22137749195098877,226.0,-0.22137749195098877,solid,sampled
A6-01,Section 1,1,-0.20402291417121887,227.0,-0.20402291417121887,solid,sampled
A6-01,Section 1,1,-0.23717352747917175,228.0,-0.23717352747917175,solid,sampled
A6-01,Section 1,1,-0.3086199164390564,229.0,-0.3086199164390564,solid,sampled
A6-01,Section 1,1,-0.34441614151000977,230.0,-0.34441614151000977,solid,sampled
A6-01,Section 1,1,-0.26633772253990173,231.0,-0.26633772253990173,solid,sampled
A6-01,Section 1,1,-0.12868136167526245,232.0,-0.12868136167526245,solid,sampled
A6-01,Section 1,1,-0.11029568314552307,233.0,-0.11029568314552307,solid,sampled
A6-01,Section 1,1,-0.1633596420288086,234.0,-0.1633596420288086,solid,sampled
A6-01,Section 1,1,-0.18536731600761414,235.0,-0.18536731600761414,solid,sampled
A6-01,Section 1,1,-0.18420815467834473,236.0,-0.18420815467834473,solid,sampled
A6-01,Section 1,1,-0.16465157270431519,237.0,-0.16465157270431519,solid,sampled
A6-01,Section 1,1,-0.14376848936080933,238.0,-0.14376848936080933,solid,sampled
A6-01,Section 1,1,-0.15890733897686005,239.0,-0.15890733897686005,solid,sampled
A6-01,Section 1,1,-0.13990020751953125,240.0,-0.13990020751953125,solid,sampled
A6-01,Section 1,1,-0.14470930397510529,241.0,-0.14470930397510529,solid,sampled
A6-01,Section 1,1,-0.18432670831680298,242.0,-0.18432670831680298,solid,sampled
A6-01,Section 1,1,-0.21561431884765625,243.0,-0.21561431884765625,solid,sampled
A6-01,Section 1,1,-0.25412803888320923,244.0,-0.25412803888320923,solid,sampled
A6-01,Section 1,1,-0.25193822383880615,245.0,-0.25193822383880615,solid,sampled
A6-01,Section 1,1,-0.2516763210296631,246.0,-0.2516763210296631,solid,sampled
A6-01,Section 1,1,-0.21035481989383698,247.0,-0.21035481989383698,solid,sampled
A6-01,Section 1,1,-0.19514507055282593,248.0,-0.19514507055282593,solid,sampled
A6-01,Section 1,1,-0.14681589603424072,249.0,-0.14681589603424072,solid,sampled
A6-01,Section 1,1,-0.12747101485729218,250.0,-0.12747101485729218,solid,sampled
A6-01,Section 1,1,-0.13575968146324158,251.0,-0.13575968146324158,solid,sampled
A6-01,Section 1,1,-0.10144054889678955,252.0,-0.10144054889678955,solid,sampled
A6-01,Section 1,1,-0.1232965886592865,253.0,-0.1232965886592865,solid,sampled
A6-01,Section 1,1,-0.14044325053691864,254.0,-0.14044325053691864,solid,sampled
A6-01,Section 1,1,-0.15085847675800323,255.0,-0.15085847675800323,solid,sampled
A6-01,Section 1,1,-0.14172975718975067,256.0,-0.14172975718975067,solid,sampled
A6-01,Section 1,1,-0.13073167204856873,257.0,-0.13073167204856873,solid,sampled
A6-01,Section 1,1,-0.13015365600585938,258.0,-0.13015365600585938,solid,sampled
A6-01,Section 1,1,-0.11698660254478455,259.0,-0.11698660254478455,solid,sampled
A6-01,Section 1,1,-0.11464446783065796,260.0,-0.11464446783065796,solid,sampled
A6-01,Section 1,1,-0.11692029237747192,261.0,-0.11692029237747192,solid,sampled
A6-01,Section 1,1,-0.1282811164855957,262.0,-0.1282811164855957,solid,sampled
A6-01,Section 1,1,-0.14457324147224426,263.0,-0.14457324147224426,solid,sampled
A6-01,Section 1,1,-0.13805073499679565,264.0,-0.13805073499679565,solid,sampled
A6-01,Section 1,1,-0.13622871041297913,265.0,-0.13622871041297913,solid,sampled
A6-01,Section 1,1,-0.14496789872646332,266.0,-0.14496789872646332,solid,sampled
A6-01,Section 1,1,-0.15819117426872253,267.0,-0.15819117426872253,solid,sampled
A6-01,Section 1,1,-0.16082334518432617,268.0,-0.16082334518432617,solid,sampled
A6-01,Section 1,1,-0.16364555060863495,269.0,-0.16364555060863495,solid,sampled
A6-01,Section 1,1,-0.1663440465927124,270.0,-0.1663440465927124,solid,sampled
A6-01,Section 1,1,-0.17482072114944458,271.0,-0.17482072114944458,solid,sampled
A6-01,Section 1,1,-0.18806350231170654,272.0,-0.18806350231170654,solid,sampled
A6-01,Section 1,1,-0.20102056860923767,273.0,-0.20102056860923767,solid,sampled
A6-01,Section 1,1,-0.20477592945098877,274.0,-0.20477592945098877,solid,sampled
A6-01,Section 1,1,-0.2127208709716797,275.0,-0.2127208709716797,solid,sampled
A6-01,Section 1,1,-0.21763473749160767,276.0,-0.21763473749160767,solid,sampled
A6-01,Section 1,1,-0.18281511962413788,277.0,-0.18281511962413788,solid,sampled
A6-01,Section 1,1,-0.19202330708503723,278.0,-0.19202330708503723,solid,sampled
A6-01,Section 1,1,-0.1863405406475067,279.0,-0.1863405406475067,solid,sampled
A6-01,Section 1,1,-0.17889027297496796,280.0,-0.17889027297496796,solid,sampled
A6-01,Section 1,1,-0.20506548881530762,281.0,-0.20506548881530762,solid,sampled
A6-01,Section 1,1,-0.2957155406475067,282.0,-0.2957155406475067,solid,sampled
A6-01,Section 1,1,-0.3112129867076874,283.0,-0.3112129867076874,solid,sampled
A6-01,Section 1,1,-0.4062105715274811,284.0,-0.4062105715274811,solid,sampled
A6-01,Section 1,1,-0.49304866790771484,285.0,-0.49304866790771484,solid,sampled
A6-01,Section 1,1,-0.43201953172683716,286.0,-0.43201953172683716,solid,sampled
A6-01,Section 1,1,-0.39139679074287415,287.0,-0.39139679074287415,solid,sampled
A6-01,Section 1,1,-0.4667183756828308,288.0,-0.4667183756828308,solid,sampled
A6-01,Section 1,1,-0.499603271484375,289.0,-0.499603271484375,solid,sampled
A6-01,Section 1,1,-0.5749102830886841,290.0,-0.5749102830886841,solid,sampled
A6-01,Section 1,1,-0.6568197011947632,291.0,-0.6568197011947632,solid,sampled
A6-01,Section 1,1,-0.6419121623039246,292.0,-0.6419121623039246,solid,sampled
A6-01,Section 1,1,-0.6329841613769531,293.0,-0.6329841613769531,solid,sampled
A6-01,Section 1,1,-0.6286055445671082,294.0,-0.6286055445671082,solid,sampled
A6-01,Section 1,1,-0.6720873713493347,295.0,-0.6720873713493347,solid,sampled
A6-01,Section 1,1,-0.6711278557777405,296.0,-0.6711278557777405,solid,sampled
A6-01,Section 1,1,-0.691386342048645,297.0,-0.691386342048645,solid,sampled
A6-01,Section 1,1,-0.6986825466156006,298.0,-0.6986825466156006,solid,sampled
A6-01,Section 1,1,-0.6509817838668823,299.0,-0.6509817838668823,solid,sampled
A6-01,Section 1,1,-0.589411735534668,300.0,-0.589411735534668,solid,sampled
A6-01,Section 1,1,-0.5758472681045532,301.0,-0.5758472681045532,solid,sampled
A6-01,Section 1,1,-0.6077828407287598,302.0,-0.6077828407287598,solid,sampled
A6-01,Section 1,1,-0.5471815466880798,303.0,-0.5471815466880798,solid,sampled
A6-01,Section 1,1,-0.4106646180152893,304.0,-0.4106646180152893,solid,sampled
A6-01,Section 1,1,-0.30312639474868774,305.0,-0.30312639474868774,solid,sampled
A6-01,Section 1,1,-0.25792765617370605,306.0,-0.25792765617370605,solid,sampled
A6-01,Section 1,1,-0.35235595703125,307.0,-0.35235595703125,solid,sampled
A6-01,Section 1,1,-0.4344918727874756,308.0,-0.4344918727874756,solid,sampled
A6-01,Section 1,1,-0.3894864320755005,309.0,-0.3894864320755005,solid,sampled
A6-01,Section 1,1,-0.3579148054122925,310.0,-0.3579148054122925,solid,sampled
A6-01,Section 1,1,-0.33277881145477295,311.0,-0.33277881145477295,solid,sampled
A6-01,Section 1,1,-0.34765344858169556,312.0,-0.34765344858169556,solid,sampled
A6-01,Section 1,1,-0.3745865821838379,313.0,-0.3745865821838379,solid,sampled
A6-01,Section 1,1,-0.4797182083129883,314.0,-0.4797182083129883,solid,sampled
A6-01,Section 1,1,-0.6421705484390259,315.0,-0.6421705484390259,solid,sampled
A6-01,Section 1,1,-0.6778050661087036,316.0,-0.6778050661087036,solid,sampled
A6-01,Section 1,1,-0.7204225063323975,317.0,-0.7204225063323975,solid,sampled
A6-01,Section 1,1,-0.7656398415565491,318.0,-0.7656398415565491,solid,sampled
A6-01,Section 1,1,-0.7773419618606567,319.0,-0.7773419618606567,solid,sampled
A6-01,Section 1,1,-0.8057458400726318,320.0,-0.8057458400726318,solid,sampled
A6-01,Section 1,1,-0.8338649272918701,321.0,-0.8338649272918701,solid,sampled
A6-01,Section 1,1,-0.8492717742919922,322.0,-0.8492717742919922,solid,sampled
A6-01,Section 1,1,-0.8651045560836792,323.0,-0.8651045560836792,solid,sampled
A6-01,Section 1,1,-0.8800908327102661,324.0,-0.8800908327102661,solid,sampled
A6-01,Section 1,1,-0.8956896066665649,325.0,-0.8956896066665649,solid,sampled
A6-01,Section 1,1,-0.9161673784255981,326.0,-0.9161673784255981,solid,sampled
A6-01,Section 1,1,-0.9721976518630981,327.0,-0.9721976518630981,solid,sampled
A6-01,Section 1,1,-0.870941162109375,328.0,-0.870941162109375,solid,sampled
A6-01,Section 1,1,-0.8600949645042419,329.0,-0.8600949645042419,solid,sampled
A6-01,Section 1,1,-0.8319195508956909,330.0,-0.8319195508956909,solid,sampled
A6-01,Section 1,1,-0.7893471121788025,331.0,-0.7893471121788025,solid,sampled
A6-01,Section 1,1,-0.7875043749809265,332.0,-0.7875043749809265,solid,sampled
A6-01,Section 1,1,-0.8663397431373596,333.0,-0.8663397431373596,solid,sampled
A6-01,Section 1,1,-0.9800888299942017,334.0,-0.9800888299942017,solid,sampled
A6-01,Section 1,1,-1.124348759651184,335.0,-1.124348759651184,solid,sampled
A6-01,Section 1,1,-1.2669936418533325,336.0,-1.2669936418533325,solid,sampled
A6-01,Section 1,1,-1.3391976356506348,337.0,-1.3391976356506348,solid,sampled
A6-01,Section 1,1,-0.9961167573928833,338.0,-0.9961167573928833,solid,sampled
A6-01,Section 1,1,-0.9667627811431885,339.0,-0.9667627811431885,solid,sampled
A6-01,Section 1,1,-0.9848078489303589,340.0,-0.9848078489303589,solid,sampled
A6-01,Section 1,1,-0.9431172609329224,341.0,-0.9431172609329224,solid,sampled
A6-01,Section 1,1,-0.9356746673583984,342.0,-0.9356746673583984,solid,sampled
A6-01,Section 1,1,-0.9495323300361633,343.0,-0.9495323300361633,solid,sampled
A6-01,Section 1,1,-0.8582088947296143,344.0,-0.8582088947296143,solid,sampled
A6-01,Section 1,1,-0.7854588031768799,345.0,-0.7854588031768799,solid,sampled
A6-01,Section 1,1,-0.8477767705917358,346.0,-0.8477767705917358,solid,sampled
A6-01,Section 1,1,-0.8935356140136719,347.0,-0.8935356140136719,solid,sampled
A6-01,Section 1,1,-0.9512929916381836,348.0,-0.9512929916381836,solid,sampled
A6-01,Section 1,1,-0.8968398571014404,349.0,-0.8968398571014404,solid,sampled
A6-01,Section 1,1,-0.7783469557762146,350.0,-0.7783469557762146,solid,sampled
A6-01,Section 1,1,-0.7067766189575195,351.0,-0.7067766189575195,solid,sampled
A6-01,Section 1,1,-0.7378464937210083,352.0,-0.7378464937210083,solid,sampled
A6-01,Section 1,1,-0.7804017066955566,353.0,-0.7804017066955566,solid,sampled
A6-01,Section 1,1,-0.7790826559066772,354.0,-0.7790826559066772,solid,sampled
A6-01,Section 1,1,-0.6860954761505127,355.0,-0.6860954761505127,solid,sampled
A6-01,Section 1,1,-0.6206728219985962,356.0,-0.6206728219985962,solid,sampled
A6-01,Section 1,1,-0.6017506122589111,357.0,-0.6017506122589111,solid,sampled
A6-01,Section 1,1,-0.6083824038505554,358.0,-0.6083824038505554,solid,sampled
A6-01,Section 1,1,-0.6238460540771484,359.0,-0.6238460540771484,solid,sampled
A6-01,Section 1,1,-0.6371010541915894,360.0,-0.6371010541915894,solid,sampled
A6-01,Section 1,1,-0.6665334701538086,361.0,-0.6665334701538086,solid,sampled
A6-01,Section 1,1,-0.6932637095451355,362.0,-0.6932637095451355,solid,sampled
A6-01,Section 1,1,-0.6690273284912109,363.0,-0.6690273284912109,solid,sampled
A6-01,Section 1,1,-0.6946797370910645,364.0,-0.6946797370910645,solid,sampled
A6-01,Section 1,1,-0.7700697779655457,365.0,-0.7700697779655457,solid,sampled
A6-01,Section 1,1,-0.856149435043335,366.0,-0.856149435043335,solid,sampled
A6-01,Section 1,1,-0.8580653667449951,367.0,-0.8580653667449951,solid,sampled
A6-01,Section 1,1,-0.7914036512374878,368.0,-0.7914036512374878,solid,sampled
A6-01,Section 1,1,-0.7838119268417358,369.0,-0.7838119268417358,solid,sampled
A6-01,Section 1,1,-0.776710033416748,370.0,-0.776710033416748,solid,sampled
A6-01,Section 1,1,-0.7538061141967773,371.0,-0.7538061141967773,solid,sampled
A6-01,Section 1,1,-0.7767947912216187,372.0,-0.7767947912216187,solid,sampled
A6-01,Section 1,1,-0.8272360563278198,373.0,-0.8272360563278198,solid,sampled
A6-01,Section 1,1,-0.8398696184158325,374.0,-0.8398696184158325,solid,sampled
A6-01,Section 1,1,-0.8676410913467407,375.0,-0.8676410913467407,solid,sampled
A6-01,Section 1,1,-0.9077699184417725,376.0,-0.9077699184417725,solid,sampled
A6-01,Section 1,1,-0.9500237703323364,377.0,-0.9500237703323364,solid,sampled
A6-01,Section 1,1,-0.9374565482139587,378.0,-0.9374565482139587,solid,sampled
A6-01,Section 1,1,-0.8813804984092712,379.0,-0.8813804984092712,solid,sampled
A6-01,Section 1,1,-0.8839561939239502,380.0,-0.8839561939239502,solid,sampled
A6-01,Section 1,1,-0.8951923847198486,381.0,-0.8951923847198486,solid,sampled
A6-01,Section 1,1,-0.8898290991783142,382.0,-0.8898290991783142,solid,sampled
A6-01,Section 1,1,-0.8979765176773071,383.0,-0.8979765176773071,solid,sampled
A6-01,Section 1,1,-0.9021165370941162,384.0,-0.9021165370941162,solid,sampled
A6-01,Section 1,1,-0.8943763971328735,385.0,-0.8943763971328735,solid,sampled
A6-01,Section 1,1,-0.8697348833084106,386.0,-0.8697348833084106,solid,sampled
A6-01,Section 1,1,-0.8388829231262207,387.0,-0.8388829231262207,solid,sampled
A6-01,Section 1,1,-0.8062785267829895,388.0,-0.8062785267829895,solid,sampled
A6-01,Section 1,1,-0.7787480354309082,389.0,-0.7787480354309082,solid,sampled
A6-01,Section 1,1,-0.7455765008926392,390.0,-0.7455765008926392,solid,sampled
A6-01,Section 1,1,-0.7537331581115723,391.0,-0.7537331581115723,solid,sampled
A6-01,Section 1,1,-0.7507314682006836,392.0,-0.7507314682006836,solid,sampled
A6-01,Section 1,1,-0.7583636045455933,393.0,-0.7583636045455933,solid,sampled
A6-01,Section 1,1,-0.7827157974243164,394.0,-0.7827157974243164,solid,sampled
A6-01,Section 1,1,-0.8124707937240601,395.0,-0.8124707937240601,solid,sampled
A6-01,Section 1,1,-0.8493671417236328,396.0,-0.8493671417236328,solid,sampled
A6-01,Section 1,1,-0.8660284876823425,397.0,-0.8660284876823425,solid,sampled
A6-01,Section 1,1,-0.8814699053764343,398.0,-0.8814699053764343,solid,sampled
A6-01,Section 1,1,-0.8767333030700684,399.0,-0.8767333030700684,solid,sampled
A6-01,Section 1,1,-0.8809804320335388,400.0,-0.8809804320335388,solid,sampled
A6-01,Section 1,1,-0.8922385573387146,401.0,-0.8922385573387146,solid,sampled
A6-01,Section 1,1,-0.9700921177864075,402.0,-0.9700921177864075,solid,sampled
A6-01,Section 1,1,-1.0648010969161987,403.0,-1.0648010969161987,solid,sampled
A6-01,Section 1,1,-1.1164116859436035,404.0,-1.1164116859436035,solid,sampled
A6-01,Section 1,1,-1.1096339225769043,405.0,-1.1096339225769043,solid,sampled
A6-01,Section 1,1,-1.0863325595855713,406.0,-1.0863325595855713,solid,sampled
A6-01,Section 1,1,-1.0658081769943237,407.0,-1.0658081769943237,solid,sampled
A6-01,Section 1,1,-1.0821573734283447,408.0,-1.0821573734283447,solid,sampled
A6-01,Section 1,1,-1.107617974281311,409.0,-1.107617974281311,solid,sampled
A6-01,Section 1,1,-1.181375503540039,410.0,-1.181375503540039,solid,sampled
A6-01,Section 1,1,-1.2271320819854736,411.0,-1.2271320819854736,solid,sampled
A6-01,Section 1,1,-1.2259812355041504,412.0,-1.2259812355041504,solid,sampled
A6-01,Section 1,1,-1.2761144638061523,413.0,-1.2761144638061523,solid,sampled
A6-01,Section 1,1,-1.2202004194259644,414.0,-1.2202004194259644,solid,sampled
A6-01,Section 1,1,-1.2101606130599976,415.0,-1.2101606130599976,solid,sampled
A6-01,Section 1,1,-1.1610286235809326,416.0,-1.1610286235809326,solid,sampled
A6-01,Section 1,1,-1.126023530960083,417.0,-1.126023530960083,solid,sampled
A6-01,Section 1,1,-1.1142797470092773,418.0,-1.1142797470092773,solid,sampled
A6-01,Section 1,1,-1.0801212787628174,419.0,-1.0801212787628174,solid,sampled
A6-01,Section 1,1,-1.041424036026001,420.0,-1.041424036026001,solid,sampled
A6-01,Section 1,1,-1.0264230966567993,421.0,-1.0264230966567993,solid,sampled
A6-01,Section 1,1,-1.0777404308319092,422.0,-1.0777404308319092,solid,sampled
A6-01,Section 1,1,-1.151505947113037,423.0,-1.151505947113037,solid,sampled
A6-01,Section 1,1,-1.2180200815200806,424.0,-1.2180200815200806,solid,sampled
A6-01,Section 1,1,-1.2629978656768799,425.0,-1.2629978656768799,solid,sampled
A6-01,Section 1,1,-1.2420172691345215,426.0,-1.2420172691345215,solid,sampled
A6-01,Section 1,1,-1.2185964584350586,427.0,-1.2185964584350586,solid,sampled
A6-01,Section 1,1,-1.2111430168151855,428.0,-1.2111430168151855,solid,sampled
A6-01,Section 1,1,-1.170873761177063,429.0,-1.170873761177063,solid,sampled
A6-01,Section 1,1,-1.1279973983764648,430.0,-1.1279973983764648,solid,sampled
A6-01,Section 1,1,-1.114662528038025,431.0,-1.114662528038025,solid,sampled
A6-01,Section 1,1,-1.0853806734085083,432.0,-1.0853806734085083,solid,sampled
A6-01,Section 1,1,-1.0568082332611084,433.0,-1.0568082332611084,solid,sampled
A6-01,Section 1,1,-1.0319161415100098,434.0,-1.0319161415100098,solid,sampled
A6-01,Section 1,1,-1.0212479829788208,435.0,-1.0212479829788208,solid,sampled
A6-01,Section 1,1,-1.0200526714324951,436.0,-1.0200526714324951,solid,sampled
A6-01,Section 1,1,-1.0198938846588135,437.0,-1.0198938846588135,solid,sampled
A6-01,Section 1,1,-0.991577684879303,438.0,-0.991577684879303,solid,sampled
A6-01,Section 1,1,-0.9654967784881592,439.0,-0.9654967784881592,solid,sampled
A6-01,Section 1,1,-0.9868232607841492,440.0,-0.9868232607841492,solid,sampled
A6-01,Section 1,1,-0.964537501335144,441.0,-0.964537501335144,solid,sampled
A6-01,Section 1,1,-0.9590935707092285,442.0,-0.9590935707092285,solid,sampled
A6-01,Section 1,1,-0.9569525122642517,443.0,-0.9569525122642517,solid,sampled
A6-01,Section 1,1,-0.9719414114952087,444.0,-0.9719414114952087,solid,sampled
A6-01,Section 1,1,-0.9703679084777832,445.0,-0.9703679084777832,solid,sampled
A6-01,Section 1,1,-0.9310855865478516,446.0,-0.9310855865478516,solid,sampled
A6-01,Section 1,1,-0.911042332649231,447.0,-0.911042332649231,solid,sampled
A6-01,Section 1,1,-0.8916752338409424,448.0,-0.8916752338409424,solid,sampled
A6-01,Section 1,1,-0.8792179822921753,449.0,-0.8792179822921753,solid,sampled
A6-01,Section 1,1,-0.8723189830780029,450.0,-0.8723189830780029,solid,sampled
A6-01,Section 1,1,-0.8713864684104919,451.0,-0.8713864684104919,solid,sampled
A6-01,Section 1,1,-0.8767988681793213,452.0,-0.8767988681793213,solid,sampled
A6-01,Section 1,1,-0.8821454048156738,453.0,-0.8821454048156738,solid,sampled
A6-01,Section 1,1,-0.8761403560638428,454.0,-0.8761403560638428,solid,sampled
A6-01,Section 1,1,-0.8785591125488281,455.0,-0.8785591125488281,solid,sampled
A6-01,Section 1,1,-0.9385064244270325,456.0,-0.9385064244270325,solid,sampled
A6-01,Section 1,1,-0.9560201168060303,457.0,-0.9560201168060303,solid,sampled
A6-01,Section 1,1,-0.9845247268676758,458.0,-0.9845247268676758,solid,sampled
A6-01,Section 1,1,-1.0309042930603027,459.0,-1.0309042930603027,solid,sampled
A6-01,Section 1,1,-1.0886751413345337,460.0,-1.0886751413345337,solid,sampled
A6-01,Section 1,1,-1.1065528392791748,461.0,-1.1065528392791748,solid,sampled
A6-01,Section 1,1,-1.086780309677124,462.0,-1.086780309677124,solid,sampled
A6-01,Section 1,1,-1.109515905380249,463.0,-1.109515905380249,solid,sampled
A6-01,Section 1,1,-1.1305770874023438,464.0,-1.1305770874023438,solid,sampled
A6-01,Section 1,1,-1.1250746250152588,465.0,-1.1250746250152588,solid,sampled
A6-01,Section 1,1,-1.195550799369812,466.0,-1.195550799369812,solid,sampled
A6-01,Section 1,1,-1.2348814010620117,467.0,-1.2348814010620117,solid,sampled
A6-01,Section 1,1,-1.240236759185791,468.0,-1.240236759185791,solid,sampled
A6-01,Section 1,1,-1.24372398853302,469.0,-1.24372398853302,solid,sampled
A6-01,Section 1,1,-1.270957589149475,470.0,-1.270957589149475,solid,sampled
A6-01,Section 1,1,-1.3010311126708984,471.0,-1.3010311126708984,solid,sampled
A6-01,Section 1,1,-1.3391444683074951,472.0,-1.3391444683074951,solid,sampled
A6-01,Section 1,1,-1.3561651706695557,473.0,-1.3561651706695557,solid,sampled
A6-01,Section 1,1,-1.372689127922058,474.0,-1.372689127922058,solid,sampled
A6-01,Section 1,1,-1.398413896560669,475.0,-1.398413896560669,solid,sampled
A6-01,Section 1,1,-1.4344840049743652,476.0,-1.4344840049743652,solid,sampled
A6-01,Section 1,1,-1.45976984500885,477.0,-1.45976984500885,solid,sampled
A6-01,Section 1,1,-1.4764018058776855,478.0,-1.4764018058776855,solid,sampled
A6-01,Section 1,1,-1.5143988132476807,479.0,-1.5143988132476807,solid,sampled
A6-01,Section 1,1,-1.5105814933776855,480.0,-1.5105814933776855,solid,sampled
A6-01,Section 1,1,-1.421290636062622,481.0,-1.421290636062622,solid,sampled
A6-01,Section 1,1,-1.3979945182800293,482.0,-1.3979945182800293,solid,sampled
A6-01,Section 1,1,-1.403684377670288,483.0,-1.403684377670288,solid,sampled
A6-01,Section 1,1,-1.419677972793579,484.0,-1.419677972793579,solid,sampled
A6-01,Section 1,1,-1.4027915000915527,485.0,-1.4027915000915527,solid,sampled
A6-01,Section 1,1,-1.4300986528396606,486.0,-1.4300986528396606,solid,sampled
A6-01,Section 1,1,-1.4639062881469727,487.0,-1.4639062881469727,solid,sampled
A6-01,Section 1,1,-1.51274836063385,488.0,-1.51274836063385,solid,sampled
A6-01,Section 1,1,-1.5806978940963745,489.0,-1.5806978940963745,solid,sampled
A6-01,Section 1,1,-1.6537624597549438,490.0,-1.6537624597549438,solid,sampled
A6-01,Section 1,1,-1.7293815612792969,491.0,-1.7293815612792969,solid,sampled
A6-01,Section 1,1,-1.6533935070037842,492.0,-1.6533935070037842,solid,sampled
A6-01,Section 1,1,-1.6276729106903076,493.0,-1.6276729106903076,solid,sampled
A6-01,Section 1,1,-1.5685806274414062,494.0,-1.5685806274414062,solid,sampled
A6-01,Section 1,1,-1.5570274591445923,495.0,-1.5570274591445923,solid,sampled
A6-01,Section 1,1,-1.554874300956726,496.0,-1.554874300956726,solid,sampled
A6-01,Section 1,1,-1.5446032285690308,497.0,-1.5446032285690308,solid,sampled
A6-01,Section 1,1,-1.5470378398895264,498.0,-1.5470378398895264,solid,sampled
A6-01,Section 1,1,-1.5662065744400024,499.0,-1.5662065744400024,solid,sampled
A6-01,Section 1,1,-1.6085515022277832,500.0,-1.6085515022277832,solid,sampled
A6-01,Section 1,1,-1.6361393928527832,501.0,-1.6361393928527832,solid,sampled
A6-01,Section 1,1,-1.6778225898742676,502.0,-1.6778225898742676,solid,sampled
A6-01,Section 1,1,-1.7073793411254883,503.0,-1.7073793411254883,solid,sampled
A6-01,Section 1,1,-1.7346558570861816,504.0,-1.7346558570861816,solid,sampled
A6-01,Section 1,1,-1.7603108882904053,505.0,-1.7603108882904053,solid,sampled
A6-01,Section 1,1,-1.778317928314209,506.0,-1.778317928314209,solid,sampled
A6-01,Section 1,1,-1.8016695976257324,507.0,-1.8016695976257324,solid,sampled
A6-01,Section 1,1,-1.8234583139419556,508.0,-1.8234583139419556,solid,sampled
A6-01,Section 1,1,-1.870435118675232,509.0,-1.870435118675232,solid,sampled
A6-01,Section 1,1,-1.886892557144165,510.0,-1.886892557144165,solid,sampled
A6-01,Section 1,1,-1.8952012062072754,511.0,-1.8952012062072754,solid,sampled
A6-01,Section 1,1,-1.8596664667129517,512.0,-1.8596664667129517,solid,sampled
A6-01,Section 1,1,-1.8392817974090576,513.0,-1.8392817974090576,solid,sampled
A6-01,Section 1,1,-1.8732799291610718,514.0,-1.8732799291610718,solid,sampled
A6-01,Section 1,1,-1.938321590423584,515.0,-1.938321590423584,solid,sampled
A6-01,Section 1,1,-1.989224910736084,516.0,-1.989224910736084,solid,sampled
A6-01,Section 1,1,-1.9239425659179688,517.0,-1.9239425659179688,solid,sampled
A6-01,Section 1,1,-1.8856667280197144,518.0,-1.8856667280197144,solid,sampled
A6-01,Section 1,1,-1.8289766311645508,519.0,-1.8289766311645508,solid,sampled
A6-01,Section 1,1,-1.8040868043899536,520.0,-1.8040868043899536,solid,sampled
A6-01,Section 1,1,-1.83758544921875,521.0,-1.83758544921875,solid,sampled
A6-01,Section 1,1,-1.9157345294952393,522.0,-1.9157345294952393,solid,sampled
A6-01,Section 1,1,-1.9143390655517578,523.0,-1.9143390655517578,solid,sampled
A6-01,Section 1,1,-1.9078853130340576,524.0,-1.9078853130340576,solid,sampled
A6-01,Section 1,1,-1.9725687503814697,525.0,-1.9725687503814697,solid,sampled
A6-01,Section 1,1,-2.023184299468994,526.0,-2.023184299468994,solid,sampled
A6-01,Section 1,1,-2.009644031524658,527.0,-2.009644031524658,solid,sampled
A6-01,Section 1,1,-1.8814764022827148,528.0,-1.8814764022827148,solid,sampled
A6-01,Section 1,1,-1.8353158235549927,529.0,-1.8353158235549927,solid,sampled
A6-01,Section 1,1,-1.9773069620132446,530.0,-1.9773069620132446,solid,sampled
A6-01,Section 1,1,-2.0440077781677246,531.0,-2.0440077781677246,solid,sampled
A6-01,Section 1,1,-2.0356428623199463,532.0,-2.0356428623199463,solid,sampled
A6-01,Section 1,1,-2.029074192047119,533.0,-2.029074192047119,solid,sampled
A6-01,Section 1,1,-2.003481149673462,534.0,-2.003481149673462,solid,sampled
A6-01,Section 1,1,-1.968876600265503,535.0,-1.968876600265503,solid,sampled
A6-01,Section 1,1,-1.9462389945983887,536.0,-1.9462389945983887,solid,sampled
A6-01,Section 1,1,-2.130765199661255,537.0,-2.130765199661255,solid,sampled
A6-01,Section 1,1,-2.140739679336548,538.0,-2.140739679336548,solid,sampled
A6-01,Section 1,1,-2.1320137977600098,539.0,-2.1320137977600098,solid,sampled
A6-01,Section 1,1,-2.099849224090576,540.0,-2.099849224090576,solid,sampled
A6-01,Section 1,1,-2.083277463912964,541.0,-2.083277463912964,solid,sampled
A6-01,Section 1,1,-2.085792064666748,542.0,-2.085792064666748,solid,sampled
A6-01,Section 1,1,-2.116353750228882,543.0,-2.116353750228882,solid,sampled
A6-01,Section 1,1,-2.0547077655792236,544.0,-2.0547077655792236,solid,sampled
A6-01,Section 1,1,-2.221623182296753,545.0,-2.221623182296753,solid,sampled
A6-01,Section 1,1,-2.3122200965881348,546.0,-2.3122200965881348,solid,sampled
A6-01,Section 1,1,-2.279019355773926,547.0,-2.279019355773926,solid,sampled
A6-01,Section 1,1,-2.2128517627716064,548.0,-2.2128517627716064,solid,sampled
A6-01,Section 1,1,-2.2671382427215576,549.0,-2.2671382427215576,solid,sampled
A6-01,Section 1,1,-2.5098514556884766,550.0,-2.5098514556884766,solid,sampled
A6-01,Section 1,1,-2.5909359455108643,551.0,-2.5909359455108643,solid,sampled
A6-01,Section 1,1,-2.9136533737182617,552.0,-2.9136533737182617,solid,sampled
A6-01,Section 1,1,-2.6381003856658936,553.0,-2.6381003856658936,solid,sampled
A6-01,Section 1,1,-2.5223100185394287,554.0,-2.5223100185394287,solid,sampled
A6-01,Section 1,1,-2.4855270385742188,555.0,-2.4855270385742188,solid,sampled
A6-01,Section 1,1,-2.6647980213165283,556.0,-2.6647980213165283,solid,sampled
A6-01,Section 1,1,-2.4895622730255127,557.0,-2.4895622730255127,solid,sampled
A6-01,Section 1,1,-2.563758611679077,558.0,-2.563758611679077,solid,sampled
A6-01,Section 1,1,-2.6085524559020996,559.0,-2.6085524559020996,solid,sampled
A6-01,Section 1,1,-2.4816997051239014,560.0,-2.4816997051239014,solid,sampled
A6-01,Section 1,1,-2.386078357696533,561.0,-2.386078357696533,solid,sampled
A6-01,Section 1,1,-2.357600212097168,562.0,-2.357600212097168,solid,sampled
A6-01,Section 1,1,-2.522608995437622,563.0,-2.522608995437622,solid,sampled
A6-01,Section 1,1,-2.900906562805176,564.0,-2.900906562805176,solid,sampled
A6-01,Section 1,1,-3.0,565.0,-4.357934474945068,solid,water_floor
A6-01,Section 1,1,-3.0,566.0,-5.524067401885986,solid,water_floor
A6-01,Section 1,1,-3.0,567.0,-5.245182037353516,solid,water_floor
A6-01,Section 1,1,-3.0,568.0,-5.86411190032959,solid,water_floor
A6-01,Section 1,1,-3.0,569.0,-6.336010456085205,solid,water_floor
A6-01,Section 1,1,-3.0,570.0,-3.031405448913574,solid,water_floor
A6-01,Section 1,1,-3.0,571.0,-4.612579345703125,solid,water_floor
A6-01,Section 1,1,-3.0,572.0,-25.8327579498291,solid,water_floor
A6-01,Section 1,1,-3.0,573.0,-30.14289665222168,solid,water_floor
A6-01,Section 1,1,-3.0,574.0,-25.879013061523438,solid,water_floor
A6-01,Section 1,1,-3.0,575.0,-24.899368286132812,solid,water_floor
A6-01,Section 1,1,-3.0,576.0,-35.39181137084961,solid,water_floor
A6-01,Section 1,1,-3.0,577.0,-40.633583068847656,solid,water_floor
A6-01,Section 1,1,-3.0,578.0,-39.55534362792969,solid,water_floor
A6-01,Section 1,1,-3.0,579.0,-39.25555419921875,solid,water_floor
A6-01,Section 1,1,-3.0,580.0,-42.68585205078125,solid,water_floor
A6-01,Section 1,1,-3.0,581.0,-38.925968170166016,solid,water_floor
A6-01,Section 1,1,-3.0,582.0,-36.46586227416992,solid,water_floor
A6-01,Section 1,1,-3.0,583.0,-44.16883087158203,solid,water_floor
A6-01,Section 1,1,-3.0,584.0,-42.9195671081543,solid,water_floor
A6-01,Section 1,1,-3.0,585.0,-40.027503967285156,solid,water_floor
A6-01,Section 1,1,-3.0,586.0,-45.8426628112793,solid,water_floor
A6-01,Section 1,1,-3.0,587.0,-43.65315628051758,solid,water_floor
A6-01,Section 1,1,-3.0,588.0,-51.5839729309082,solid,water_floor
A6-01,Section 1,1,-3.0,589.0,-48.517208099365234,solid,water_floor
A6-01,Section 1,1,-3.0,590.0,-50.88557434082031,solid,water_floor
A6-01,Section 1,1,-3.0,591.0,-50.048377990722656,solid,water_floor
A6-01,Section 1,1,-3.0,592.0,-45.70441818237305,solid,water_floor
A6-01,Section 1,1,-3.0,593.0,-51.97264099121094,solid,water_floor
A6-01,Section 1,1,-3.0,594.0,-53.532432556152344,solid,water_floor
A6-01,Section 1,1,-3.0,595.0,-59.40431213378906,solid,water_floor
A6-01,Section 1,1,-3.0,596.0,-59.438262939453125,solid,water_floor
A6-01,Section 1,1,-3.0,597.0,-59.61953353881836,solid,water_floor
A6-01,Section 1,1,-3.0,598.0,-59.038856506347656,solid,water_floor
A6-01,Section 1,1,-3.0,599.0,-61.539794921875,solid,water_floor
A6-01,Section 1,1,-3.0,600.0,-59.64579391479492,solid,water_floor
A6-01,Section 1,1,-3.0,601.0,-60.84902572631836,solid,water_floor
A6-01,Section 1,1,-3.0,602.0,-58.104942321777344,solid,water_floor
A6-01,Section 1,1,-3.0,603.0,-58.18667221069336,solid,water_floor
A6-01,Section 1,1,-3.0,604.0,-58.54555130004883,solid,water_floor
A6-01,Section 1,1,-3.0,605.0,-56.1037712097168,solid,water_floor
A6-01,Section 1,1,-3.0,606.0,-55.75719451904297,solid,water_floor
A6-01,Section 1,1,-3.0,607.0,-56.05605697631836,solid,water_floor
A6-01,Section 1,1,-3.0,608.0,-54.382266998291016,solid,water_floor
A6-01,Section 1,1,-3.0,609.0,-54.513031005859375,solid,water_floor
A6-01,Section 1,1,-3.0,610.0,-50.089473724365234,solid,water_floor
A6-01,Section 1,1,-3.0,611.0,-66.76066589355469,solid,water_floor
A6-01,Section 1,1,-3.0,612.0,-55.0255241394043,solid,water_floor
A6-01,Section 1,1,-3.0,613.0,-40.32586669921875,solid,water_floor
A6-01,Section 1,1,-3.0,614.0,-3.800615072250366,solid,water_floor
A6-01,Section 1,1,-3.0,615.0,-8.413392066955566,solid,water_floor
A6-01,Section 1,1,-3.0,616.0,-4.890955448150635,solid,water_floor
A6-01,Section 1,1,-3.0,617.0,-4.772200584411621,solid,water_floor
A6-01,Section 1,1,-3.0,618.0,-4.70358943939209,solid,water_floor
A6-01,Section 1,1,-3.0,619.0,-30.366363525390625,solid,water_floor
A6-01,Section 1,1,-3.0,620.0,-12.858919143676758,solid,water_floor
A6-01,Section 1,1,-3.0,621.0,-16.685916900634766,solid,water_floor
A6-01,Section 1,1,-3.0,622.0,-18.627758026123047,solid,water_floor
A6-01,Section 1,1,-3.0,623.0,-21.933414459228516,solid,water_floor
A6-01,Section 1,1,-3.0,624.0,-30.55467414855957,solid,water_floor
A6-01,Section 1,1,-3.0,625.0,-40.046756744384766,solid,water_floor
A6-01,Section 1,1,-3.0,626.0,-42.58319091796875,solid,water_floor
A6-01,Section 1,1,-3.0,627.0,-33.38935089111328,solid,water_floor
A6-01,Section 1,1,-3.0,628.0,-37.90748596191406,solid,water_floor
A6-01,Section 1,1,-3.0,629.0,-38.0489501953125,solid,water_floor
A6-01,Section 1,1,-3.0,630.0,-33.51873016357422,solid,water_floor
A6-01,Section 1,1,-3.0,631.0,-36.77833938598633,solid,water_floor
A6-01,Section 1,1,-3.0,632.0,-30.53418731689453,solid,water_floor
A6-01,Section 1,1,-3.0,633.0,-31.85360336303711,solid,water_floor
A6-01,Section 1,1,-3.0,634.0,-41.664615631103516,solid,water_floor
A6-01,Section 1,1,-3.0,635.0,-44.48838424682617,solid,water_floor
A6-01,Section 1,1,-3.0,636.0,-43.12200927734375,solid,water_floor
A6-01,Section 1,1,-3.0,637.0,-46.504817962646484,solid,water_floor
A6-01,Section 1,1,-3.0,638.0,-39.44137191772461,solid,water_floor
A6-01,Section 1,1,-3.0,639.0,-39.10846710205078,solid,water_floor
A6-01,Section 1,1,-3.0,640.0,-37.892662048339844,solid,water_floor
A6-01,Section 1,1,-3.0,641.0,-26.034584045410156,solid,water_floor
A6-01,Section 1,1,-3.0,642.0,-35.87154769897461,solid,water_floor
A6-01,Section 1,1,-3.0,643.0,-36.14243698120117,solid,water_floor
A6-01,Section 1,1,-3.0,644.0,-25.65424919128418,solid,water_floor
A6-01,Section 1,1,-3.0,645.0,-30.8048095703125,solid,water_floor
A6-01,Section 1,1,-3.0,646.0,-35.09659957885742,solid,water_floor
A6-01,Section 1,1,-3.0,647.0,-30.123489379882812,solid,water_floor
A6-01,Section 1,1,-3.0,648.0,-23.357709884643555,solid,water_floor
A6-01,Section 1,1,-3.0,649.0,-20.298988342285156,solid,water_floor
A6-01,Section 1,1,-3.0,650.0,-16.07740592956543,solid,water_floor
A6-01,Section 1,1,-3.0,651.0,-17.32551383972168,solid,water_floor
A6-01,Section 1,1,-3.0,652.0,-8.147130966186523,solid,water_floor
A6-01,Section 1,1,-3.0,653.0,-21.7844181060791,solid,water_floor
A6-01,Section 1,1,-3.0,654.0,-16.075756072998047,solid,water_floor
A6-01,Section 1,1,-3.0,655.0,-14.09786605834961,solid,water_floor
A6-01,Section 1,1,-3.0,656.0,-12.023035049438477,solid,water_floor
A6-01,Section 1,1,-3.0,657.0,-14.529467582702637,solid,water_floor
A6-01,Section 1,1,-3.0,658.0,-5.029362678527832,solid,water_floor
A6-01,Section 1,1,-3.0,659.0,-3.432194709777832,solid,water_floor
A6-01,Section 1,1,-2.6699986457824707,660.0,-2.6699986457824707,solid,sampled
A6-01,Section 1,1,-1.656735897064209,661.0,-1.656735897064209,solid,sampled
A6-01,Section 1,1,-1.5920093059539795,662.0,-1.5920093059539795,solid,sampled
A6-01,Section 1,1,-1.7083688974380493,663.0,-1.7083688974380493,solid,sampled
A6-01,Section 1,1,-2.1156609058380127,664.0,-2.1156609058380127,solid,sampled
A6-01,Section 1,1,-1.9756720066070557,665.0,-1.9756720066070557,solid,sampled
A6-01,Section 1,1,-1.8644304275512695,666.0,-1.8644304275512695,solid,sampled
A6-01,Section 1,1,-1.0905704498291016,667.0,-1.0905704498291016,solid,sampled
A6-01,Section 1,1,-0.9321212768554688,668.0,-0.9321212768554688,solid,sampled
A6-01,Section 1,1,-1.6344761848449707,669.0,-1.6344761848449707,solid,sampled
A6-01,Section 1,1,-1.5238263607025146,670.0,-1.5238263607025146,solid,sampled
A6-01,Section 1,1,-1.4409422874450684,671.0,-1.4409422874450684,solid,sampled
A6-01,Section 1,1,-1.331093668937683,672.0,-1.331093668937683,solid,sampled
A6-01,Section 1,1,-1.1632392406463623,673.0,-1.1632392406463623,solid,sampled
A6-01,Section 1,1,-0.7419145107269287,674.0,-0.7419145107269287,solid,sampled
A6-01,Section 1,1,-0.6530841588973999,675.0,-0.6530841588973999,solid,sampled
A6-01,Section 1,1,-1.082991600036621,676.0,-1.082991600036621,solid,sampled
A6-01,Section 1,1,-0.9871313571929932,677.0,-0.9871313571929932,solid,sampled
A6-01,Section 1,1,-0.8684432506561279,678.0,-0.8684432506561279,solid,sampled
A6-01,Section 1,1,-0.37152785062789917,679.0,-0.37152785062789917,solid,sampled
A6-01,Section 1,1,-0.2792045772075653,680.0,-0.2792045772075653,solid,sampled
A6-01,Section 1,1,-0.7407135963439941,681.0,-0.7407135963439941,solid,sampled
A6-01,Section 1,1,-0.7982819080352783,682.0,-0.7982819080352783,solid,sampled
A6-01,Section 1,1,-0.7970723509788513,683.0,-0.7970723509788513,solid,sampled
A6-01,Section 1,1,-0.797128438949585,684.0,-0.797128438949585,solid,sampled
A6-01,Section 1,1,-0.7023953199386597,685.0,-0.7023953199386597,solid,sampled
A6-01,Section 1,1,-0.6655223369598389,686.0,-0.6655223369598389,solid,sampled
A6-01,Section 1,1,-0.6882181167602539,687.0,-0.6882181167602539,solid,sampled
A6-01,Section 1,1,-0.6816734075546265,688.0,-0.6816734075546265,solid,sampled
A6-01,Section 1,1,-0.6775614023208618,689.0,-0.6775614023208618,solid,sampled
A6-01,Section 1,1,-0.669736385345459,690.0,-0.669736385345459,solid,sampled
A6-01,Section 1,1,-0.6556113958358765,691.0,-0.6556113958358765,solid,sampled
A6-01,Section 1,1,-0.658128023147583,692.0,-0.658128023147583,solid,sampled
A6-01,Section 1,1,-0.6543974876403809,693.0,-0.6543974876403809,solid,sampled
A6-01,Section 1,1,-0.6256325244903564,694.0,-0.6256325244903564,solid,sampled
A6-01,Section 1,1,-0.5905253887176514,695.0,-0.5905253887176514,solid,sampled
A6-01,Section 1,1,-0.5587964057922363,696.0,-0.5587964057922363,solid,sampled
A6-01,Section 1,1,-0.512527585029602,697.0,-0.512527585029602,solid,sampled
A6-01,Section 1,1,-0.48174524307250977,698.0,-0.48174524307250977,solid,sampled
A6-01,Section 1,1,-0.44612082839012146,699.0,-0.44612082839012146,solid,sampled
A6-01,Section 1,1,-0.38619542121887207,700.0,-0.38619542121887207,solid,sampled
A6-01,Section 1,1,-0.30664265155792236,701.0,-0.30664265155792236,solid,sampled
A6-01,Section 1,1,-0.25189879536628723,702.0,-0.25189879536628723,solid,sampled
A6-01,Section 1,1,-0.1755778193473816,703.0,-0.1755778193473816,solid,sampled
A6-01,Section 1,1,-0.10000002384185791,704.0,-0.10000002384185791,solid,sampled
A6-01,Section 1,1,0.050586313009262085,705.0,0.050586313009262085,solid,sampled
A6-01,Section 1,1,0.08277416229248047,706.0,0.08277416229248047,solid,sampled
A6-01,Section 1,1,0.14003288745880127,707.0,0.14003288745880127,solid,sampled
A6-01,Section 1,1,0.18060298264026642,708.0,0.18060298264026642,solid,sampled
A6-01,Section 1,1,0.25912711024284363,709.0,0.25912711024284363,solid,sampled
A6-01,Section 1,1,0.3312690854072571,710.0,0.3312690854072571,solid,sampled
A6-01,Section 1,1,0.3937714695930481,711.0,0.3937714695930481,solid,sampled
A6-01,Section 1,1,0.47584542632102966,712.0,0.47584542632102966,solid,sampled
A6-01,Section 1,1,0.5411314964294434,713.0,0.5411314964294434,solid,sampled
A6-01,Section 1,1,0.6066380739212036,714.0,0.6066380739212036,solid,sampled
A6-01,Section 1,1,0.6875753402709961,715.0,0.6875753402709961,solid,sampled
A6-01,Section 1,1,0.718971848487854,716.0,0.718971848487854,solid,sampled
A6-01,Section 1,1,0.8300952911376953,717.0,0.8300952911376953,solid,sampled
A6-01,Section 1,1,1.1745632886886597,718.0,1.1745632886886597,solid,sampled
A6-01,Section 1,1,1.457020878791809,719.0,1.457020878791809,solid,sampled
A6-01,Section 1,1,1.6299026012420654,720.0,1.6299026012420654,solid,sampled
A6-01,Section 1,1,1.5113954544067383,721.0,1.5113954544067383,solid,sampled
A6-01,Section 1,1,1.9082386493682861,722.0,1.9082386493682861,solid,sampled
A6-01,Section 1,1,2.1207940578460693,723.0,2.1207940578460693,solid,sampled
A6-01,Section 1,1,2.017915964126587,724.0,2.017915964126587,solid,sampled
A6-01,Section 1,1,1.7723729610443115,725.0,1.7723729610443115,solid,sampled
A6-01,Section 1,1,1.8082225322723389,726.0,1.8082225322723389,solid,sampled
A6-01,Section 1,1,1.8222136497497559,727.0,1.8222136497497559,solid,sampled
A6-01,Section 1,1,1.8015148639678955,728.0,1.8015148639678955,solid,sampled
A6-01,Section 1,1,1.8293324708938599,729.0,1.8293324708938599,solid,sampled
A6-01,Section 1,1,1.888475775718689,730.0,1.888475775718689,solid,sampled
A6-01,Section 1,1,1.943033218383789,731.0,1.943033218383789,solid,sampled
A6-01,Section 1,1,2.0070207118988037,732.0,2.0070207118988037,solid,sampled
A6-01,Section 1,1,2.066121816635132,733.0,2.066121816635132,solid,sampled
A6-01,Section 1,1,2.0803918838500977,734.0,2.0803918838500977,solid,sampled
A6-01,Section 1,1,2.127101182937622,735.0,2.127101182937622,solid,sampled
A6-01,Section 1,1,2.159726142883301,736.0,2.159726142883301,solid,sampled
A6-01,Section 1,1,2.2922022342681885,737.0,2.2922022342681885,solid,sampled
A6-01,Section 1,1,2.33262300491333,738.0,2.33262300491333,solid,sampled
A6-01,Section 1,1,2.40716552734375,739.0,2.40716552734375,solid,sampled
A6-01,Section 1,1,2.445286512374878,740.0,2.445286512374878,solid,sampled
A6-01,Section 1,1,2.5288331508636475,741.0,2.5288331508636475,solid,sampled
A6-01,Section 1,1,2.631880283355713,742.0,2.631880283355713,solid,sampled
A6-01,Section 1,1,2.8126049041748047,743.0,2.8126049041748047,solid,sampled
A6-01,Section 1,1,3.4168238639831543,744.0,3.4168238639831543,solid,sampled
A6-01,Section 1,1,6.773386001586914,745.0,6.773386001586914,solid,sampled
A6-01,Section 1,1,7.948441028594971,746.0,7.948441028594971,solid,sampled
A6-01,Section 1,1,8.939840316772461,747.0,8.939840316772461,solid,sampled
A6-01,Section 1,1,9.803297996520996,748.0,9.803297996520996,solid,sampled
A6-01,Section 1,1,10.754831314086914,749.0,10.754831314086914,solid,sampled
A6-01,Section 1,1,0.0,750.0,,dotted,null_fill
A6-01,Section 1,1,0.0,751.0,,dotted,null_fill
A6-01,Section 1,1,0.0,752.0,,dotted,null_fill
A6-01,Section 1,1,0.0,753.0,,dotted,null_fill
A6-01,Section 1,1,0.0,754.0,,dotted,null_fill
A6-01,Section 1,1,0.0,755.0,,dotted,null_fill
A6-01,Section 1,1,0.0,756.0,,dotted,null_fill
A6-01,Section 1,1,0.0,757.0,,dotted,null_fill
A6-01,Section 1,1,0.0,758.0,,dotted,null_fill
A6-01,Section 1,1,0.0,759.0,,dotted,null_fill
A6-01,Section 1,1,0.0,760.0,,dotted,null_fill
A6-01,Section 1,1,0.0,761.0,,dotted,null_fill
A6-01,Section 1,1,0.0,762.0,,dotted,null_fill
A6-01,Section 1,1,0.0,763.0,,dotted,null_fill
A6-01,Section 1,1,0.0,764.0,,dotted,null_fill
A6-01,Section 1,1,0.0,765.0,,dotted,null_fill
A6-01,Section 1,1,0.0,766.0,,dotted,null_fill
A6-01,Section 1,1,0.0,767.0,,dotted,null_fill
A6-01,Section 1,1,0.0,768.0,,dotted,null_fill
A6-01,Section 1,1,0.0,769.0,,dotted,null_fill
A6-01,Section 1,1,0.0,770.0,,dotted,null_fill
A6-01,Section 1,1,0.0,771.0,,dotted,null_fill
A6-01,Section 1,1,0.0,772.0,,dotted,null_fill
A6-01,Section 1,1,0.0,773.0,,dotted,null_fill
A6-01,Section 1,1,0.0,774.0,,dotted,null_fill
A6-01,Section 1,1,0.0,775.0,,dotted,null_fill
A6-01,Section 1,1,0.0,776.0,,dotted,null_fill
A6-01,Section 1,1,0.0,777.0,,dotted,null_fill
A6-01,Section 1,1,0.0,778.0,,dotted,null_fill
A6-01,Section 1,1,0.0,779.0,,dotted,null_fill
A6-01,Section 1,1,0.0,780.0,,dotted,null_fill
A6-01,Section 1,1,0.0,781.0,,dotted,null_fill
A6-01,Section 1,1,0.0,782.0,,dotted,null_fill
A6-01,Section 1,1,0.0,783.0,,dotted,null_fill
A6-01,Section 1,1,0.0,784.0,,dotted,null_fill
A6-01,Section 1,1,0.0,785.0,,dotted,null_fill
A6-01,Section 1,1,0.0,786.0,,dotted,null_fill
A6-01,Section 1,1,0.0,787.0,,dotted,null_fill
A6-01,Section 1,1,0.0,788.0,,dotted,null_fill
A6-01,Section 1,1,0.0,789.0,,dotted,null_fill
A6-01,Section 1,1,0.0,790.0,,dotted,null_fill
A6-01,Section 1,1,0.0,791.0,,dotted,null_fill
A6-01,Section 1,1,0.0,792.0,,dotted,null_fill
A6-01,Section 1,1,0.0,793.0,,dotted,null_fill
A6-01,Section 1,1,0.0,794.0,,dotted,null_fill
A6-01,Section 1,1,0.0,795.0,,dotted,null_fill
A6-01,Section 1,1,0.0,796.0,,dotted,null_fill
A6-01,Section 1,1,0.0,797.0,,dotted,null_fill
A6-01,Section 1,1,0.0,798.0,,dotted,null_fill
A6-01,Section 1,1,0.0,799.0,,dotted,null_fill
A6-01,Section 1,1,0.0,800.0,,dotted,null_fill
A6-01,Section 1,1,0.0,801.0,,dotted,null_fill
A6-01,Section 1,1,0.0,802.0,,dotted,null_fill
A6-01,Section 1,1,0.0,803.0,,dotted,null_fill
A6-01,Section 1,1,0.0,804.0,,dotted,null_fill
A6-02,Section 2,2,0.0,0.0,,dotted,null_fill
A6-02,Section 2,2,0.0,1.0,,dotted,null_fill
A6-02,Section 2,2,0.0,2.0,,dotted,null_fill
A6-02,Section 2,2,0.0,3.0,,dotted,null_fill
A6-02,Section 2,2,0.0,4.0,,dotted,null_fill
A6-02,Section 2,2,0.0,5.0,,dotted,null_fill
A6-02,Section 2,2,0.0,6.0,,dotted,null_fill
A6-02,Section 2,2,0.0,7.0,,dotted,null_fill
A6-02,Section 2,2,0.0,8.0,,dotted,null_fill
A6-02,Section 2,2,0.0,9.0,,dotted,null_fill
A6-02,Section 2,2,0.0,10.0,,dotted,null_fill
A6-02,Section 2,2,0.0,11.0,,dotted,null_fill
A6-02,Section 2,2,0.0,12.0,,dotted,null_fill
A6-02,Section 2,2,0.0,13.0,,dotted,null_fill
A6-02,Section 2,2,0.0,14.0,,dotted,null_fill
A6-02,Section 2,2,0.0,15.0,,dotted,null_fill
A6-02,Section 2,2,0.0,16.0,,dotted,null_fill
A6-02,Section 2,2,0.0,17.0,,dotted,null_fill
A6-02,Section 2,2,0.0,18.0,,dotted,null_fill
A6-02,Section 2,2,0.0,19.0,,dotted,null_fill
A6-02,Section 2,2,0.0,20.0,,dotted,null_fill
A6-02,Section 2,2,0.0,21.0,,dotted,null_fill
A6-02,Section 2,2,0.0,22.0,,dotted,null_fill
A6-02,Section 2,2,0.0,23.0,,dotted,null_fill
A6-02,Section 2,2,13.642309188842773,24.0,13.642309188842773,solid,sampled
A6-02,Section 2,2,13.575912475585938,25.0,13.575912475585938,solid,sampled
A6-02,Section 2,2,13.410051345825195,26.0,13.410051345825195,solid,sampled
A6-02,Section 2,2,13.308856964111328,27.0,13.308856964111328,solid,sampled
A6-02,Section 2,2,13.137328147888184,28.0,13.137328147888184,solid,sampled
A6-02,Section 2,2,12.846240043640137,29.0,12.846240043640137,solid,sampled
A6-02,Section 2,2,12.552862167358398,30.0,12.552862167358398,solid,sampled
A6-02,Section 2,2,12.3804292678833,31.0,12.3804292678833,solid,sampled
A6-02,Section 2,2,12.229020118713379,32.0,12.229020118713379,solid,sampled
A6-02,Section 2,2,12.101905822753906,33.0,12.101905822753906,solid,sampled
A6-02,Section 2,2,11.944046020507812,34.0,11.944046020507812,solid,sampled
A6-02,Section 2,2,11.778226852416992,35.0,11.778226852416992,solid,sampled
A6-02,Section 2,2,11.633090019226074,36.0,11.633090019226074,solid,sampled
A6-02,Section 2,2,11.50172233581543,37.0,11.50172233581543,solid,sampled
A6-02,Section 2,2,11.291654586791992,38.0,11.291654586791992,solid,sampled
A6-02,Section 2,2,11.211878776550293,39.0,11.211878776550293,solid,sampled
A6-02,Section 2,2,17.45689582824707,40.0,17.45689582824707,solid,sampled
A6-02,Section 2,2,17.66956329345703,41.0,17.66956329345703,solid,sampled
A6-02,Section 2,2,17.23613739013672,42.0,17.23613739013672,solid,sampled
A6-02,Section 2,2,15.98343563079834,43.0,15.98343563079834,solid,sampled
A6-02,Section 2,2,15.707634925842285,44.0,15.707634925842285,solid,sampled
A6-02,Section 2,2,15.60223388671875,45.0,15.60223388671875,solid,sampled
A6-02,Section 2,2,15.269393920898438,46.0,15.269393920898438,solid,sampled
A6-02,Section 2,2,15.2947416305542,47.0,15.2947416305542,solid,sampled
A6-02,Section 2,2,14.868788719177246,48.0,14.868788719177246,solid,sampled
A6-02,Section 2,2,15.248001098632812,49.0,15.248001098632812,solid,sampled
A6-02,Section 2,2,17.2153263092041,50.0,17.2153263092041,solid,sampled
A6-02,Section 2,2,18.143978118896484,51.0,18.143978118896484,solid,sampled
A6-02,Section 2,2,17.88228416442871,52.0,17.88228416442871,solid,sampled
A6-02,Section 2,2,17.634984970092773,53.0,17.634984970092773,solid,sampled
A6-02,Section 2,2,16.72957992553711,54.0,16.72957992553711,solid,sampled
A6-02,Section 2,2,16.626483917236328,55.0,16.626483917236328,solid,sampled
A6-02,Section 2,2,14.641265869140625,56.0,14.641265869140625,solid,sampled
A6-02,Section 2,2,12.667139053344727,57.0,12.667139053344727,solid,sampled
A6-02,Section 2,2,12.588316917419434,58.0,12.588316917419434,solid,sampled
A6-02,Section 2,2,12.618027687072754,59.0,12.618027687072754,solid,sampled
A6-02,Section 2,2,9.336013793945312,60.0,9.336013793945312,solid,sampled
A6-02,Section 2,2,9.28584098815918,61.0,9.28584098815918,solid,sampled
A6-02,Section 2,2,10.762166023254395,62.0,10.762166023254395,solid,sampled
A6-02,Section 2,2,8.407278060913086,63.0,8.407278060913086,solid,sampled
A6-02,Section 2,2,7.374805450439453,64.0,7.374805450439453,solid,sampled
A6-02,Section 2,2,4.127602577209473,65.0,4.127602577209473,solid,sampled
A6-02,Section 2,2,3.6752138137817383,66.0,3.6752138137817383,solid,sampled
A6-02,Section 2,2,3.692505121231079,67.0,3.692505121231079,solid,sampled
A6-02,Section 2,2,3.6875619888305664,68.0,3.6875619888305664,solid,sampled
A6-02,Section 2,2,3.712261199951172,69.0,3.712261199951172,solid,sampled
A6-02,Section 2,2,3.7143402099609375,70.0,3.7143402099609375,solid,sampled
A6-02,Section 2,2,3.704651117324829,71.0,3.704651117324829,solid,sampled
A6-02,Section 2,2,3.7058310508728027,72.0,3.7058310508728027,solid,sampled
A6-02,Section 2,2,3.7620394229888916,73.0,3.7620394229888916,solid,sampled
A6-02,Section 2,2,3.751049518585205,74.0,3.751049518585205,solid,sampled
A6-02,Section 2,2,3.725219488143921,75.0,3.725219488143921,solid,sampled
A6-02,Section 2,2,3.6937718391418457,76.0,3.6937718391418457,solid,sampled
A6-02,Section 2,2,3.659668445587158,77.0,3.659668445587158,solid,sampled
A6-02,Section 2,2,3.6178646087646484,78.0,3.6178646087646484,solid,sampled
A6-02,Section 2,2,3.5824086666107178,79.0,3.5824086666107178,solid,sampled
A6-02,Section 2,2,3.517160654067993,80.0,3.517160654067993,solid,sampled
A6-02,Section 2,2,3.452198028564453,81.0,3.452198028564453,solid,sampled
A6-02,Section 2,2,3.4126851558685303,82.0,3.4126851558685303,solid,sampled
A6-02,Section 2,2,3.3276290893554688,83.0,3.3276290893554688,solid,sampled
A6-02,Section 2,2,3.280075788497925,84.0,3.280075788497925,solid,sampled
A6-02,Section 2,2,3.2069435119628906,85.0,3.2069435119628906,solid,sampled
A6-02,Section 2,2,3.173034191131592,86.0,3.173034191131592,solid,sampled
A6-02,Section 2,2,3.1474337577819824,87.0,3.1474337577819824,solid,sampled
A6-02,Section 2,2,3.048692226409912,88.0,3.048692226409912,solid,sampled
A6-02,Section 2,2,2.958012819290161,89.0,2.958012819290161,solid,sampled
A6-02,Section 2,2,2.873652696609497,90.0,2.873652696609497,solid,sampled
A6-02,Section 2,2,2.7892940044403076,91.0,2.7892940044403076,solid,sampled
A6-02,Section 2,2,2.715108633041382,92.0,2.715108633041382,solid,sampled
A6-02,Section 2,2,2.6264913082122803,93.0,2.6264913082122803,solid,sampled
A6-02,Section 2,2,2.546940326690674,94.0,2.546940326690674,solid,sampled
A6-02,Section 2,2,2.4683988094329834,95.0,2.4683988094329834,solid,sampled
A6-02,Section 2,2,2.4316952228546143,96.0,2.4316952228546143,solid,sampled
A6-02,Section 2,2,2.330613851547241,97.0,2.330613851547241,solid,sampled
A6-02,Section 2,2,2.226423740386963,98.0,2.226423740386963,solid,sampled
A6-02,Section 2,2,2.1462185382843018,99.0,2.1462185382843018,solid,sampled
A6-02,Section 2,2,2.057213306427002,100.0,2.057213306427002,solid,sampled
A6-02,Section 2,2,2.021444082260132,101.0,2.021444082260132,solid,sampled
A6-02,Section 2,2,1.9361488819122314,102.0,1.9361488819122314,solid,sampled
A6-02,Section 2,2,1.8680031299591064,103.0,1.8680031299591064,solid,sampled
A6-02,Section 2,2,1.8041841983795166,104.0,1.8041841983795166,solid,sampled
A6-02,Section 2,2,1.7270455360412598,105.0,1.7270455360412598,solid,sampled
A6-02,Section 2,2,1.6583733558654785,106.0,1.6583733558654785,solid,sampled
A6-02,Section 2,2,1.6084084510803223,107.0,1.6084084510803223,solid,sampled
A6-02,Section 2,2,1.5368062257766724,108.0,1.5368062257766724,solid,sampled
A6-02,Section 2,2,1.4642544984817505,109.0,1.4642544984817505,solid,sampled
A6-02,Section 2,2,1.3911092281341553,110.0,1.3911092281341553,solid,sampled
A6-02,Section 2,2,1.3349459171295166,111.0,1.3349459171295166,solid,sampled
A6-02,Section 2,2,1.2678440809249878,112.0,1.2678440809249878,solid,sampled
A6-02,Section 2,2,1.2038049697875977,113.0,1.2038049697875977,solid,sampled
A6-02,Section 2,2,1.1615618467330933,114.0,1.1615618467330933,solid,sampled
A6-02,Section 2,2,1.1085195541381836,115.0,1.1085195541381836,solid,sampled
A6-02,Section 2,2,1.0619890689849854,116.0,1.0619890689849854,solid,sampled
A6-02,Section 2,2,0.9883148670196533,117.0,0.9883148670196533,solid,sampled
A6-02,Section 2,2,0.9829001426696777,118.0,0.9829001426696777,solid,sampled
A6-02,Section 2,2,0.9280183911323547,119.0,0.9280183911323547,solid,sampled
A6-02,Section 2,2,0.860632061958313,120.0,0.860632061958313,solid,sampled
A6-02,Section 2,2,0.8078830242156982,121.0,0.8078830242156982,solid,sampled
A6-02,Section 2,2,0.7608146071434021,122.0,0.7608146071434021,solid,sampled
A6-02,Section 2,2,0.6991971731185913,123.0,0.6991971731185913,solid,sampled
A6-02,Section 2,2,0.644270658493042,124.0,0.644270658493042,solid,sampled
A6-02,Section 2,2,0.5902853012084961,125.0,0.5902853012084961,solid,sampled
A6-02,Section 2,2,0.5678467750549316,126.0,0.5678467750549316,solid,sampled
A6-02,Section 2,2,0.49988582730293274,127.0,0.49988582730293274,solid,sampled
A6-02,Section 2,2,0.4601144790649414,128.0,0.4601144790649414,solid,sampled
A6-02,Section 2,2,0.4161854386329651,129.0,0.4161854386329651,solid,sampled
A6-02,Section 2,2,0.3547438383102417,130.0,0.3547438383102417,solid,sampled
A6-02,Section 2,2,0.31897789239883423,131.0,0.31897789239883423,solid,sampled
A6-02,Section 2,2,0.27734458446502686,132.0,0.27734458446502686,solid,sampled
A6-02,Section 2,2,0.2311873435974121,133.0,0.2311873435974121,solid,sampled
A6-02,Section 2,2,0.21158498525619507,134.0,0.21158498525619507,solid,sampled
A6-02,Section 2,2,0.14919376373291016,135.0,0.14919376373291016,solid,sampled
A6-02,Section 2,2,0.11384308338165283,136.0,0.11384308338165283,solid,sampled
A6-02,Section 2,2,0.05878937244415283,137.0,0.05878937244415283,solid,sampled
A6-02,Section 2,2,0.022783949971199036,138.0,0.022783949971199036,solid,sampled
A6-02,Section 2,2,-0.03136394917964935,139.0,-0.03136394917964935,solid,sampled
A6-02,Section 2,2,-0.06783270835876465,140.0,-0.06783270835876465,solid,sampled
A6-02,Section 2,2,-0.12310564517974854,141.0,-0.12310564517974854,solid,sampled
A6-02,Section 2,2,-0.1526094377040863,142.0,-0.1526094377040863,solid,sampled
A6-02,Section 2,2,-0.19134536385536194,143.0,-0.19134536385536194,solid,sampled
A6-02,Section 2,2,-0.24143564701080322,144.0,-0.24143564701080322,solid,sampled
A6-02,Section 2,2,-0.2868366241455078,145.0,-0.2868366241455078,solid,sampled
A6-02,Section 2,2,-0.31692254543304443,146.0,-0.31692254543304443,solid,sampled
A6-02,Section 2,2,-0.35565781593322754,147.0,-0.35565781593322754,solid,sampled
A6-02,Section 2,2,-0.38241738080978394,148.0,-0.38241738080978394,solid,sampled
A6-02,Section 2,2,-0.42745959758758545,149.0,-0.42745959758758545,solid,sampled
A6-02,Section 2,2,-0.4532318413257599,150.0,-0.4532318413257599,solid,sampled
A6-02,Section 2,2,-0.48384028673171997,151.0,-0.48384028673171997,solid,sampled
A6-02,Section 2,2,-0.49457499384880066,152.0,-0.49457499384880066,solid,sampled
A6-02,Section 2,2,-0.5598328113555908,153.0,-0.5598328113555908,solid,sampled
A6-02,Section 2,2,-0.6126211881637573,154.0,-0.6126211881637573,solid,sampled
A6-02,Section 2,2,-0.645825982093811,155.0,-0.645825982093811,solid,sampled
A6-02,Section 2,2,-0.7034727334976196,156.0,-0.7034727334976196,solid,sampled
A6-02,Section 2,2,-0.7717179656028748,157.0,-0.7717179656028748,solid,sampled
A6-02,Section 2,2,-0.8409977555274963,158.0,-0.8409977555274963,solid,sampled
A6-02,Section 2,2,-0.907011091709137,159.0,-0.907011091709137,solid,sampled
A6-02,Section 2,2,-0.9863983988761902,160.0,-0.9863983988761902,solid,sampled
A6-02,Section 2,2,-1.0799084901809692,161.0,-1.0799084901809692,solid,sampled
A6-02,Section 2,2,-1.1589832305908203,162.0,-1.1589832305908203,solid,sampled
A6-02,Section 2,2,-1.2509691715240479,163.0,-1.2509691715240479,solid,sampled
A6-02,Section 2,2,-1.360984206199646,164.0,-1.360984206199646,solid,sampled
A6-02,Section 2,2,-1.4439976215362549,165.0,-1.4439976215362549,solid,sampled
A6-02,Section 2,2,-1.5125190019607544,166.0,-1.5125190019607544,solid,sampled
A6-02,Section 2,2,-1.6054902076721191,167.0,-1.6054902076721191,solid,sampled
A6-02,Section 2,2,-1.700554370880127,168.0,-1.700554370880127,solid,sampled
A6-02,Section 2,2,-1.7949742078781128,169.0,-1.7949742078781128,solid,sampled
A6-02,Section 2,2,-1.8811150789260864,170.0,-1.8811150789260864,solid,sampled
A6-02,Section 2,2,-1.9691978693008423,171.0,-1.9691978693008423,solid,sampled
A6-02,Section 2,2,-2.0433576107025146,172.0,-2.0433576107025146,solid,sampled
A6-02,Section 2,2,-2.1259207725524902,173.0,-2.1259207725524902,solid,sampled
A6-02,Section 2,2,-2.194528579711914,174.0,-2.194528579711914,solid,sampled
A6-02,Section 2,2,-2.2364368438720703,175.0,-2.2364368438720703,solid,sampled
A6-02,Section 2,2,-2.2604048252105713,176.0,-2.2604048252105713,solid,sampled
A6-02,Section 2,2,-2.280148506164551,177.0,-2.280148506164551,solid,sampled
A6-02,Section 2,2,-2.3205654621124268,178.0,-2.3205654621124268,solid,sampled
A6-02,Section 2,2,-2.367949962615967,179.0,-2.367949962615967,solid,sampled
A6-02,Section 2,2,-2.4681599140167236,180.0,-2.4681599140167236,solid,sampled
A6-02,Section 2,2,-2.8242597579956055,181.0,-2.8242597579956055,solid,sampled
A6-02,Section 2,2,-3.0,182.0,-12.690906524658203,solid,water_floor
A6-02,Section 2,2,-3.0,183.0,-12.69230842590332,solid,water_floor
A6-02,Section 2,2,-3.0,184.0,-15.460165977478027,solid,water_floor
A6-02,Section 2,2,-3.0,185.0,-25.537071228027344,solid,water_floor
A6-02,Section 2,2,-3.0,186.0,-19.868188858032227,solid,water_floor
A6-02,Section 2,2,-3.0,187.0,-19.51580810546875,solid,water_floor
A6-02,Section 2,2,-3.0,188.0,-25.201616287231445,solid,water_floor
A6-02,Section 2,2,-3.0,189.0,-29.87917709350586,solid,water_floor
A6-02,Section 2,2,-3.0,190.0,-29.98891830444336,solid,water_floor
A6-02,Section 2,2,-3.0,191.0,-30.34270477294922,solid,water_floor
A6-02,Section 2,2,-3.0,192.0,-25.766508102416992,solid,water_floor
A6-02,Section 2,2,-3.0,193.0,-25.20363998413086,solid,water_floor
A6-02,Section 2,2,-3.0,194.0,-17.14317512512207,solid,water_floor
A6-02,Section 2,2,-3.0,195.0,-32.67427444458008,solid,water_floor
A6-02,Section 2,2,-3.0,196.0,-22.117734909057617,solid,water_floor
A6-02,Section 2,2,-3.0,197.0,-23.716468811035156,solid,water_floor
A6-02,Section 2,2,-3.0,198.0,-16.403989791870117,solid,water_floor
A6-02,Section 2,2,-3.0,199.0,-22.992454528808594,solid,water_floor
A6-02,Section 2,2,-3.0,200.0,-31.650407791137695,solid,water_floor
A6-02,Section 2,2,-3.0,201.0,-26.012042999267578,solid,water_floor
A6-02,Section 2,2,-3.0,202.0,-26.239009857177734,solid,water_floor
A6-02,Section 2,2,-3.0,203.0,-18.244937896728516,solid,water_floor
A6-02,Section 2,2,-3.0,204.0,-22.195186614990234,solid,water_floor
A6-02,Section 2,2,-3.0,205.0,-14.258294105529785,solid,water_floor
A6-02,Section 2,2,-3.0,206.0,-13.891400337219238,solid,water_floor
A6-02,Section 2,2,-3.0,207.0,-9.959209442138672,solid,water_floor
A6-02,Section 2,2,-3.0,208.0,-20.002473831176758,solid,water_floor
A6-02,Section 2,2,-3.0,209.0,-15.803101539611816,solid,water_floor
A6-02,Section 2,2,-3.0,210.0,-6.6924028396606445,solid,water_floor
A6-02,Section 2,2,-3.0,211.0,-3.460015296936035,solid,water_floor
A6-02,Section 2,2,-2.573244571685791,212.0,-2.573244571685791,solid,sampled
A6-02,Section 2,2,-2.652752161026001,213.0,-2.652752161026001,solid,sampled
A6-02,Section 2,2,-2.4121148586273193,214.0,-2.4121148586273193,solid,sampled
A6-02,Section 2,2,-2.315185785293579,215.0,-2.315185785293579,solid,sampled
A6-02,Section 2,2,-2.178288698196411,216.0,-2.178288698196411,solid,sampled
A6-02,Section 2,2,-2.4291021823883057,217.0,-2.4291021823883057,solid,sampled
A6-02,Section 2,2,-2.5236809253692627,218.0,-2.5236809253692627,solid,sampled
A6-02,Section 2,2,-2.538297414779663,219.0,-2.538297414779663,solid,sampled
A6-02,Section 2,2,-2.7054531574249268,220.0,-2.7054531574249268,solid,sampled
A6-02,Section 2,2,-2.9393134117126465,221.0,-2.9393134117126465,solid,sampled
A6-02,Section 2,2,-2.792124032974243,222.0,-2.792124032974243,solid,sampled
A6-02,Section 2,2,-2.943953037261963,223.0,-2.943953037261963,solid,sampled
A6-02,Section 2,2,-2.938502311706543,224.0,-2.938502311706543,solid,sampled
A6-02,Section 2,2,-3.0,225.0,-3.1784844398498535,solid,water_floor
A6-02,Section 2,2,-2.9531421661376953,226.0,-2.9531421661376953,solid,sampled
A6-02,Section 2,2,-2.342695713043213,227.0,-2.342695713043213,solid,sampled
A6-02,Section 2,2,-2.290863275527954,228.0,-2.290863275527954,solid,sampled
A6-02,Section 2,2,-2.253066062927246,229.0,-2.253066062927246,solid,sampled
A6-02,Section 2,2,-2.1841795444488525,230.0,-2.1841795444488525,solid,sampled
A6-02,Section 2,2,-2.2557239532470703,231.0,-2.2557239532470703,solid,sampled
A6-02,Section 2,2,-2.2240023612976074,232.0,-2.2240023612976074,solid,sampled
A6-02,Section 2,2,-2.23350191116333,233.0,-2.23350191116333,solid,sampled
A6-02,Section 2,2,-2.1146388053894043,234.0,-2.1146388053894043,solid,sampled
A6-02,Section 2,2,-2.0641074180603027,235.0,-2.0641074180603027,solid,sampled
A6-02,Section 2,2,-2.035238265991211,236.0,-2.035238265991211,solid,sampled
A6-02,Section 2,2,-1.9897379875183105,237.0,-1.9897379875183105,solid,sampled
A6-02,Section 2,2,-1.9669110774993896,238.0,-1.9669110774993896,solid,sampled
A6-02,Section 2,2,-1.9517213106155396,239.0,-1.9517213106155396,solid,sampled
A6-02,Section 2,2,-1.8861792087554932,240.0,-1.8861792087554932,solid,sampled
A6-02,Section 2,2,-1.8278982639312744,241.0,-1.8278982639312744,solid,sampled
A6-02,Section 2,2,-1.7901898622512817,242.0,-1.7901898622512817,solid,sampled
A6-02,Section 2,2,-1.7351765632629395,243.0,-1.7351765632629395,solid,sampled
A6-02,Section 2,2,-1.7050814628601074,244.0,-1.7050814628601074,solid,sampled
A6-02,Section 2,2,-1.6588313579559326,245.0,-1.6588313579559326,solid,sampled
A6-02,Section 2,2,-1.6049003601074219,246.0,-1.6049003601074219,solid,sampled
A6-02,Section 2,2,-1.5547466278076172,247.0,-1.5547466278076172,solid,sampled
A6-02,Section 2,2,-1.5065032243728638,248.0,-1.5065032243728638,solid,sampled
A6-02,Section 2,2,-1.4854168891906738,249.0,-1.4854168891906738,solid,sampled
A6-02,Section 2,2,-1.4453107118606567,250.0,-1.4453107118606567,solid,sampled
A6-02,Section 2,2,-1.4195680618286133,251.0,-1.4195680618286133,solid,sampled
A6-02,Section 2,2,-1.3871371746063232,252.0,-1.3871371746063232,solid,sampled
A6-02,Section 2,2,-1.3666865825653076,253.0,-1.3666865825653076,solid,sampled
A6-02,Section 2,2,-1.3374431133270264,254.0,-1.3374431133270264,solid,sampled
A6-02,Section 2,2,-1.3485548496246338,255.0,-1.3485548496246338,solid,sampled
A6-02,Section 2,2,-1.3316270112991333,256.0,-1.3316270112991333,solid,sampled
A6-02,Section 2,2,-1.3232519626617432,257.0,-1.3232519626617432,solid,sampled
A6-02,Section 2,2,-1.30861496925354,258.0,-1.30861496925354,solid,sampled
A6-02,Section 2,2,-1.2958784103393555,259.0,-1.2958784103393555,solid,sampled
A6-02,Section 2,2,-1.2931981086730957,260.0,-1.2931981086730957,solid,sampled
A6-02,Section 2,2,-1.2794387340545654,261.0,-1.2794387340545654,solid,sampled
A6-02,Section 2,2,-1.2600390911102295,262.0,-1.2600390911102295,solid,sampled
A6-02,Section 2,2,-1.2483127117156982,263.0,-1.2483127117156982,solid,sampled
A6-02,Section 2,2,-1.22564697265625,264.0,-1.22564697265625,solid,sampled
A6-02,Section 2,2,-1.2046890258789062,265.0,-1.2046890258789062,solid,sampled
A6-02,Section 2,2,-1.1981325149536133,266.0,-1.1981325149536133,solid,sampled
A6-02,Section 2,2,-1.205594539642334,267.0,-1.205594539642334,solid,sampled
A6-02,Section 2,2,-1.1875091791152954,268.0,-1.1875091791152954,solid,sampled
A6-02,Section 2,2,-1.1860612630844116,269.0,-1.1860612630844116,solid,sampled
A6-02,Section 2,2,-1.1712987422943115,270.0,-1.1712987422943115,solid,sampled
A6-02,Section 2,2,-1.1698510646820068,271.0,-1.1698510646820068,solid,sampled
A6-02,Section 2,2,-1.1533626317977905,272.0,-1.1533626317977905,solid,sampled
A6-02,Section 2,2,-1.1577553749084473,273.0,-1.1577553749084473,solid,sampled
A6-02,Section 2,2,-1.15440034866333,274.0,-1.15440034866333,solid,sampled
A6-02,Section 2,2,-1.1470597982406616,275.0,-1.1470597982406616,solid,sampled
A6-02,Section 2,2,-1.1540517807006836,276.0,-1.1540517807006836,solid,sampled
A6-02,Section 2,2,-1.1496856212615967,277.0,-1.1496856212615967,solid,sampled
A6-02,Section 2,2,-1.1347198486328125,278.0,-1.1347198486328125,solid,sampled
A6-02,Section 2,2,-1.1343913078308105,279.0,-1.1343913078308105,solid,sampled
A6-02,Section 2,2,-1.1230318546295166,280.0,-1.1230318546295166,solid,sampled
A6-02,Section 2,2,-1.1109693050384521,281.0,-1.1109693050384521,solid,sampled
A6-02,Section 2,2,-1.1206477880477905,282.0,-1.1206477880477905,solid,sampled
A6-02,Section 2,2,-1.1094675064086914,283.0,-1.1094675064086914,solid,sampled
A6-02,Section 2,2,-1.098100185394287,284.0,-1.098100185394287,solid,sampled
A6-02,Section 2,2,-1.105989933013916,285.0,-1.105989933013916,solid,sampled
A6-02,Section 2,2,-1.0915133953094482,286.0,-1.0915133953094482,solid,sampled
A6-02,Section 2,2,-1.0877039432525635,287.0,-1.0877039432525635,solid,sampled
A6-02,Section 2,2,-1.071831226348877,288.0,-1.071831226348877,solid,sampled
A6-02,Section 2,2,-1.0599828958511353,289.0,-1.0599828958511353,solid,sampled
A6-02,Section 2,2,-1.070194959640503,290.0,-1.070194959640503,solid,sampled
A6-02,Section 2,2,-1.0676535367965698,291.0,-1.0676535367965698,solid,sampled
A6-02,Section 2,2,-1.0803499221801758,292.0,-1.0803499221801758,solid,sampled
A6-02,Section 2,2,-1.0601685047149658,293.0,-1.0601685047149658,solid,sampled
A6-02,Section 2,2,-1.0618069171905518,294.0,-1.0618069171905518,solid,sampled
A6-02,Section 2,2,-1.0668529272079468,295.0,-1.0668529272079468,solid,sampled
A6-02,Section 2,2,-1.057261347770691,296.0,-1.057261347770691,solid,sampled
A6-02,Section 2,2,-1.0538216829299927,297.0,-1.0538216829299927,solid,sampled
A6-02,Section 2,2,-1.0633195638656616,298.0,-1.0633195638656616,solid,sampled
A6-02,Section 2,2,-1.046863079071045,299.0,-1.046863079071045,solid,sampled
A6-02,Section 2,2,-1.059032678604126,300.0,-1.059032678604126,solid,sampled
A6-02,Section 2,2,-1.0460282564163208,301.0,-1.0460282564163208,solid,sampled
A6-02,Section 2,2,-1.043104648590088,302.0,-1.043104648590088,solid,sampled
A6-02,Section 2,2,-1.0262012481689453,303.0,-1.0262012481689453,solid,sampled
A6-02,Section 2,2,-1.0333013534545898,304.0,-1.0333013534545898,solid,sampled
A6-02,Section 2,2,-1.0434255599975586,305.0,-1.0434255599975586,solid,sampled
A6-02,Section 2,2,-1.0364899635314941,306.0,-1.0364899635314941,solid,sampled
A6-02,Section 2,2,-1.0342382192611694,307.0,-1.0342382192611694,solid,sampled
A6-02,Section 2,2,-1.043393850326538,308.0,-1.043393850326538,solid,sampled
A6-02,Section 2,2,-1.0296269655227661,309.0,-1.0296269655227661,solid,sampled
A6-02,Section 2,2,-1.0445197820663452,310.0,-1.0445197820663452,solid,sampled
A6-02,Section 2,2,-1.0367753505706787,311.0,-1.0367753505706787,solid,sampled
A6-02,Section 2,2,-1.0496948957443237,312.0,-1.0496948957443237,solid,sampled
A6-02,Section 2,2,-1.0285897254943848,313.0,-1.0285897254943848,solid,sampled
A6-02,Section 2,2,-1.0342047214508057,314.0,-1.0342047214508057,solid,sampled
A6-02,Section 2,2,-1.0240710973739624,315.0,-1.0240710973739624,solid,sampled
A6-02,Section 2,2,-1.0337083339691162,316.0,-1.0337083339691162,solid,sampled
A6-02,Section 2,2,-1.0333040952682495,317.0,-1.0333040952682495,solid,sampled
A6-02,Section 2,2,-1.0314737558364868,318.0,-1.0314737558364868,solid,sampled
A6-02,Section 2,2,-1.037670612335205,319.0,-1.037670612335205,solid,sampled
A6-02,Section 2,2,-1.0357398986816406,320.0,-1.0357398986816406,solid,sampled
A6-02,Section 2,2,-1.037341594696045,321.0,-1.037341594696045,solid,sampled
A6-02,Section 2,2,-1.0295971632003784,322.0,-1.0295971632003784,solid,sampled
A6-02,Section 2,2,-1.0383116006851196,323.0,-1.0383116006851196,solid,sampled
A6-02,Section 2,2,-1.0399818420410156,324.0,-1.0399818420410156,solid,sampled
A6-02,Section 2,2,-1.02671480178833,325.0,-1.02671480178833,solid,sampled
A6-02,Section 2,2,-1.0432708263397217,326.0,-1.0432708263397217,solid,sampled
A6-02,Section 2,2,-1.0537182092666626,327.0,-1.0537182092666626,solid,sampled
A6-02,Section 2,2,-1.0432502031326294,328.0,-1.0432502031326294,solid,sampled
A6-02,Section 2,2,-1.052345871925354,329.0,-1.052345871925354,solid,sampled
A6-02,Section 2,2,-1.0535929203033447,330.0,-1.0535929203033447,solid,sampled
A6-02,Section 2,2,-1.0442862510681152,331.0,-1.0442862510681152,solid,sampled
A6-02,Section 2,2,-1.0346707105636597,332.0,-1.0346707105636597,solid,sampled
A6-02,Section 2,2,-1.0561248064041138,333.0,-1.0561248064041138,solid,sampled
A6-02,Section 2,2,-1.0472476482391357,334.0,-1.0472476482391357,solid,sampled
A6-02,Section 2,2,-1.0555651187896729,335.0,-1.0555651187896729,solid,sampled
A6-02,Section 2,2,-1.0489113330841064,336.0,-1.0489113330841064,solid,sampled
A6-02,Section 2,2,-1.0340734720230103,337.0,-1.0340734720230103,solid,sampled
A6-02,Section 2,2,-1.0426427125930786,338.0,-1.0426427125930786,solid,sampled
A6-02,Section 2,2,-1.0280098915100098,339.0,-1.0280098915100098,solid,sampled
A6-02,Section 2,2,-1.037851333618164,340.0,-1.037851333618164,solid,sampled
A6-02,Section 2,2,-1.0399116277694702,341.0,-1.0399116277694702,solid,sampled
A6-02,Section 2,2,-1.041247010231018,342.0,-1.041247010231018,solid,sampled
A6-02,Section 2,2,-1.045638084411621,343.0,-1.045638084411621,solid,sampled
A6-02,Section 2,2,-1.0605556964874268,344.0,-1.0605556964874268,solid,sampled
A6-02,Section 2,2,-1.0567173957824707,345.0,-1.0567173957824707,solid,sampled
A6-02,Section 2,2,-1.0590527057647705,346.0,-1.0590527057647705,solid,sampled
A6-02,Section 2,2,-1.0710798501968384,347.0,-1.0710798501968384,solid,sampled
A6-02,Section 2,2,-1.0782057046890259,348.0,-1.0782057046890259,solid,sampled
A6-02,Section 2,2,-1.0836350917816162,349.0,-1.0836350917816162,solid,sampled
A6-02,Section 2,2,-1.0783295631408691,350.0,-1.0783295631408691,solid,sampled
A6-02,Section 2,2,-1.085787296295166,351.0,-1.085787296295166,solid,sampled
A6-02,Section 2,2,-1.1155176162719727,352.0,-1.1155176162719727,solid,sampled
A6-02,Section 2,2,-1.229344367980957,353.0,-1.229344367980957,solid,sampled
A6-02,Section 2,2,-1.4460523128509521,354.0,-1.4460523128509521,solid,sampled
A6-02,Section 2,2,-1.636637568473816,355.0,-1.636637568473816,solid,sampled
A6-02,Section 2,2,-1.8061190843582153,356.0,-1.8061190843582153,solid,sampled
A6-02,Section 2,2,-1.933880090713501,357.0,-1.933880090713501,solid,sampled
A6-02,Section 2,2,-2.0394630432128906,358.0,-2.0394630432128906,solid,sampled
A6-02,Section 2,2,-2.1237237453460693,359.0,-2.1237237453460693,solid,sampled
A6-02,Section 2,2,-2.15537691116333,360.0,-2.15537691116333,solid,sampled
A6-02,Section 2,2,-2.210625171661377,361.0,-2.210625171661377,solid,sampled
A6-02,Section 2,2,-2.2215781211853027,362.0,-2.2215781211853027,solid,sampled
A6-02,Section 2,2,-2.216066598892212,363.0,-2.216066598892212,solid,sampled
A6-02,Section 2,2,-2.2754993438720703,364.0,-2.2754993438720703,solid,sampled
A6-02,Section 2,2,-2.489748001098633,365.0,-2.489748001098633,solid,sampled
A6-02,Section 2,2,-2.8468070030212402,366.0,-2.8468070030212402,solid,sampled
A6-02,Section 2,2,-2.668776035308838,367.0,-2.668776035308838,solid,sampled
A6-02,Section 2,2,-2.6426448822021484,368.0,-2.6426448822021484,solid,sampled
A6-02,Section 2,2,-2.623959541320801,369.0,-2.623959541320801,solid,sampled
A6-02,Section 2,2,-2.3827033042907715,370.0,-2.3827033042907715,solid,sampled
A6-02,Section 2,2,-2.5817556381225586,371.0,-2.5817556381225586,solid,sampled
A6-02,Section 2,2,-2.5653488636016846,372.0,-2.5653488636016846,solid,sampled
A6-02,Section 2,2,-3.0,373.0,-4.090458869934082,solid,water_floor
A6-02,Section 2,2,-3.0,374.0,-3.2230172157287598,solid,water_floor
A6-02,Section 2,2,-2.99501895904541,375.0,-2.99501895904541,solid,sampled
A6-02,Section 2,2,-3.0,376.0,-3.660132646560669,solid,water_floor
A6-02,Section 2,2,-3.0,377.0,-3.590050220489502,solid,water_floor
A6-02,Section 2,2,-3.0,378.0,-3.014402151107788,solid,water_floor
A6-02,Section 2,2,-3.0,379.0,-3.208195209503174,solid,water_floor
A6-02,Section 2,2,-3.0,380.0,-3.3886797428131104,solid,water_floor
A6-02,Section 2,2,-2.7259275913238525,381.0,-2.7259275913238525,solid,sampled
A6-02,Section 2,2,-2.5087242126464844,382.0,-2.5087242126464844,solid,sampled
A6-02,Section 2,2,-2.455615520477295,383.0,-2.455615520477295,solid,sampled
A6-02,Section 2,2,-2.2619662284851074,384.0,-2.2619662284851074,solid,sampled
A6-02,Section 2,2,-2.3478283882141113,385.0,-2.3478283882141113,solid,sampled
A6-02,Section 2,2,-2.155247688293457,386.0,-2.155247688293457,solid,sampled
A6-02,Section 2,2,-2.204786777496338,387.0,-2.204786777496338,solid,sampled
A6-02,Section 2,2,-2.166606903076172,388.0,-2.166606903076172,solid,sampled
A6-02,Section 2,2,-2.160029888153076,389.0,-2.160029888153076,solid,sampled
A6-02,Section 2,2,-2.1429765224456787,390.0,-2.1429765224456787,solid,sampled
A6-02,Section 2,2,-2.1364586353302,391.0,-2.1364586353302,solid,sampled
A6-02,Section 2,2,-2.147820472717285,392.0,-2.147820472717285,solid,sampled
A6-02,Section 2,2,-2.1617252826690674,393.0,-2.1617252826690674,solid,sampled
A6-02,Section 2,2,-2.142751932144165,394.0,-2.142751932144165,solid,sampled
A6-02,Section 2,2,-2.0976264476776123,395.0,-2.0976264476776123,solid,sampled
A6-02,Section 2,2,-2.1364736557006836,396.0,-2.1364736557006836,solid,sampled
A6-02,Section 2,2,-2.1734135150909424,397.0,-2.1734135150909424,solid,sampled
A6-02,Section 2,2,-2.1631200313568115,398.0,-2.1631200313568115,solid,sampled
A6-02,Section 2,2,-2.1714444160461426,399.0,-2.1714444160461426,solid,sampled
A6-02,Section 2,2,-2.1954855918884277,400.0,-2.1954855918884277,solid,sampled
A6-02,Section 2,2,-2.208840847015381,401.0,-2.208840847015381,solid,sampled
A6-02,Section 2,2,-2.221684694290161,402.0,-2.221684694290161,solid,sampled
A6-02,Section 2,2,-2.2308242321014404,403.0,-2.2308242321014404,solid,sampled
A6-02,Section 2,2,-2.2121567726135254,404.0,-2.2121567726135254,solid,sampled
A6-02,Section 2,2,-2.2149829864501953,405.0,-2.2149829864501953,solid,sampled
A6-02,Section 2,2,-2.2218403816223145,406.0,-2.2218403816223145,solid,sampled
A6-02,Section 2,2,-2.1898250579833984,407.0,-2.1898250579833984,solid,sampled
A6-02,Section 2,2,-2.1850790977478027,408.0,-2.1850790977478027,solid,sampled
A6-02,Section 2,2,-2.1789534091949463,409.0,-2.1789534091949463,solid,sampled
A6-02,Section 2,2,-2.1958720684051514,410.0,-2.1958720684051514,solid,sampled
A6-02,Section 2,2,-2.185059070587158,411.0,-2.185059070587158,solid,sampled
A6-02,Section 2,2,-2.188995122909546,412.0,-2.188995122909546,solid,sampled
A6-02,Section 2,2,-2.2115397453308105,413.0,-2.2115397453308105,solid,sampled
A6-02,Section 2,2,-2.20920729637146,414.0,-2.20920729637146,solid,sampled
A6-02,Section 2,2,-2.197535514831543,415.0,-2.197535514831543,solid,sampled
A6-02,Section 2,2,-2.2255706787109375,416.0,-2.2255706787109375,solid,sampled
A6-02,Section 2,2,-2.2679057121276855,417.0,-2.2679057121276855,solid,sampled
A6-02,Section 2,2,-2.251753091812134,418.0,-2.251753091812134,solid,sampled
A6-02,Section 2,2,-2.251530885696411,419.0,-2.251530885696411,solid,sampled
A6-02,Section 2,2,-2.2462074756622314,420.0,-2.2462074756622314,solid,sampled
A6-02,Section 2,2,-2.2214531898498535,421.0,-2.2214531898498535,solid,sampled
A6-02,Section 2,2,-2.2493374347686768,422.0,-2.2493374347686768,solid,sampled
A6-02,Section 2,2,-2.3615095615386963,423.0,-2.3615095615386963,solid,sampled
A6-02,Section 2,2,-2.271932601928711,424.0,-2.271932601928711,solid,sampled
A6-02,Section 2,2,-2.1819393634796143,425.0,-2.1819393634796143,solid,sampled
A6-02,Section 2,2,-2.128664970397949,426.0,-2.128664970397949,solid,sampled
A6-02,Section 2,2,-2.027486562728882,427.0,-2.027486562728882,solid,sampled
A6-02,Section 2,2,-2.0704727172851562,428.0,-2.0704727172851562,solid,sampled
A6-02,Section 2,2,-2.0877060890197754,429.0,-2.0877060890197754,solid,sampled
A6-02,Section 2,2,-2.0135319232940674,430.0,-2.0135319232940674,solid,sampled
A6-02,Section 2,2,-2.0110533237457275,431.0,-2.0110533237457275,solid,sampled
A6-02,Section 2,2,-1.9679646492004395,432.0,-1.9679646492004395,solid,sampled
A6-02,Section 2,2,-2.00874924659729,433.0,-2.00874924659729,solid,sampled
A6-02,Section 2,2,-2.2295713424682617,434.0,-2.2295713424682617,solid,sampled
A6-02,Section 2,2,-2.1501059532165527,435.0,-2.1501059532165527,solid,sampled
A6-02,Section 2,2,-2.0694780349731445,436.0,-2.0694780349731445,solid,sampled
A6-02,Section 2,2,-1.9489957094192505,437.0,-1.9489957094192505,solid,sampled
A6-02,Section 2,2,-2.0122604370117188,438.0,-2.0122604370117188,solid,sampled
A6-02,Section 2,2,-2.000563144683838,439.0,-2.000563144683838,solid,sampled
A6-02,Section 2,2,-1.9410169124603271,440.0,-1.9410169124603271,solid,sampled
A6-02,Section 2,2,-1.923148274421692,441.0,-1.923148274421692,solid,sampled
A6-02,Section 2,2,-1.986572504043579,442.0,-1.986572504043579,solid,sampled
A6-02,Section 2,2,-1.9645034074783325,443.0,-1.9645034074783325,solid,sampled
A6-02,Section 2,2,-1.9245858192443848,444.0,-1.9245858192443848,solid,sampled
A6-02,Section 2,2,-1.8761825561523438,445.0,-1.8761825561523438,solid,sampled
A6-02,Section 2,2,-1.8191485404968262,446.0,-1.8191485404968262,solid,sampled
A6-02,Section 2,2,-1.8469513654708862,447.0,-1.8469513654708862,solid,sampled
A6-02,Section 2,2,-1.93182373046875,448.0,-1.93182373046875,solid,sampled
A6-02,Section 2,2,-1.8653688430786133,449.0,-1.8653688430786133,solid,sampled
A6-02,Section 2,2,-1.7052662372589111,450.0,-1.7052662372589111,solid,sampled
A6-02,Section 2,2,-1.6042704582214355,451.0,-1.6042704582214355,solid,sampled
A6-02,Section 2,2,-1.5656548738479614,452.0,-1.5656548738479614,solid,sampled
A6-02,Section 2,2,-1.5562084913253784,453.0,-1.5562084913253784,solid,sampled
A6-02,Section 2,2,-1.5351135730743408,454.0,-1.5351135730743408,solid,sampled
A6-02,Section 2,2,-1.5238440036773682,455.0,-1.5238440036773682,solid,sampled
A6-02,Section 2,2,-1.5130116939544678,456.0,-1.5130116939544678,solid,sampled
A6-02,Section 2,2,-1.5267772674560547,457.0,-1.5267772674560547,solid,sampled
A6-02,Section 2,2,-1.5589995384216309,458.0,-1.5589995384216309,solid,sampled
A6-02,Section 2,2,-1.5888285636901855,459.0,-1.5888285636901855,solid,sampled
A6-02,Section 2,2,-1.6158161163330078,460.0,-1.6158161163330078,solid,sampled
A6-02,Section 2,2,-1.5862520933151245,461.0,-1.5862520933151245,solid,sampled
A6-02,Section 2,2,-1.5981099605560303,462.0,-1.5981099605560303,solid,sampled
A6-02,Section 2,2,-1.5922185182571411,463.0,-1.5922185182571411,solid,sampled
A6-02,Section 2,2,-1.592807412147522,464.0,-1.592807412147522,solid,sampled
A6-02,Section 2,2,-1.6121845245361328,465.0,-1.6121845245361328,solid,sampled
A6-02,Section 2,2,-1.6253578662872314,466.0,-1.6253578662872314,solid,sampled
A6-02,Section 2,2,-1.63918936252594,467.0,-1.63918936252594,solid,sampled
A6-02,Section 2,2,-1.6408517360687256,468.0,-1.6408517360687256,solid,sampled
A6-02,Section 2,2,-1.6291074752807617,469.0,-1.6291074752807617,solid,sampled
A6-02,Section 2,2,-1.6433172225952148,470.0,-1.6433172225952148,solid,sampled
A6-02,Section 2,2,-1.6200060844421387,471.0,-1.6200060844421387,solid,sampled
A6-02,Section 2,2,-1.5780513286590576,472.0,-1.5780513286590576,solid,sampled
A6-02,Section 2,2,-1.5467880964279175,473.0,-1.5467880964279175,solid,sampled
A6-02,Section 2,2,-1.5147846937179565,474.0,-1.5147846937179565,solid,sampled
A6-02,Section 2,2,-1.5085505247116089,475.0,-1.5085505247116089,solid,sampled
A6-02,Section 2,2,-1.501436710357666,476.0,-1.501436710357666,solid,sampled
A6-02,Section 2,2,-1.5017149448394775,477.0,-1.5017149448394775,solid,sampled
A6-02,Section 2,2,-1.4981639385223389,478.0,-1.4981639385223389,solid,sampled
A6-02,Section 2,2,-1.4938416481018066,479.0,-1.4938416481018066,solid,sampled
A6-02,Section 2,2,-1.5025792121887207,480.0,-1.5025792121887207,solid,sampled
A6-02,Section 2,2,-1.5052920579910278,481.0,-1.5052920579910278,solid,sampled
A6-02,Section 2,2,-1.4996883869171143,482.0,-1.4996883869171143,solid,sampled
A6-02,Section 2,2,-1.504225492477417,483.0,-1.504225492477417,solid,sampled
A6-02,Section 2,2,-1.540520429611206,484.0,-1.540520429611206,solid,sampled
A6-02,Section 2,2,-1.5929369926452637,485.0,-1.5929369926452637,solid,sampled
A6-02,Section 2,2,-1.6283149719238281,486.0,-1.6283149719238281,solid,sampled
A6-02,Section 2,2,-1.6611698865890503,487.0,-1.6611698865890503,solid,sampled
A6-02,Section 2,2,-1.7079225778579712,488.0,-1.7079225778579712,solid,sampled
A6-02,Section 2,2,-1.732269525527954,489.0,-1.732269525527954,solid,sampled
A6-02,Section 2,2,-1.772850751876831,490.0,-1.772850751876831,solid,sampled
A6-02,Section 2,2,-1.807518482208252,491.0,-1.807518482208252,solid,sampled
A6-02,Section 2,2,-1.863875150680542,492.0,-1.863875150680542,solid,sampled
A6-02,Section 2,2,-1.9178614616394043,493.0,-1.9178614616394043,solid,sampled
A6-02,Section 2,2,-1.8024256229400635,494.0,-1.8024256229400635,solid,sampled
A6-02,Section 2,2,-1.6013355255126953,495.0,-1.6013355255126953,solid,sampled
A6-02,Section 2,2,-1.5206899642944336,496.0,-1.5206899642944336,solid,sampled
A6-02,Section 2,2,-1.5197031497955322,497.0,-1.5197031497955322,solid,sampled
A6-02,Section 2,2,-1.5644201040267944,498.0,-1.5644201040267944,solid,sampled
A6-02,Section 2,2,-1.6272730827331543,499.0,-1.6272730827331543,solid,sampled
A6-02,Section 2,2,-1.6529122591018677,500.0,-1.6529122591018677,solid,sampled
A6-02,Section 2,2,-1.6765269041061401,501.0,-1.6765269041061401,solid,sampled
A6-02,Section 2,2,-1.7269550561904907,502.0,-1.7269550561904907,solid,sampled
A6-02,Section 2,2,-1.8744490146636963,503.0,-1.8744490146636963,solid,sampled
A6-02,Section 2,2,-1.9548861980438232,504.0,-1.9548861980438232,solid,sampled
A6-02,Section 2,2,-2.0085465908050537,505.0,-2.0085465908050537,solid,sampled
A6-02,Section 2,2,-2.0555877685546875,506.0,-2.0555877685546875,solid,sampled
A6-02,Section 2,2,-2.1536848545074463,507.0,-2.1536848545074463,solid,sampled
A6-02,Section 2,2,-2.2925727367401123,508.0,-2.2925727367401123,solid,sampled
A6-02,Section 2,2,-2.372379779815674,509.0,-2.372379779815674,solid,sampled
A6-02,Section 2,2,-2.36369252204895,510.0,-2.36369252204895,solid,sampled
A6-02,Section 2,2,-2.3710038661956787,511.0,-2.3710038661956787,solid,sampled
A6-02,Section 2,2,-2.3464460372924805,512.0,-2.3464460372924805,solid,sampled
A6-02,Section 2,2,-2.3073906898498535,513.0,-2.3073906898498535,solid,sampled
A6-02,Section 2,2,-2.324171543121338,514.0,-2.324171543121338,solid,sampled
A6-02,Section 2,2,-2.3700592517852783,515.0,-2.3700592517852783,solid,sampled
A6-02,Section 2,2,-2.4035675525665283,516.0,-2.4035675525665283,solid,sampled
A6-02,Section 2,2,-2.469697952270508,517.0,-2.469697952270508,solid,sampled
A6-02,Section 2,2,-2.417637825012207,518.0,-2.417637825012207,solid,sampled
A6-02,Section 2,2,-2.417302131652832,519.0,-2.417302131652832,solid,sampled
A6-02,Section 2,2,-2.3827478885650635,520.0,-2.3827478885650635,solid,sampled
A6-02,Section 2,2,-2.4039676189422607,521.0,-2.4039676189422607,solid,sampled
A6-02,Section 2,2,-2.449598550796509,522.0,-2.449598550796509,solid,sampled
A6-02,Section 2,2,-2.6759085655212402,523.0,-2.6759085655212402,solid,sampled
A6-02,Section 2,2,-2.79171085357666,524.0,-2.79171085357666,solid,sampled
A6-02,Section 2,2,-3.0,525.0,-3.0539441108703613,solid,water_floor
A6-02,Section 2,2,-3.0,526.0,-3.749516010284424,solid,water_floor
A6-02,Section 2,2,-3.0,527.0,-3.482855796813965,solid,water_floor
A6-02,Section 2,2,-3.0,528.0,-3.6399569511413574,solid,water_floor
A6-02,Section 2,2,-3.0,529.0,-3.1086862087249756,solid,water_floor
A6-02,Section 2,2,-2.5190887451171875,530.0,-2.5190887451171875,solid,sampled
A6-02,Section 2,2,-2.338718891143799,531.0,-2.338718891143799,solid,sampled
A6-02,Section 2,2,-2.371779203414917,532.0,-2.371779203414917,solid,sampled
A6-02,Section 2,2,-2.4605021476745605,533.0,-2.4605021476745605,solid,sampled
A6-02,Section 2,2,-2.5862619876861572,534.0,-2.5862619876861572,solid,sampled
A6-02,Section 2,2,-2.573988676071167,535.0,-2.573988676071167,solid,sampled
A6-02,Section 2,2,-2.518184185028076,536.0,-2.518184185028076,solid,sampled
A6-02,Section 2,2,-2.7905585765838623,537.0,-2.7905585765838623,solid,sampled
A6-02,Section 2,2,-3.0,538.0,-3.2966575622558594,solid,water_floor
A6-02,Section 2,2,-3.0,539.0,-5.928617477416992,solid,water_floor
A6-02,Section 2,2,-3.0,540.0,-12.25935173034668,solid,water_floor
A6-02,Section 2,2,-3.0,541.0,-16.66252899169922,solid,water_floor
A6-02,Section 2,2,-3.0,542.0,-11.721467018127441,solid,water_floor
A6-02,Section 2,2,-3.0,543.0,-38.033870697021484,solid,water_floor
A6-02,Section 2,2,-3.0,544.0,-9.855290412902832,solid,water_floor
A6-02,Section 2,2,-3.0,545.0,-15.97092342376709,solid,water_floor
A6-02,Section 2,2,-3.0,546.0,-38.31464767456055,solid,water_floor
A6-02,Section 2,2,-3.0,547.0,-35.27146911621094,solid,water_floor
A6-02,Section 2,2,-3.0,548.0,-26.339136123657227,solid,water_floor
A6-02,Section 2,2,-3.0,549.0,-41.21770095825195,solid,water_floor
A6-02,Section 2,2,-3.0,550.0,-42.57843017578125,solid,water_floor
A6-02,Section 2,2,-3.0,551.0,-39.780174255371094,solid,water_floor
A6-02,Section 2,2,-3.0,552.0,-40.52974319458008,solid,water_floor
A6-02,Section 2,2,-3.0,553.0,-40.724727630615234,solid,water_floor
A6-02,Section 2,2,-3.0,554.0,-38.889041900634766,solid,water_floor
A6-02,Section 2,2,-3.0,555.0,-41.46827697753906,solid,water_floor
A6-02,Section 2,2,-3.0,556.0,-32.97011184692383,solid,water_floor
A6-02,Section 2,2,-3.0,557.0,-30.566524505615234,solid,water_floor
A6-02,Section 2,2,-3.0,558.0,-38.047733306884766,solid,water_floor
A6-02,Section 2,2,-3.0,559.0,-33.71037292480469,solid,water_floor
A6-02,Section 2,2,-3.0,560.0,-30.80769157409668,solid,water_floor
A6-02,Section 2,2,-3.0,561.0,-28.466039657592773,solid,water_floor
A6-02,Section 2,2,-3.0,562.0,-36.562705993652344,solid,water_floor
A6-02,Section 2,2,-3.0,563.0,-32.66620635986328,solid,water_floor
A6-02,Section 2,2,-3.0,564.0,-19.826658248901367,solid,water_floor
A6-02,Section 2,2,-3.0,565.0,-9.717498779296875,solid,water_floor
A6-02,Section 2,2,-3.0,566.0,-8.731761932373047,solid,water_floor
A6-02,Section 2,2,-3.0,567.0,-7.887150764465332,solid,water_floor
A6-02,Section 2,2,-3.0,568.0,-24.163578033447266,solid,water_floor
A6-02,Section 2,2,-3.0,569.0,-33.72052001953125,solid,water_floor
A6-02,Section 2,2,-3.0,570.0,-14.796174049377441,solid,water_floor
A6-02,Section 2,2,-3.0,571.0,-21.648340225219727,solid,water_floor
A6-02,Section 2,2,-3.0,572.0,-20.623106002807617,solid,water_floor
A6-02,Section 2,2,-3.0,573.0,-17.986408233642578,solid,water_floor
A6-02,Section 2,2,-3.0,574.0,-31.219383239746094,solid,water_floor
A6-02,Section 2,2,-3.0,575.0,-9.837457656860352,solid,water_floor
A6-02,Section 2,2,-3.0,576.0,-4.242124080657959,solid,water_floor
A6-02,Section 2,2,-3.0,577.0,-3.539569139480591,solid,water_floor
A6-02,Section 2,2,-3.0,578.0,-3.467897891998291,solid,water_floor
A6-02,Section 2,2,-2.7623684406280518,579.0,-2.7623684406280518,solid,sampled
A6-02,Section 2,2,-2.668245792388916,580.0,-2.668245792388916,solid,sampled
A6-02,Section 2,2,-2.5960116386413574,581.0,-2.5960116386413574,solid,sampled
A6-02,Section 2,2,-2.683265447616577,582.0,-2.683265447616577,solid,sampled
A6-02,Section 2,2,-2.635380506515503,583.0,-2.635380506515503,solid,sampled
A6-02,Section 2,2,-2.644732713699341,584.0,-2.644732713699341,solid,sampled
A6-02,Section 2,2,-2.597426176071167,585.0,-2.597426176071167,solid,sampled
A6-02,Section 2,2,-2.4716694355010986,586.0,-2.4716694355010986,solid,sampled
A6-02,Section 2,2,-2.590712070465088,587.0,-2.590712070465088,solid,sampled
A6-02,Section 2,2,-2.5738110542297363,588.0,-2.5738110542297363,solid,sampled
A6-02,Section 2,2,-2.5248868465423584,589.0,-2.5248868465423584,solid,sampled
A6-02,Section 2,2,-2.4800894260406494,590.0,-2.4800894260406494,solid,sampled
A6-02,Section 2,2,-2.434046983718872,591.0,-2.434046983718872,solid,sampled
A6-02,Section 2,2,-2.472344398498535,592.0,-2.472344398498535,solid,sampled
A6-02,Section 2,2,-2.440659284591675,593.0,-2.440659284591675,solid,sampled
A6-02,Section 2,2,-2.487856864929199,594.0,-2.487856864929199,solid,sampled
A6-02,Section 2,2,-2.4559707641601562,595.0,-2.4559707641601562,solid,sampled
A6-02,Section 2,2,-2.472275733947754,596.0,-2.472275733947754,solid,sampled
A6-02,Section 2,2,-2.449117660522461,597.0,-2.449117660522461,solid,sampled
A6-02,Section 2,2,-2.329921245574951,598.0,-2.329921245574951,solid,sampled
A6-02,Section 2,2,-2.295867919921875,599.0,-2.295867919921875,solid,sampled
A6-02,Section 2,2,-2.2063260078430176,600.0,-2.2063260078430176,solid,sampled
A6-02,Section 2,2,-2.1126976013183594,601.0,-2.1126976013183594,solid,sampled
A6-02,Section 2,2,-2.08166241645813,602.0,-2.08166241645813,solid,sampled
A6-02,Section 2,2,-2.0489110946655273,603.0,-2.0489110946655273,solid,sampled
A6-02,Section 2,2,-1.987591028213501,604.0,-1.987591028213501,solid,sampled
A6-02,Section 2,2,-1.9227197170257568,605.0,-1.9227197170257568,solid,sampled
A6-02,Section 2,2,-1.840156078338623,606.0,-1.840156078338623,solid,sampled
A6-02,Section 2,2,-1.7642807960510254,607.0,-1.7642807960510254,solid,sampled
A6-02,Section 2,2,-1.6773481369018555,608.0,-1.6773481369018555,solid,sampled
A6-02,Section 2,2,-1.5983489751815796,609.0,-1.5983489751815796,solid,sampled
A6-02,Section 2,2,-1.514911413192749,610.0,-1.514911413192749,solid,sampled
A6-02,Section 2,2,-1.4187496900558472,611.0,-1.4187496900558472,solid,sampled
A6-02,Section 2,2,-1.3794726133346558,612.0,-1.3794726133346558,solid,sampled
A6-02,Section 2,2,-1.313789963722229,613.0,-1.313789963722229,solid,sampled
A6-02,Section 2,2,-1.221356987953186,614.0,-1.221356987953186,solid,sampled
A6-02,Section 2,2,-1.1538535356521606,615.0,-1.1538535356521606,solid,sampled
A6-02,Section 2,2,-1.1228646039962769,616.0,-1.1228646039962769,solid,sampled
A6-02,Section 2,2,-1.014766812324524,617.0,-1.014766812324524,solid,sampled
A6-02,Section 2,2,-0.9475231170654297,618.0,-0.9475231170654297,solid,sampled
A6-02,Section 2,2,-0.9208382368087769,619.0,-0.9208382368087769,solid,sampled
A6-02,Section 2,2,-0.8571001291275024,620.0,-0.8571001291275024,solid,sampled
A6-02,Section 2,2,-0.7832283973693848,621.0,-0.7832283973693848,solid,sampled
A6-02,Section 2,2,-0.7277296781539917,622.0,-0.7277296781539917,solid,sampled
A6-02,Section 2,2,-0.6820574402809143,623.0,-0.6820574402809143,solid,sampled
A6-02,Section 2,2,-0.6353216171264648,624.0,-0.6353216171264648,solid,sampled
A6-02,Section 2,2,-0.5591417551040649,625.0,-0.5591417551040649,solid,sampled
A6-02,Section 2,2,-0.5098415613174438,626.0,-0.5098415613174438,solid,sampled
A6-02,Section 2,2,-0.4512491226196289,627.0,-0.4512491226196289,solid,sampled
A6-02,Section 2,2,-0.40727779269218445,628.0,-0.40727779269218445,solid,sampled
A6-02,Section 2,2,-0.3559931814670563,629.0,-0.3559931814670563,solid,sampled
A6-02,Section 2,2,-0.29918238520622253,630.0,-0.29918238520622253,solid,sampled
A6-02,Section 2,2,-0.2537810802459717,631.0,-0.2537810802459717,solid,sampled
A6-02,Section 2,2,-0.19603277742862701,632.0,-0.19603277742862701,solid,sampled
A6-02,Section 2,2,-0.1445525884628296,633.0,-0.1445525884628296,solid,sampled
A6-02,Section 2,2,-0.08635278791189194,634.0,-0.08635278791189194,solid,sampled
A6-02,Section 2,2,-0.04058432579040527,635.0,-0.04058432579040527,solid,sampled
A6-02,Section 2,2,-0.0009544789791107178,636.0,-0.0009544789791107178,solid,sampled
A6-02,Section 2,2,0.05501812696456909,637.0,0.05501812696456909,solid,sampled
A6-02,Section 2,2,0.10283946990966797,638.0,0.10283946990966797,solid,sampled
A6-02,Section 2,2,0.14835211634635925,639.0,0.14835211634635925,solid,sampled
A6-02,Section 2,2,0.1834663450717926,640.0,0.1834663450717926,solid,sampled
A6-02,Section 2,2,0.21231326460838318,641.0,0.21231326460838318,solid,sampled
A6-02,Section 2,2,0.2491845190525055,642.0,0.2491845190525055,solid,sampled
A6-02,Section 2,2,0.27315235137939453,643.0,0.27315235137939453,solid,sampled
A6-02,Section 2,2,0.30408263206481934,644.0,0.30408263206481934,solid,sampled
A6-02,Section 2,2,0.3440234959125519,645.0,0.3440234959125519,solid,sampled
A6-02,Section 2,2,0.39079952239990234,646.0,0.39079952239990234,solid,sampled
A6-02,Section 2,2,0.4417886734008789,647.0,0.4417886734008789,solid,sampled
A6-02,Section 2,2,0.497275710105896,648.0,0.497275710105896,solid,sampled
A6-02,Section 2,2,0.5539753437042236,649.0,0.5539753437042236,solid,sampled
A6-02,Section 2,2,0.6219565272331238,650.0,0.6219565272331238,solid,sampled
A6-02,Section 2,2,0.7043920159339905,651.0,0.7043920159339905,solid,sampled
A6-02,Section 2,2,0.8147376775741577,652.0,0.8147376775741577,solid,sampled
A6-02,Section 2,2,0.9422104358673096,653.0,0.9422104358673096,solid,sampled
A6-02,Section 2,2,1.1036310195922852,654.0,1.1036310195922852,solid,sampled
A6-02,Section 2,2,1.2625569105148315,655.0,1.2625569105148315,solid,sampled
A6-02,Section 2,2,1.3554739952087402,656.0,1.3554739952087402,solid,sampled
A6-02,Section 2,2,1.430067539215088,657.0,1.430067539215088,solid,sampled
A6-02,Section 2,2,1.5964999198913574,658.0,1.5964999198913574,solid,sampled
A6-02,Section 2,2,1.7271239757537842,659.0,1.7271239757537842,solid,sampled
A6-02,Section 2,2,1.8122485876083374,660.0,1.8122485876083374,solid,sampled
A6-02,Section 2,2,1.9253900051116943,661.0,1.9253900051116943,solid,sampled
A6-02,Section 2,2,2.0989603996276855,662.0,2.0989603996276855,solid,sampled
A6-02,Section 2,2,6.660372734069824,663.0,6.660372734069824,solid,sampled
A6-02,Section 2,2,8.25125503540039,664.0,8.25125503540039,solid,sampled
A6-02,Section 2,2,8.96424674987793,665.0,8.96424674987793,solid,sampled
A6-02,Section 2,2,9.073884963989258,666.0,9.073884963989258,solid,sampled
A6-02,Section 2,2,9.220791816711426,667.0,9.220791816711426,solid,sampled
A6-02,Section 2,2,9.604927062988281,668.0,9.604927062988281,solid,sampled
A6-02,Section 2,2,9.454435348510742,669.0,9.454435348510742,solid,sampled
A6-02,Section 2,2,8.211810111999512,670.0,8.211810111999512,solid,sampled
A6-02,Section 2,2,8.201642990112305,671.0,8.201642990112305,solid,sampled
A6-02,Section 2,2,8.38575267791748,672.0,8.38575267791748,solid,sampled
A6-02,Section 2,2,8.590118408203125,673.0,8.590118408203125,solid,sampled
A6-02,Section 2,2,8.828004837036133,674.0,8.828004837036133,solid,sampled
A6-02,Section 2,2,9.091131210327148,675.0,9.091131210327148,solid,sampled
A6-02,Section 2,2,9.372197151184082,676.0,9.372197151184082,solid,sampled
A6-02,Section 2,2,9.626213073730469,677.0,9.626213073730469,solid,sampled
A6-02,Section 2,2,9.912018775939941,678.0,9.912018775939941,solid,sampled
A6-02,Section 2,2,10.154702186584473,679.0,10.154702186584473,solid,sampled
A6-02,Section 2,2,10.40914249420166,680.0,10.40914249420166,solid,sampled
A6-02,Section 2,2,10.68149185180664,681.0,10.68149185180664,solid,sampled
A6-02,Section 2,2,10.935729026794434,682.0,10.935729026794434,solid,sampled
A6-02,Section 2,2,11.181109428405762,683.0,11.181109428405762,solid,sampled
A6-02,Section 2,2,11.443907737731934,684.0,11.443907737731934,solid,sampled
A6-02,Section 2,2,11.67197322845459,685.0,11.67197322845459,solid,sampled
A6-02,Section 2,2,11.917757034301758,686.0,11.917757034301758,solid,sampled
A6-02,Section 2,2,12.152388572692871,687.0,12.152388572692871,solid,sampled
A6-02,Section 2,2,12.390153884887695,688.0,12.390153884887695,solid,sampled
A6-02,Section 2,2,12.618209838867188,689.0,12.618209838867188,solid,sampled
A6-02,Section 2,2,12.843536376953125,690.0,12.843536376953125,solid,sampled
A6-02,Section 2,2,13.089048385620117,691.0,13.089048385620117,solid,sampled
A6-02,Section 2,2,13.313798904418945,692.0,13.313798904418945,solid,sampled
A6-02,Section 2,2,13.550134658813477,693.0,13.550134658813477,solid,sampled
A6-02,Section 2,2,13.788665771484375,694.0,13.788665771484375,solid,sampled
A6-02,Section 2,2,14.015730857849121,695.0,14.015730857849121,solid,sampled
A6-02,Section 2,2,14.246347427368164,696.0,14.246347427368164,solid,sampled
A6-02,Section 2,2,14.456121444702148,697.0,14.456121444702148,solid,sampled
A6-02,Section 2,2,14.629581451416016,698.0,14.629581451416016,solid,sampled
A6-02,Section 2,2,14.844940185546875,699.0,14.844940185546875,solid,sampled
A6-02,Section 2,2,15.019597053527832,700.0,15.019597053527832,solid,sampled
A6-02,Section 2,2,15.220738410949707,701.0,15.220738410949707,solid,sampled
A6-02,Section 2,2,15.391477584838867,702.0,15.391477584838867,solid,sampled
A6-02,Section 2,2,15.57219409942627,703.0,15.57219409942627,solid,sampled
A6-02,Section 2,2,15.731127738952637,704.0,15.731127738952637,solid,sampled
A6-02,Section 2,2,15.870733261108398,705.0,15.870733261108398,solid,sampled
A6-02,Section 2,2,16.02554702758789,706.0,16.02554702758789,solid,sampled
A6-02,Section 2,2,16.180278778076172,707.0,16.180278778076172,solid,sampled
A6-02,Section 2,2,16.32285499572754,708.0,16.32285499572754,solid,sampled
A6-02,Section 2,2,0.0,709.0,,dotted,null_fill
A6-02,Section 2,2,0.0,710.0,,dotted,null_fill
A6-02,Section 2,2,0.0,711.0,,dotted,null_fill
A6-02,Section 2,2,0.0,712.0,,dotted,null_fill
A6-02,Section 2,2,0.0,713.0,,dotted,null_fill
A6-02,Section 2,2,0.0,714.0,,dotted,null_fill
A6-02,Section 2,2,0.0,715.0,,dotted,null_fill
A6-02,Section 2,2,0.0,716.0,,dotted,null_fill
A6-02,Section 2,2,0.0,717.0,,dotted,null_fill
A6-02,Section 2,2,0.0,718.0,,dotted,null_fill
A6-02,Section 2,2,0.0,719.0,,dotted,null_fill
A6-02,Section 2,2,0.0,720.0,,dotted,null_fill
A6-02,Section 2,2,0.0,721.0,,dotted,null_fill
A6-02,Section 2,2,0.0,722.0,,dotted,null_fill
A6-02,Section 2,2,0.0,723.0,,dotted,null_fill
A6-02,Section 2,2,0.0,724.0,,dotted,null_fill
A6-02,Section 2,2,0.0,725.0,,dotted,null_fill
A6-02,Section 2,2,0.0,726.0,,dotted,null_fill
A6-02,Section 2,2,0.0,727.0,,dotted,null_fill
A6-02,Section 2,2,0.0,728.0,,dotted,null_fill
A6-02,Section 2,2,0.0,729.0,,dotted,null_fill
A6-02,Section 2,2,0.0,730.0,,dotted,null_fill
A6-02,Section 2,2,0.0,731.0,,dotted,null_fill
A6-02,Section 2,2,0.0,732.0,,dotted,null_fill
A6-02,Section 2,2,0.0,733.0,,dotted,null_fill
A6-02,Section 2,2,0.0,734.0,,dotted,null_fill
A6-02,Section 2,2,0.0,735.0,,dotted,null_fill
A6-02,Section 2,2,0.0,736.0,,dotted,null_fill
A6-02,Section 2,2,0.0,737.0,,dotted,null_fill
A6-02,Section 2,2,0.0,738.0,,dotted,null_fill
A6-02,Section 2,2,0.0,739.0,,dotted,null_fill
A6-02,Section 2,2,0.0,740.0,,dotted,null_fill
A6-02,Section 2,2,0.0,741.0,,dotted,null_fill
A6-02,Section 2,2,0.0,742.0,,dotted,null_fill
A6-02,Section 2,2,0.0,743.0,,dotted,null_fill
A6-02,Section 2,2,0.0,744.0,,dotted,null_fill
A6-02,Section 2,2,0.0,745.0,,dotted,null_fill
A6-02,Section 2,2,0.0,746.0,,dotted,null_fill
A6-02,Section 2,2,0.0,747.0,,dotted,null_fill
A6-02,Section 2,2,0.0,748.0,,dotted,null_fill
A6-03,Section 3,3,0.0,0.0,,dotted,null_fill
A6-03,Section 3,3,0.0,1.0,,dotted,null_fill
A6-03,Section 3,3,0.0,2.0,,dotted,null_fill
A6-03,Section 3,3,0.0,3.0,,dotted,null_fill
A6-03,Section 3,3,0.0,4.0,,dotted,null_fill
A6-03,Section 3,3,0.0,5.0,,dotted,null_fill
A6-03,Section 3,3,0.0,6.0,,dotted,null_fill
A6-03,Section 3,3,0.0,7.0,,dotted,null_fill
A6-03,Section 3,3,0.0,8.0,,dotted,null_fill
A6-03,Section 3,3,0.0,9.0,,dotted,null_fill
A6-03,Section 3,3,0.0,10.0,,dotted,null_fill
A6-03,Section 3,3,0.0,11.0,,dotted,null_fill
A6-03,Section 3,3,0.0,12.0,,dotted,null_fill
A6-03,Section 3,3,0.0,13.0,,dotted,null_fill
A6-03,Section 3,3,0.0,14.0,,dotted,null_fill
A6-03,Section 3,3,0.0,15.0,,dotted,null_fill
A6-03,Section 3,3,0.0,16.0,,dotted,null_fill
A6-03,Section 3,3,0.0,17.0,,dotted,null_fill
A6-03,Section 3,3,0.0,18.0,,dotted,null_fill
A6-03,Section 3,3,0.0,19.0,,dotted,null_fill
A6-03,Section 3,3,0.0,20.0,,dotted,null_fill
A6-03,Section 3,3,0.0,21.0,,dotted,null_fill
A6-03,Section 3,3,0.0,22.0,,dotted,null_fill
A6-03,Section 3,3,0.0,23.0,,dotted,null_fill
A6-03,Section 3,3,0.0,24.0,,dotted,null_fill
A6-03,Section 3,3,0.0,25.0,,dotted,null_fill
A6-03,Section 3,3,0.0,26.0,,dotted,null_fill
A6-03,Section 3,3,0.0,27.0,,dotted,null_fill
A6-03,Section 3,3,0.0,28.0,,dotted,null_fill
A6-03,Section 3,3,0.0,29.0,,dotted,null_fill
A6-03,Section 3,3,0.0,30.0,,dotted,null_fill
A6-03,Section 3,3,0.0,31.0,,dotted,null_fill
A6-03,Section 3,3,0.0,32.0,,dotted,null_fill
A6-03,Section 3,3,0.0,33.0,,dotted,null_fill
A6-03,Section 3,3,0.0,34.0,,dotted,null_fill
A6-03,Section 3,3,0.0,35.0,,dotted,null_fill
A6-03,Section 3,3,0.0,36.0,,dotted,null_fill
A6-03,Section 3,3,0.0,37.0,,dotted,null_fill
A6-03,Section 3,3,0.0,38.0,,dotted,null_fill
A6-03,Section 3,3,0.0,39.0,,dotted,null_fill
A6-03,Section 3,3,0.0,40.0,,dotted,null_fill
A6-03,Section 3,3,0.0,41.0,,dotted,null_fill
A6-03,Section 3,3,0.0,42.0,,dotted,null_fill
A6-03,Section 3,3,0.0,43.0,,dotted,null_fill
A6-03,Section 3,3,0.0,44.0,,dotted,null_fill
A6-03,Section 3,3,0.0,45.0,,dotted,null_fill
A6-03,Section 3,3,0.0,46.0,,dotted,null_fill
A6-03,Section 3,3,21.295934677124023,47.0,21.295934677124023,solid,sampled
A6-03,Section 3,3,21.36019515991211,48.0,21.36019515991211,solid,sampled
A6-03,Section 3,3,20.918447494506836,49.0,20.918447494506836,solid,sampled
A6-03,Section 3,3,21.02033042907715,50.0,21.02033042907715,solid,sampled
A6-03,Section 3,3,21.371164321899414,51.0,21.371164321899414,solid,sampled
A6-03,Section 3,3,21.824752807617188,52.0,21.824752807617188,solid,sampled
A6-03,Section 3,3,21.11553955078125,53.0,21.11553955078125,solid,sampled
A6-03,Section 3,3,20.9707088470459,54.0,20.9707088470459,solid,sampled
A6-03,Section 3,3,20.20318031311035,55.0,20.20318031311035,solid,sampled
A6-03,Section 3,3,19.88311004638672,56.0,19.88311004638672,solid,sampled
A6-03,Section 3,3,20.222829818725586,57.0,20.222829818725586,solid,sampled
A6-03,Section 3,3,20.153072357177734,58.0,20.153072357177734,solid,sampled
A6-03,Section 3,3,19.69413185119629,59.0,19.69413185119629,solid,sampled
A6-03,Section 3,3,18.62762451171875,60.0,18.62762451171875,solid,sampled
A6-03,Section 3,3,18.50958824157715,61.0,18.50958824157715,solid,sampled
A6-03,Section 3,3,18.389066696166992,62.0,18.389066696166992,solid,sampled
A6-03,Section 3,3,17.635351181030273,63.0,17.635351181030273,solid,sampled
A6-03,Section 3,3,16.657564163208008,64.0,16.657564163208008,solid,sampled
A6-03,Section 3,3,16.134422302246094,65.0,16.134422302246094,solid,sampled
A6-03,Section 3,3,15.887392044067383,66.0,15.887392044067383,solid,sampled
A6-03,Section 3,3,15.693268775939941,67.0,15.693268775939941,solid,sampled
A6-03,Section 3,3,15.798469543457031,68.0,15.798469543457031,solid,sampled
A6-03,Section 3,3,16.379806518554688,69.0,16.379806518554688,solid,sampled
A6-03,Section 3,3,16.301616668701172,70.0,16.301616668701172,solid,sampled
A6-03,Section 3,3,16.106950759887695,71.0,16.106950759887695,solid,sampled
A6-03,Section 3,3,15.389331817626953,72.0,15.389331817626953,solid,sampled
A6-03,Section 3,3,15.391315460205078,73.0,15.391315460205078,solid,sampled
A6-03,Section 3,3,15.376401901245117,74.0,15.376401901245117,solid,sampled
A6-03,Section 3,3,15.113409996032715,75.0,15.113409996032715,solid,sampled
A6-03,Section 3,3,14.600225448608398,76.0,14.600225448608398,solid,sampled
A6-03,Section 3,3,11.770783424377441,77.0,11.770783424377441,solid,sampled
A6-03,Section 3,3,12.660331726074219,78.0,12.660331726074219,solid,sampled
A6-03,Section 3,3,13.70748233795166,79.0,13.70748233795166,solid,sampled
A6-03,Section 3,3,14.271666526794434,80.0,14.271666526794434,solid,sampled
A6-03,Section 3,3,13.96321964263916,81.0,13.96321964263916,solid,sampled
A6-03,Section 3,3,13.39035701751709,82.0,13.39035701751709,solid,sampled
A6-03,Section 3,3,13.092171669006348,83.0,13.092171669006348,solid,sampled
A6-03,Section 3,3,12.983011245727539,84.0,12.983011245727539,solid,sampled
A6-03,Section 3,3,12.29245662689209,85.0,12.29245662689209,solid,sampled
A6-03,Section 3,3,10.38447380065918,86.0,10.38447380065918,solid,sampled
A6-03,Section 3,3,8.490089416503906,87.0,8.490089416503906,solid,sampled
A6-03,Section 3,3,6.482156753540039,88.0,6.482156753540039,solid,sampled
A6-03,Section 3,3,5.558002471923828,89.0,5.558002471923828,solid,sampled
A6-03,Section 3,3,3.534104585647583,90.0,3.534104585647583,solid,sampled
A6-03,Section 3,3,3.277097702026367,91.0,3.277097702026367,solid,sampled
A6-03,Section 3,3,3.1581974029541016,92.0,3.1581974029541016,solid,sampled
A6-03,Section 3,3,3.1162450313568115,93.0,3.1162450313568115,solid,sampled
A6-03,Section 3,3,3.051360845565796,94.0,3.051360845565796,solid,sampled
A6-03,Section 3,3,2.631894826889038,95.0,2.631894826889038,solid,sampled
A6-03,Section 3,3,2.524568557739258,96.0,2.524568557739258,solid,sampled
A6-03,Section 3,3,2.394399642944336,97.0,2.394399642944336,solid,sampled
A6-03,Section 3,3,2.244800567626953,98.0,2.244800567626953,solid,sampled
A6-03,Section 3,3,2.147249698638916,99.0,2.147249698638916,solid,sampled
A6-03,Section 3,3,2.1059749126434326,100.0,2.1059749126434326,solid,sampled
A6-03,Section 3,3,2.0188846588134766,101.0,2.0188846588134766,solid,sampled
A6-03,Section 3,3,1.909766435623169,102.0,1.909766435623169,solid,sampled
A6-03,Section 3,3,1.8404297828674316,103.0,1.8404297828674316,solid,sampled
A6-03,Section 3,3,1.7583658695220947,104.0,1.7583658695220947,solid,sampled
A6-03,Section 3,3,1.6753227710723877,105.0,1.6753227710723877,solid,sampled
A6-03,Section 3,3,1.6057283878326416,106.0,1.6057283878326416,solid,sampled
A6-03,Section 3,3,1.5166661739349365,107.0,1.5166661739349365,solid,sampled
A6-03,Section 3,3,1.443162441253662,108.0,1.443162441253662,solid,sampled
A6-03,Section 3,3,1.35113525390625,109.0,1.35113525390625,solid,sampled
A6-03,Section 3,3,1.2967846393585205,110.0,1.2967846393585205,solid,sampled
A6-03,Section 3,3,1.1983619928359985,111.0,1.1983619928359985,solid,sampled
A6-03,Section 3,3,1.1322154998779297,112.0,1.1322154998779297,solid,sampled
A6-03,Section 3,3,1.0777746438980103,113.0,1.0777746438980103,solid,sampled
A6-03,Section 3,3,1.0156595706939697,114.0,1.0156595706939697,solid,sampled
A6-03,Section 3,3,0.9798219203948975,115.0,0.9798219203948975,solid,sampled
A6-03,Section 3,3,0.9356120824813843,116.0,0.9356120824813843,solid,sampled
A6-03,Section 3,3,0.8670699596405029,117.0,0.8670699596405029,solid,sampled
A6-03,Section 3,3,0.8187623023986816,118.0,0.8187623023986816,solid,sampled
A6-03,Section 3,3,0.7699921131134033,119.0,0.7699921131134033,solid,sampled
A6-03,Section 3,3,0.7184222936630249,120.0,0.7184222936630249,solid,sampled
A6-03,Section 3,3,0.6598973274230957,121.0,0.6598973274230957,solid,sampled
A6-03,Section 3,3,0.6017184257507324,122.0,0.6017184257507324,solid,sampled
A6-03,Section 3,3,0.5456204414367676,123.0,0.5456204414367676,solid,sampled
A6-03,Section 3,3,0.4769850969314575,124.0,0.4769850969314575,solid,sampled
A6-03,Section 3,3,0.4003845155239105,125.0,0.4003845155239105,solid,sampled
A6-03,Section 3,3,0.30600813031196594,126.0,0.30600813031196594,solid,sampled
A6-03,Section 3,3,0.2357311248779297,127.0,0.2357311248779297,solid,sampled
A6-03,Section 3,3,0.13704530894756317,128.0,0.13704530894756317,solid,sampled
A6-03,Section 3,3,0.053154319524765015,129.0,0.053154319524765015,solid,sampled
A6-03,Section 3,3,-0.015069067478179932,130.0,-0.015069067478179932,solid,sampled
A6-03,Section 3,3,-0.09176938235759735,131.0,-0.09176938235759735,solid,sampled
A6-03,Section 3,3,-0.15930432081222534,132.0,-0.15930432081222534,solid,sampled
A6-03,Section 3,3,-0.2645872235298157,133.0,-0.2645872235298157,solid,sampled
A6-03,Section 3,3,-0.3429926037788391,134.0,-0.3429926037788391,solid,sampled
A6-03,Section 3,3,-0.39073389768600464,135.0,-0.39073389768600464,solid,sampled
A6-03,Section 3,3,-0.4776115417480469,136.0,-0.4776115417480469,solid,sampled
A6-03,Section 3,3,-0.5615885257720947,137.0,-0.5615885257720947,solid,sampled
A6-03,Section 3,3,-0.613706111907959,138.0,-0.613706111907959,solid,sampled
A6-03,Section 3,3,-0.6777331829071045,139.0,-0.6777331829071045,solid,sampled
A6-03,Section 3,3,-0.7294711470603943,140.0,-0.7294711470603943,solid,sampled
A6-03,Section 3,3,-0.778541624546051,141.0,-0.778541624546051,solid,sampled
A6-03,Section 3,3,-0.8426597118377686,142.0,-0.8426597118377686,solid,sampled
A6-03,Section 3,3,-0.9062860608100891,143.0,-0.9062860608100891,solid,sampled
A6-03,Section 3,3,-0.9735506176948547,144.0,-0.9735506176948547,solid,sampled
A6-03,Section 3,3,-1.0159887075424194,145.0,-1.0159887075424194,solid,sampled
A6-03,Section 3,3,-1.0719012022018433,146.0,-1.0719012022018433,solid,sampled
A6-03,Section 3,3,-1.1367037296295166,147.0,-1.1367037296295166,solid,sampled
A6-03,Section 3,3,-1.1820696592330933,148.0,-1.1820696592330933,solid,sampled
A6-03,Section 3,3,-1.2570853233337402,149.0,-1.2570853233337402,solid,sampled
A6-03,Section 3,3,-1.2600959539413452,150.0,-1.2600959539413452,solid,sampled
A6-03,Section 3,3,-1.3072127103805542,151.0,-1.3072127103805542,solid,sampled
A6-03,Section 3,3,-1.4564462900161743,152.0,-1.4564462900161743,solid,sampled
A6-03,Section 3,3,-1.5902224779129028,153.0,-1.5902224779129028,solid,sampled
A6-03,Section 3,3,-1.6721346378326416,154.0,-1.6721346378326416,solid,sampled
A6-03,Section 3,3,-1.809136986732483,155.0,-1.809136986732483,solid,sampled
A6-03,Section 3,3,-1.8907482624053955,156.0,-1.8907482624053955,solid,sampled
A6-03,Section 3,3,-1.9866468906402588,157.0,-1.9866468906402588,solid,sampled
A6-03,Section 3,3,-2.0329132080078125,158.0,-2.0329132080078125,solid,sampled
A6-03,Section 3,3,-2.073491334915161,159.0,-2.073491334915161,solid,sampled
A6-03,Section 3,3,-2.078143358230591,160.0,-2.078143358230591,solid,sampled
A6-03,Section 3,3,-2.0879437923431396,161.0,-2.0879437923431396,solid,sampled
A6-03,Section 3,3,-2.1173412799835205,162.0,-2.1173412799835205,solid,sampled
A6-03,Section 3,3,-2.2386693954467773,163.0,-2.2386693954467773,solid,sampled
A6-03,Section 3,3,-2.3503856658935547,164.0,-2.3503856658935547,solid,sampled
A6-03,Section 3,3,-2.4495577812194824,165.0,-2.4495577812194824,solid,sampled
A6-03,Section 3,3,-2.671989917755127,166.0,-2.671989917755127,solid,sampled
A6-03,Section 3,3,-2.408493995666504,167.0,-2.408493995666504,solid,sampled
A6-03,Section 3,3,-2.968474864959717,168.0,-2.968474864959717,solid,sampled
A6-03,Section 3,3,-3.0,169.0,-3.737147808074951,solid,water_floor
A6-03,Section 3,3,-3.0,170.0,-3.2046613693237305,solid,water_floor
A6-03,Section 3,3,-3.0,171.0,-6.439321994781494,solid,water_floor
A6-03,Section 3,3,-3.0,172.0,-4.133544921875,solid,water_floor
A6-03,Section 3,3,-3.0,173.0,-4.322768688201904,solid,water_floor
A6-03,Section 3,3,-3.0,174.0,-5.57472038269043,solid,water_floor
A6-03,Section 3,3,-3.0,175.0,-4.629278182983398,solid,water_floor
A6-03,Section 3,3,-3.0,176.0,-14.731611251831055,solid,water_floor
A6-03,Section 3,3,-3.0,177.0,-10.673181533813477,solid,water_floor
A6-03,Section 3,3,-3.0,178.0,-12.329634666442871,solid,water_floor
A6-03,Section 3,3,-3.0,179.0,-14.702043533325195,solid,water_floor
A6-03,Section 3,3,-3.0,180.0,-14.264965057373047,solid,water_floor
A6-03,Section 3,3,-3.0,181.0,-14.47192096710205,solid,water_floor
A6-03,Section 3,3,-3.0,182.0,-39.74313735961914,solid,water_floor
A6-03,Section 3,3,-3.0,183.0,-29.309589385986328,solid,water_floor
A6-03,Section 3,3,-3.0,184.0,-18.081119537353516,solid,water_floor
A6-03,Section 3,3,-3.0,185.0,-21.39088249206543,solid,water_floor
A6-03,Section 3,3,-3.0,186.0,-21.169517517089844,solid,water_floor
A6-03,Section 3,3,-3.0,187.0,-15.839093208312988,solid,water_floor
A6-03,Section 3,3,-3.0,188.0,-9.150493621826172,solid,water_floor
A6-03,Section 3,3,-3.0,189.0,-19.947017669677734,solid,water_floor
A6-03,Section 3,3,-3.0,190.0,-19.508121490478516,solid,water_floor
A6-03,Section 3,3,-3.0,191.0,-34.03351593017578,solid,water_floor
A6-03,Section 3,3,-3.0,192.0,-15.71017074584961,solid,water_floor
A6-03,Section 3,3,-3.0,193.0,-9.304101943969727,solid,water_floor
A6-03,Section 3,3,-3.0,194.0,-10.9446382522583,solid,water_floor
A6-03,Section 3,3,-3.0,195.0,-13.971980094909668,solid,water_floor
A6-03,Section 3,3,-3.0,196.0,-9.627115249633789,solid,water_floor
A6-03,Section 3,3,-3.0,197.0,-6.219439506530762,solid,water_floor
A6-03,Section 3,3,-3.0,198.0,-5.832908630371094,solid,water_floor
A6-03,Section 3,3,-3.0,199.0,-6.496330738067627,solid,water_floor
A6-03,Section 3,3,-3.0,200.0,-4.212567329406738,solid,water_floor
A6-03,Section 3,3,-3.0,201.0,-3.616516351699829,solid,water_floor
A6-03,Section 3,3,-3.0,202.0,-3.1715269088745117,solid,water_floor
A6-03,Section 3,3,-2.47314453125,203.0,-2.47314453125,solid,sampled
A6-03,Section 3,3,-2.3026177883148193,204.0,-2.3026177883148193,solid,sampled
A6-03,Section 3,3,-2.470183849334717,205.0,-2.470183849334717,solid,sampled
A6-03,Section 3,3,-2.18565034866333,206.0,-2.18565034866333,solid,sampled
A6-03,Section 3,3,-2.0554685592651367,207.0,-2.0554685592651367,solid,sampled
A6-03,Section 3,3,-2.0040946006774902,208.0,-2.0040946006774902,solid,sampled
A6-03,Section 3,3,-1.941009283065796,209.0,-1.941009283065796,solid,sampled
A6-03,Section 3,3,-1.8496136665344238,210.0,-1.8496136665344238,solid,sampled
A6-03,Section 3,3,-1.776789903640747,211.0,-1.776789903640747,solid,sampled
A6-03,Section 3,3,-1.704347848892212,212.0,-1.704347848892212,solid,sampled
A6-03,Section 3,3,-1.6334590911865234,213.0,-1.6334590911865234,solid,sampled
A6-03,Section 3,3,-1.5942611694335938,214.0,-1.5942611694335938,solid,sampled
A6-03,Section 3,3,-1.646549105644226,215.0,-1.646549105644226,solid,sampled
A6-03,Section 3,3,-1.7976469993591309,216.0,-1.7976469993591309,solid,sampled
A6-03,Section 3,3,-1.788855791091919,217.0,-1.788855791091919,solid,sampled
A6-03,Section 3,3,-1.8058733940124512,218.0,-1.8058733940124512,solid,sampled
A6-03,Section 3,3,-1.7947683334350586,219.0,-1.7947683334350586,solid,sampled
A6-03,Section 3,3,-1.7233939170837402,220.0,-1.7233939170837402,solid,sampled
A6-03,Section 3,3,-1.63835871219635,221.0,-1.63835871219635,solid,sampled
A6-03,Section 3,3,-1.5951993465423584,222.0,-1.5951993465423584,solid,sampled
A6-03,Section 3,3,-1.5819638967514038,223.0,-1.5819638967514038,solid,sampled
A6-03,Section 3,3,-1.5024843215942383,224.0,-1.5024843215942383,solid,sampled
A6-03,Section 3,3,-1.466374158859253,225.0,-1.466374158859253,solid,sampled
A6-03,Section 3,3,-1.4328389167785645,226.0,-1.4328389167785645,solid,sampled
A6-03,Section 3,3,-1.414160966873169,227.0,-1.414160966873169,solid,sampled
A6-03,Section 3,3,-1.3965781927108765,228.0,-1.3965781927108765,solid,sampled
A6-03,Section 3,3,-1.4043574333190918,229.0,-1.4043574333190918,solid,sampled
A6-03,Section 3,3,-1.4282985925674438,230.0,-1.4282985925674438,solid,sampled
A6-03,Section 3,3,-1.4596607685089111,231.0,-1.4596607685089111,solid,sampled
A6-03,Section 3,3,-1.4907684326171875,232.0,-1.4907684326171875,solid,sampled
A6-03,Section 3,3,-1.5380878448486328,233.0,-1.5380878448486328,solid,sampled
A6-03,Section 3,3,-1.5717984437942505,234.0,-1.5717984437942505,solid,sampled
A6-03,Section 3,3,-1.575541377067566,235.0,-1.575541377067566,solid,sampled
A6-03,Section 3,3,-1.5449192523956299,236.0,-1.5449192523956299,solid,sampled
A6-03,Section 3,3,-1.4706939458847046,237.0,-1.4706939458847046,solid,sampled
A6-03,Section 3,3,-1.3917958736419678,238.0,-1.3917958736419678,solid,sampled
A6-03,Section 3,3,-1.3747708797454834,239.0,-1.3747708797454834,solid,sampled
A6-03,Section 3,3,-1.398510217666626,240.0,-1.398510217666626,solid,sampled
A6-03,Section 3,3,-1.3966262340545654,241.0,-1.3966262340545654,solid,sampled
A6-03,Section 3,3,-1.388889193534851,242.0,-1.388889193534851,solid,sampled
A6-03,Section 3,3,-1.4156556129455566,243.0,-1.4156556129455566,solid,sampled
A6-03,Section 3,3,-1.4185785055160522,244.0,-1.4185785055160522,solid,sampled
A6-03,Section 3,3,-1.4184314012527466,245.0,-1.4184314012527466,solid,sampled
A6-03,Section 3,3,-1.4242033958435059,246.0,-1.4242033958435059,solid,sampled
A6-03,Section 3,3,-1.4335436820983887,247.0,-1.4335436820983887,solid,sampled
A6-03,Section 3,3,-1.4413669109344482,248.0,-1.4413669109344482,solid,sampled
A6-03,Section 3,3,-1.4402711391448975,249.0,-1.4402711391448975,solid,sampled
A6-03,Section 3,3,-1.4423561096191406,250.0,-1.4423561096191406,solid,sampled
A6-03,Section 3,3,-1.4454638957977295,251.0,-1.4454638957977295,solid,sampled
A6-03,Section 3,3,-1.4535901546478271,252.0,-1.4535901546478271,solid,sampled
A6-03,Section 3,3,-1.4594237804412842,253.0,-1.4594237804412842,solid,sampled
A6-03,Section 3,3,-1.4402841329574585,254.0,-1.4402841329574585,solid,sampled
A6-03,Section 3,3,-1.4632200002670288,255.0,-1.4632200002670288,solid,sampled
A6-03,Section 3,3,-1.4610040187835693,256.0,-1.4610040187835693,solid,sampled
A6-03,Section 3,3,-1.465321660041809,257.0,-1.465321660041809,solid,sampled
A6-03,Section 3,3,-1.4660096168518066,258.0,-1.4660096168518066,solid,sampled
A6-03,Section 3,3,-1.4724948406219482,259.0,-1.4724948406219482,solid,sampled
A6-03,Section 3,3,-1.4608625173568726,260.0,-1.4608625173568726,solid,sampled
A6-03,Section 3,3,-1.4585117101669312,261.0,-1.4585117101669312,solid,sampled
A6-03,Section 3,3,-1.452089548110962,262.0,-1.452089548110962,solid,sampled
A6-03,Section 3,3,-1.4774115085601807,263.0,-1.4774115085601807,solid,sampled
A6-03,Section 3,3,-1.4779512882232666,264.0,-1.4779512882232666,solid,sampled
A6-03,Section 3,3,-1.501969814300537,265.0,-1.501969814300537,solid,sampled
A6-03,Section 3,3,-1.5317387580871582,266.0,-1.5317387580871582,solid,sampled
A6-03,Section 3,3,-1.5611655712127686,267.0,-1.5611655712127686,solid,sampled
A6-03,Section 3,3,-1.5535211563110352,268.0,-1.5535211563110352,solid,sampled
A6-03,Section 3,3,-1.5428966283798218,269.0,-1.5428966283798218,solid,sampled
A6-03,Section 3,3,-1.5467700958251953,270.0,-1.5467700958251953,solid,sampled
A6-03,Section 3,3,-1.5201659202575684,271.0,-1.5201659202575684,solid,sampled
A6-03,Section 3,3,-1.5176525115966797,272.0,-1.5176525115966797,solid,sampled
A6-03,Section 3,3,-1.5134260654449463,273.0,-1.5134260654449463,solid,sampled
A6-03,Section 3,3,-1.499746322631836,274.0,-1.499746322631836,solid,sampled
A6-03,Section 3,3,-1.52144455909729,275.0,-1.52144455909729,solid,sampled
A6-03,Section 3,3,-1.5290133953094482,276.0,-1.5290133953094482,solid,sampled
A6-03,Section 3,3,-1.5282539129257202,277.0,-1.5282539129257202,solid,sampled
A6-03,Section 3,3,-1.5435686111450195,278.0,-1.5435686111450195,solid,sampled
A6-03,Section 3,3,-1.5543186664581299,279.0,-1.5543186664581299,solid,sampled
A6-03,Section 3,3,-1.56620192527771,280.0,-1.56620192527771,solid,sampled
A6-03,Section 3,3,-1.623618245124817,281.0,-1.623618245124817,solid,sampled
A6-03,Section 3,3,-1.7067538499832153,282.0,-1.7067538499832153,solid,sampled
A6-03,Section 3,3,-1.7596449851989746,283.0,-1.7596449851989746,solid,sampled
A6-03,Section 3,3,-1.7726876735687256,284.0,-1.7726876735687256,solid,sampled
A6-03,Section 3,3,-1.7990801334381104,285.0,-1.7990801334381104,solid,sampled
A6-03,Section 3,3,-1.8637189865112305,286.0,-1.8637189865112305,solid,sampled
A6-03,Section 3,3,-1.8816466331481934,287.0,-1.8816466331481934,solid,sampled
A6-03,Section 3,3,-1.8306561708450317,288.0,-1.8306561708450317,solid,sampled
A6-03,Section 3,3,-1.7736713886260986,289.0,-1.7736713886260986,solid,sampled
A6-03,Section 3,3,-1.713707447052002,290.0,-1.713707447052002,solid,sampled
A6-03,Section 3,3,-1.693338394165039,291.0,-1.693338394165039,solid,sampled
A6-03,Section 3,3,-1.7298811674118042,292.0,-1.7298811674118042,solid,sampled
A6-03,Section 3,3,-1.7446165084838867,293.0,-1.7446165084838867,solid,sampled
A6-03,Section 3,3,-1.754197120666504,294.0,-1.754197120666504,solid,sampled
A6-03,Section 3,3,-1.758362054824829,295.0,-1.758362054824829,solid,sampled
A6-03,Section 3,3,-1.7609256505966187,296.0,-1.7609256505966187,solid,sampled
A6-03,Section 3,3,-1.7562988996505737,297.0,-1.7562988996505737,solid,sampled
A6-03,Section 3,3,-1.7652413845062256,298.0,-1.7652413845062256,solid,sampled
A6-03,Section 3,3,-1.7737038135528564,299.0,-1.7737038135528564,solid,sampled
A6-03,Section 3,3,-1.7823480367660522,300.0,-1.7823480367660522,solid,sampled
A6-03,Section 3,3,-1.7863030433654785,301.0,-1.7863030433654785,solid,sampled
A6-03,Section 3,3,-1.789381980895996,302.0,-1.789381980895996,solid,sampled
A6-03,Section 3,3,-1.779175043106079,303.0,-1.779175043106079,solid,sampled
A6-03,Section 3,3,-1.781949758529663,304.0,-1.781949758529663,solid,sampled
A6-03,Section 3,3,-1.7748658657073975,305.0,-1.7748658657073975,solid,sampled
A6-03,Section 3,3,-1.7745952606201172,306.0,-1.7745952606201172,solid,sampled
A6-03,Section 3,3,-1.7670577764511108,307.0,-1.7670577764511108,solid,sampled
A6-03,Section 3,3,-1.7645061016082764,308.0,-1.7645061016082764,solid,sampled
A6-03,Section 3,3,-1.7892662286758423,309.0,-1.7892662286758423,solid,sampled
A6-03,Section 3,3,-1.7870140075683594,310.0,-1.7870140075683594,solid,sampled
A6-03,Section 3,3,-1.801068902015686,311.0,-1.801068902015686,solid,sampled
A6-03,Section 3,3,-1.7999874353408813,312.0,-1.7999874353408813,solid,sampled
A6-03,Section 3,3,-1.8085657358169556,313.0,-1.8085657358169556,solid,sampled
A6-03,Section 3,3,-1.8071098327636719,314.0,-1.8071098327636719,solid,sampled
A6-03,Section 3,3,-1.805739402770996,315.0,-1.805739402770996,solid,sampled
A6-03,Section 3,3,-1.8021399974822998,316.0,-1.8021399974822998,solid,sampled
A6-03,Section 3,3,-1.836104154586792,317.0,-1.836104154586792,solid,sampled
A6-03,Section 3,3,-1.832341194152832,318.0,-1.832341194152832,solid,sampled
A6-03,Section 3,3,-1.8563607931137085,319.0,-1.8563607931137085,solid,sampled
A6-03,Section 3,3,-1.8283090591430664,320.0,-1.8283090591430664,solid,sampled
A6-03,Section 3,3,-1.8331332206726074,321.0,-1.8331332206726074,solid,sampled
A6-03,Section 3,3,-1.8356521129608154,322.0,-1.8356521129608154,solid,sampled
A6-03,Section 3,3,-1.8117218017578125,323.0,-1.8117218017578125,solid,sampled
A6-03,Section 3,3,-1.8132972717285156,324.0,-1.8132972717285156,solid,sampled
A6-03,Section 3,3,-1.8318157196044922,325.0,-1.8318157196044922,solid,sampled
A6-03,Section 3,3,-1.8448786735534668,326.0,-1.8448786735534668,solid,sampled
A6-03,Section 3,3,-1.842943549156189,327.0,-1.842943549156189,solid,sampled
A6-03,Section 3,3,-1.904186725616455,328.0,-1.904186725616455,solid,sampled
A6-03,Section 3,3,-1.950334072113037,329.0,-1.950334072113037,solid,sampled
A6-03,Section 3,3,-1.9224421977996826,330.0,-1.9224421977996826,solid,sampled
A6-03,Section 3,3,-2.6583914756774902,331.0,-2.6583914756774902,solid,sampled
A6-03,Section 3,3,-2.760819435119629,332.0,-2.760819435119629,solid,sampled
A6-03,Section 3,3,-2.1904098987579346,333.0,-2.1904098987579346,solid,sampled
A6-03,Section 3,3,-2.09858775138855,334.0,-2.09858775138855,solid,sampled
A6-03,Section 3,3,-1.953772783279419,335.0,-1.953772783279419,solid,sampled
A6-03,Section 3,3,-1.8897755146026611,336.0,-1.8897755146026611,solid,sampled
A6-03,Section 3,3,-1.903611421585083,337.0,-1.903611421585083,solid,sampled
A6-03,Section 3,3,-1.902160882949829,338.0,-1.902160882949829,solid,sampled
A6-03,Section 3,3,-1.9418890476226807,339.0,-1.9418890476226807,solid,sampled
A6-03,Section 3,3,-1.9193333387374878,340.0,-1.9193333387374878,solid,sampled
A6-03,Section 3,3,-1.947485327720642,341.0,-1.947485327720642,solid,sampled
A6-03,Section 3,3,-1.9367105960845947,342.0,-1.9367105960845947,solid,sampled
A6-03,Section 3,3,-1.9762953519821167,343.0,-1.9762953519821167,solid,sampled
A6-03,Section 3,3,-2.085530996322632,344.0,-2.085530996322632,solid,sampled
A6-03,Section 3,3,-2.0913052558898926,345.0,-2.0913052558898926,solid,sampled
A6-03,Section 3,3,-2.4133880138397217,346.0,-2.4133880138397217,solid,sampled
A6-03,Section 3,3,-2.422698974609375,347.0,-2.422698974609375,solid,sampled
A6-03,Section 3,3,-2.484752893447876,348.0,-2.484752893447876,solid,sampled
A6-03,Section 3,3,-2.88924241065979,349.0,-2.88924241065979,solid,sampled
A6-03,Section 3,3,-2.6608071327209473,350.0,-2.6608071327209473,solid,sampled
A6-03,Section 3,3,-2.4427688121795654,351.0,-2.4427688121795654,solid,sampled
A6-03,Section 3,3,-2.602694511413574,352.0,-2.602694511413574,solid,sampled
A6-03,Section 3,3,-2.054950475692749,353.0,-2.054950475692749,solid,sampled
A6-03,Section 3,3,-2.145594835281372,354.0,-2.145594835281372,solid,sampled
A6-03,Section 3,3,-2.070836067199707,355.0,-2.070836067199707,solid,sampled
A6-03,Section 3,3,-2.077446460723877,356.0,-2.077446460723877,solid,sampled
A6-03,Section 3,3,-1.8792701959609985,357.0,-1.8792701959609985,solid,sampled
A6-03,Section 3,3,-1.828378438949585,358.0,-1.828378438949585,solid,sampled
A6-03,Section 3,3,-1.7970247268676758,359.0,-1.7970247268676758,solid,sampled
A6-03,Section 3,3,-1.8159315586090088,360.0,-1.8159315586090088,solid,sampled
A6-03,Section 3,3,-1.8261644840240479,361.0,-1.8261644840240479,solid,sampled
A6-03,Section 3,3,-1.8250987529754639,362.0,-1.8250987529754639,solid,sampled
A6-03,Section 3,3,-1.8030204772949219,363.0,-1.8030204772949219,solid,sampled
A6-03,Section 3,3,-1.795656681060791,364.0,-1.795656681060791,solid,sampled
A6-03,Section 3,3,-1.7701109647750854,365.0,-1.7701109647750854,solid,sampled
A6-03,Section 3,3,-1.766139268875122,366.0,-1.766139268875122,solid,sampled
A6-03,Section 3,3,-1.8130033016204834,367.0,-1.8130033016204834,solid,sampled
A6-03,Section 3,3,-1.7853387594223022,368.0,-1.7853387594223022,solid,sampled
A6-03,Section 3,3,-1.7795994281768799,369.0,-1.7795994281768799,solid,sampled
A6-03,Section 3,3,-1.7986096143722534,370.0,-1.7986096143722534,solid,sampled
A6-03,Section 3,3,-1.7777271270751953,371.0,-1.7777271270751953,solid,sampled
A6-03,Section 3,3,-1.8157854080200195,372.0,-1.8157854080200195,solid,sampled
A6-03,Section 3,3,-1.8411455154418945,373.0,-1.8411455154418945,solid,sampled
A6-03,Section 3,3,-1.8546828031539917,374.0,-1.8546828031539917,solid,sampled
A6-03,Section 3,3,-1.8529579639434814,375.0,-1.8529579639434814,solid,sampled
A6-03,Section 3,3,-1.8872454166412354,376.0,-1.8872454166412354,solid,sampled
A6-03,Section 3,3,-1.8962693214416504,377.0,-1.8962693214416504,solid,sampled
A6-03,Section 3,3,-2.029623508453369,378.0,-2.029623508453369,solid,sampled
A6-03,Section 3,3,-1.9740171432495117,379.0,-1.9740171432495117,solid,sampled
A6-03,Section 3,3,-2.213397979736328,380.0,-2.213397979736328,solid,sampled
A6-03,Section 3,3,-2.972752332687378,381.0,-2.972752332687378,solid,sampled
A6-03,Section 3,3,-2.846066474914551,382.0,-2.846066474914551,solid,sampled
A6-03,Section 3,3,-2.9998655319213867,383.0,-2.9998655319213867,solid,sampled
A6-03,Section 3,3,-2.653485059738159,384.0,-2.653485059738159,solid,sampled
A6-03,Section 3,3,-2.6421658992767334,385.0,-2.6421658992767334,solid,sampled
A6-03,Section 3,3,-3.0,386.0,-3.2990963459014893,solid,water_floor
A6-03,Section 3,3,-2.8702592849731445,387.0,-2.8702592849731445,solid,sampled
A6-03,Section 3,3,-2.935358762741089,388.0,-2.935358762741089,solid,sampled
A6-03,Section 3,3,-2.9971365928649902,389.0,-2.9971365928649902,solid,sampled
A6-03,Section 3,3,-2.961947441101074,390.0,-2.961947441101074,solid,sampled
A6-03,Section 3,3,-2.0362560749053955,391.0,-2.0362560749053955,solid,sampled
A6-03,Section 3,3,-2.0173356533050537,392.0,-2.0173356533050537,solid,sampled
A6-03,Section 3,3,-1.9604213237762451,393.0,-1.9604213237762451,solid,sampled
A6-03,Section 3,3,-1.8128626346588135,394.0,-1.8128626346588135,solid,sampled
A6-03,Section 3,3,-1.70073401927948,395.0,-1.70073401927948,solid,sampled
A6-03,Section 3,3,-1.5776499509811401,396.0,-1.5776499509811401,solid,sampled
A6-03,Section 3,3,-1.4257302284240723,397.0,-1.4257302284240723,solid,sampled
A6-03,Section 3,3,-1.237865924835205,398.0,-1.237865924835205,solid,sampled
A6-03,Section 3,3,-1.0415421724319458,399.0,-1.0415421724319458,solid,sampled
A6-03,Section 3,3,-0.8634015917778015,400.0,-0.8634015917778015,solid,sampled
A6-03,Section 3,3,-0.6635022163391113,401.0,-0.6635022163391113,solid,sampled
A6-03,Section 3,3,-0.5223650932312012,402.0,-0.5223650932312012,solid,sampled
A6-03,Section 3,3,-0.4031006097793579,403.0,-0.4031006097793579,solid,sampled
A6-03,Section 3,3,-0.2918826937675476,404.0,-0.2918826937675476,solid,sampled
A6-03,Section 3,3,-0.16673798859119415,405.0,-0.16673798859119415,solid,sampled
A6-03,Section 3,3,-0.06641073524951935,406.0,-0.06641073524951935,solid,sampled
A6-03,Section 3,3,0.013746276497840881,407.0,0.013746276497840881,solid,sampled
A6-03,Section 3,3,0.06231756508350372,408.0,0.06231756508350372,solid,sampled
A6-03,Section 3,3,0.09618988633155823,409.0,0.09618988633155823,solid,sampled
A6-03,Section 3,3,0.12949016690254211,410.0,0.12949016690254211,solid,sampled
A6-03,Section 3,3,0.15121154487133026,411.0,0.15121154487133026,solid,sampled
A6-03,Section 3,3,0.17579889297485352,412.0,0.17579889297485352,solid,sampled
A6-03,Section 3,3,0.1819000244140625,413.0,0.1819000244140625,solid,sampled
A6-03,Section 3,3,0.1941182017326355,414.0,0.1941182017326355,solid,sampled
A6-03,Section 3,3,0.1987827718257904,415.0,0.1987827718257904,solid,sampled
A6-03,Section 3,3,0.20697689056396484,416.0,0.20697689056396484,solid,sampled
A6-03,Section 3,3,0.21546900272369385,417.0,0.21546900272369385,solid,sampled
A6-03,Section 3,3,0.21775159239768982,418.0,0.21775159239768982,solid,sampled
A6-03,Section 3,3,0.20977532863616943,419.0,0.20977532863616943,solid,sampled
A6-03,Section 3,3,0.21404170989990234,420.0,0.21404170989990234,solid,sampled
A6-03,Section 3,3,0.20823419094085693,421.0,0.20823419094085693,solid,sampled
A6-03,Section 3,3,0.2069101631641388,422.0,0.2069101631641388,solid,sampled
A6-03,Section 3,3,0.20296329259872437,423.0,0.20296329259872437,solid,sampled
A6-03,Section 3,3,0.2106161117553711,424.0,0.2106161117553711,solid,sampled
A6-03,Section 3,3,0.21140193939208984,425.0,0.21140193939208984,solid,sampled
A6-03,Section 3,3,0.2003270387649536,426.0,0.2003270387649536,solid,sampled
A6-03,Section 3,3,0.19628101587295532,427.0,0.19628101587295532,solid,sampled
A6-03,Section 3,3,0.20369720458984375,428.0,0.20369720458984375,solid,sampled
A6-03,Section 3,3,0.21336805820465088,429.0,0.21336805820465088,solid,sampled
A6-03,Section 3,3,0.21448571979999542,430.0,0.21448571979999542,solid,sampled
A6-03,Section 3,3,0.21121826767921448,431.0,0.21121826767921448,solid,sampled
A6-03,Section 3,3,0.21147632598876953,432.0,0.21147632598876953,solid,sampled
A6-03,Section 3,3,0.22175383567810059,433.0,0.22175383567810059,solid,sampled
A6-03,Section 3,3,0.23361536860466003,434.0,0.23361536860466003,solid,sampled
A6-03,Section 3,3,0.23921555280685425,435.0,0.23921555280685425,solid,sampled
A6-03,Section 3,3,0.22725367546081543,436.0,0.22725367546081543,solid,sampled
A6-03,Section 3,3,0.23563432693481445,437.0,0.23563432693481445,solid,sampled
A6-03,Section 3,3,0.23817768692970276,438.0,0.23817768692970276,solid,sampled
A6-03,Section 3,3,0.23400846123695374,439.0,0.23400846123695374,solid,sampled
A6-03,Section 3,3,0.23530754446983337,440.0,0.23530754446983337,solid,sampled
A6-03,Section 3,3,0.23894783854484558,441.0,0.23894783854484558,solid,sampled
A6-03,Section 3,3,0.24354144930839539,442.0,0.24354144930839539,solid,sampled
A6-03,Section 3,3,0.23611274361610413,443.0,0.23611274361610413,solid,sampled
A6-03,Section 3,3,0.24203968048095703,444.0,0.24203968048095703,solid,sampled
A6-03,Section 3,3,0.2519712448120117,445.0,0.2519712448120117,solid,sampled
A6-03,Section 3,3,0.24958693981170654,446.0,0.24958693981170654,solid,sampled
A6-03,Section 3,3,0.26263564825057983,447.0,0.26263564825057983,solid,sampled
A6-03,Section 3,3,0.2613896131515503,448.0,0.2613896131515503,solid,sampled
A6-03,Section 3,3,0.2709496021270752,449.0,0.2709496021270752,solid,sampled
A6-03,Section 3,3,0.26382219791412354,450.0,0.26382219791412354,solid,sampled
A6-03,Section 3,3,0.2616502642631531,451.0,0.2616502642631531,solid,sampled
A6-03,Section 3,3,0.2745829224586487,452.0,0.2745829224586487,solid,sampled
A6-03,Section 3,3,0.26948025822639465,453.0,0.26948025822639465,solid,sampled
A6-03,Section 3,3,0.2784026265144348,454.0,0.2784026265144348,solid,sampled
A6-03,Section 3,3,0.2789759039878845,455.0,0.2789759039878845,solid,sampled
A6-03,Section 3,3,0.2867860794067383,456.0,0.2867860794067383,solid,sampled
A6-03,Section 3,3,0.288645476102829,457.0,0.288645476102829,solid,sampled
A6-03,Section 3,3,0.28471487760543823,458.0,0.28471487760543823,solid,sampled
A6-03,Section 3,3,0.2868442237377167,459.0,0.2868442237377167,solid,sampled
A6-03,Section 3,3,0.29132401943206787,460.0,0.29132401943206787,solid,sampled
A6-03,Section 3,3,0.2948143184185028,461.0,0.2948143184185028,solid,sampled
A6-03,Section 3,3,0.3115208148956299,462.0,0.3115208148956299,solid,sampled
A6-03,Section 3,3,0.3029557764530182,463.0,0.3029557764530182,solid,sampled
A6-03,Section 3,3,0.29757487773895264,464.0,0.29757487773895264,solid,sampled
A6-03,Section 3,3,0.2884708642959595,465.0,0.2884708642959595,solid,sampled
A6-03,Section 3,3,0.2955871820449829,466.0,0.2955871820449829,solid,sampled
A6-03,Section 3,3,0.28459930419921875,467.0,0.28459930419921875,solid,sampled
A6-03,Section 3,3,0.2946546673774719,468.0,0.2946546673774719,solid,sampled
A6-03,Section 3,3,0.30211466550827026,469.0,0.30211466550827026,solid,sampled
A6-03,Section 3,3,0.29817330837249756,470.0,0.29817330837249756,solid,sampled
A6-03,Section 3,3,0.2982431650161743,471.0,0.2982431650161743,solid,sampled
A6-03,Section 3,3,0.30463141202926636,472.0,0.30463141202926636,solid,sampled
A6-03,Section 3,3,0.30516135692596436,473.0,0.30516135692596436,solid,sampled
A6-03,Section 3,3,0.29789018630981445,474.0,0.29789018630981445,solid,sampled
A6-03,Section 3,3,0.3023422956466675,475.0,0.3023422956466675,solid,sampled
A6-03,Section 3,3,0.30826881527900696,476.0,0.30826881527900696,solid,sampled
A6-03,Section 3,3,0.3036835789680481,477.0,0.3036835789680481,solid,sampled
A6-03,Section 3,3,0.296903133392334,478.0,0.296903133392334,solid,sampled
A6-03,Section 3,3,0.3091773986816406,479.0,0.3091773986816406,solid,sampled
A6-03,Section 3,3,0.3126508891582489,480.0,0.3126508891582489,solid,sampled
A6-03,Section 3,3,0.3120619058609009,481.0,0.3120619058609009,solid,sampled
A6-03,Section 3,3,0.31077706813812256,482.0,0.31077706813812256,solid,sampled
A6-03,Section 3,3,0.3027544915676117,483.0,0.3027544915676117,solid,sampled
A6-03,Section 3,3,0.304969847202301,484.0,0.304969847202301,solid,sampled
A6-03,Section 3,3,0.303809255361557,485.0,0.303809255361557,solid,sampled
A6-03,Section 3,3,0.2972853183746338,486.0,0.2972853183746338,solid,sampled
A6-03,Section 3,3,0.2987104654312134,487.0,0.2987104654312134,solid,sampled
A6-03,Section 3,3,0.30553948879241943,488.0,0.30553948879241943,solid,sampled
A6-03,Section 3,3,0.2925715446472168,489.0,0.2925715446472168,solid,sampled
A6-03,Section 3,3,0.29045161604881287,490.0,0.29045161604881287,solid,sampled
A6-03,Section 3,3,0.28622937202453613,491.0,0.28622937202453613,solid,sampled
A6-03,Section 3,3,0.2763095498085022,492.0,0.2763095498085022,solid,sampled
A6-03,Section 3,3,0.2686068117618561,493.0,0.2686068117618561,solid,sampled
A6-03,Section 3,3,0.26472413539886475,494.0,0.26472413539886475,solid,sampled
A6-03,Section 3,3,0.2587183117866516,495.0,0.2587183117866516,solid,sampled
A6-03,Section 3,3,0.2597094774246216,496.0,0.2597094774246216,solid,sampled
A6-03,Section 3,3,0.25106436014175415,497.0,0.25106436014175415,solid,sampled
A6-03,Section 3,3,0.23788762092590332,498.0,0.23788762092590332,solid,sampled
A6-03,Section 3,3,0.23178917169570923,499.0,0.23178917169570923,solid,sampled
A6-03,Section 3,3,0.21971286833286285,500.0,0.21971286833286285,solid,sampled
A6-03,Section 3,3,0.20943251252174377,501.0,0.20943251252174377,solid,sampled
A6-03,Section 3,3,0.20580625534057617,502.0,0.20580625534057617,solid,sampled
A6-03,Section 3,3,0.19653606414794922,503.0,0.19653606414794922,solid,sampled
A6-03,Section 3,3,0.18777452409267426,504.0,0.18777452409267426,solid,sampled
A6-03,Section 3,3,0.19104598462581635,505.0,0.19104598462581635,solid,sampled
A6-03,Section 3,3,0.180084228515625,506.0,0.180084228515625,solid,sampled
A6-03,Section 3,3,0.1608372926712036,507.0,0.1608372926712036,solid,sampled
A6-03,Section 3,3,0.15072166919708252,508.0,0.15072166919708252,solid,sampled
A6-03,Section 3,3,0.13700293004512787,509.0,0.13700293004512787,solid,sampled
A6-03,Section 3,3,0.12937557697296143,510.0,0.12937557697296143,solid,sampled
A6-03,Section 3,3,0.12777990102767944,511.0,0.12777990102767944,solid,sampled
A6-03,Section 3,3,0.11735223978757858,512.0,0.11735223978757858,solid,sampled
A6-03,Section 3,3,0.10450204461812973,513.0,0.10450204461812973,solid,sampled
A6-03,Section 3,3,0.08629617094993591,514.0,0.08629617094993591,solid,sampled
A6-03,Section 3,3,0.0655444860458374,515.0,0.0655444860458374,solid,sampled
A6-03,Section 3,3,0.045148856937885284,516.0,0.045148856937885284,solid,sampled
A6-03,Section 3,3,0.028529368340969086,517.0,0.028529368340969086,solid,sampled
A6-03,Section 3,3,0.008574306964874268,518.0,0.008574306964874268,solid,sampled
A6-03,Section 3,3,-0.0042209625244140625,519.0,-0.0042209625244140625,solid,sampled
A6-03,Section 3,3,-0.040445104241371155,520.0,-0.040445104241371155,solid,sampled
A6-03,Section 3,3,-0.04468468576669693,521.0,-0.04468468576669693,solid,sampled
A6-03,Section 3,3,-0.08582735061645508,522.0,-0.08582735061645508,solid,sampled
A6-03,Section 3,3,-0.11122846603393555,523.0,-0.11122846603393555,solid,sampled
A6-03,Section 3,3,-0.13339939713478088,524.0,-0.13339939713478088,solid,sampled
A6-03,Section 3,3,-0.14816850423812866,525.0,-0.14816850423812866,solid,sampled
A6-03,Section 3,3,-0.17060375213623047,526.0,-0.17060375213623047,solid,sampled
A6-03,Section 3,3,-0.2040538787841797,527.0,-0.2040538787841797,solid,sampled
A6-03,Section 3,3,-0.2407081127166748,528.0,-0.2407081127166748,solid,sampled
A6-03,Section 3,3,-0.25627878308296204,529.0,-0.25627878308296204,solid,sampled
A6-03,Section 3,3,-0.2876219153404236,530.0,-0.2876219153404236,solid,sampled
A6-03,Section 3,3,-0.3134493827819824,531.0,-0.3134493827819824,solid,sampled
A6-03,Section 3,3,-0.34891557693481445,532.0,-0.34891557693481445,solid,sampled
A6-03,Section 3,3,-0.380005419254303,533.0,-0.380005419254303,solid,sampled
A6-03,Section 3,3,-0.413244366645813,534.0,-0.413244366645813,solid,sampled
A6-03,Section 3,3,-0.44592583179473877,535.0,-0.44592583179473877,solid,sampled
A6-03,Section 3,3,-0.428655207157135,536.0,-0.428655207157135,solid,sampled
A6-03,Section 3,3,-0.5093270540237427,537.0,-0.5093270540237427,solid,sampled
A6-03,Section 3,3,-0.5328277349472046,538.0,-0.5328277349472046,solid,sampled
A6-03,Section 3,3,-0.5516993403434753,539.0,-0.5516993403434753,solid,sampled
A6-03,Section 3,3,-0.5828880071640015,540.0,-0.5828880071640015,solid,sampled
A6-03,Section 3,3,-0.619737982749939,541.0,-0.619737982749939,solid,sampled
A6-03,Section 3,3,-0.6471537351608276,542.0,-0.6471537351608276,solid,sampled
A6-03,Section 3,3,-0.6732903718948364,543.0,-0.6732903718948364,solid,sampled
A6-03,Section 3,3,-0.7066837549209595,544.0,-0.7066837549209595,solid,sampled
A6-03,Section 3,3,-0.6977490186691284,545.0,-0.6977490186691284,solid,sampled
A6-03,Section 3,3,-0.7262195944786072,546.0,-0.7262195944786072,solid,sampled
A6-03,Section 3,3,-0.7701754570007324,547.0,-0.7701754570007324,solid,sampled
A6-03,Section 3,3,-0.7836527824401855,548.0,-0.7836527824401855,solid,sampled
A6-03,Section 3,3,-0.7857074737548828,549.0,-0.7857074737548828,solid,sampled
A6-03,Section 3,3,-0.7995538711547852,550.0,-0.7995538711547852,solid,sampled
A6-03,Section 3,3,-0.8177314400672913,551.0,-0.8177314400672913,solid,sampled
A6-03,Section 3,3,-0.8415175676345825,552.0,-0.8415175676345825,solid,sampled
A6-03,Section 3,3,-0.8527885675430298,553.0,-0.8527885675430298,solid,sampled
A6-03,Section 3,3,-0.8641341924667358,554.0,-0.8641341924667358,solid,sampled
A6-03,Section 3,3,-0.8844462633132935,555.0,-0.8844462633132935,solid,sampled
A6-03,Section 3,3,-0.8921409845352173,556.0,-0.8921409845352173,solid,sampled
A6-03,Section 3,3,-0.91677325963974,557.0,-0.91677325963974,solid,sampled
A6-03,Section 3,3,-0.9221035838127136,558.0,-0.9221035838127136,solid,sampled
A6-03,Section 3,3,-0.9293596744537354,559.0,-0.9293596744537354,solid,sampled
A6-03,Section 3,3,-0.934209942817688,560.0,-0.934209942817688,solid,sampled
A6-03,Section 3,3,-0.9239892959594727,561.0,-0.9239892959594727,solid,sampled
A6-03,Section 3,3,-0.9378300309181213,562.0,-0.9378300309181213,solid,sampled
A6-03,Section 3,3,-0.9574117064476013,563.0,-0.9574117064476013,solid,sampled
A6-03,Section 3,3,-0.9746934175491333,564.0,-0.9746934175491333,solid,sampled
A6-03,Section 3,3,-0.9772263765335083,565.0,-0.9772263765335083,solid,sampled
A6-03,Section 3,3,-0.9994208812713623,566.0,-0.9994208812713623,solid,sampled
A6-03,Section 3,3,-1.0321840047836304,567.0,-1.0321840047836304,solid,sampled
A6-03,Section 3,3,-1.0632787942886353,568.0,-1.0632787942886353,solid,sampled
A6-03,Section 3,3,-1.0718265771865845,569.0,-1.0718265771865845,solid,sampled
A6-03,Section 3,3,-1.081248164176941,570.0,-1.081248164176941,solid,sampled
A6-03,Section 3,3,-1.0695301294326782,571.0,-1.0695301294326782,solid,sampled
A6-03,Section 3,3,-1.078862190246582,572.0,-1.078862190246582,solid,sampled
A6-03,Section 3,3,-1.0900273323059082,573.0,-1.0900273323059082,solid,sampled
A6-03,Section 3,3,-1.0801002979278564,574.0,-1.0801002979278564,solid,sampled
A6-03,Section 3,3,-1.0649818181991577,575.0,-1.0649818181991577,solid,sampled
A6-03,Section 3,3,-0.9710774421691895,576.0,-0.9710774421691895,solid,sampled
A6-03,Section 3,3,-0.838978111743927,577.0,-0.838978111743927,solid,sampled
A6-03,Section 3,3,-0.7149825096130371,578.0,-0.7149825096130371,solid,sampled
A6-03,Section 3,3,-0.6184375286102295,579.0,-0.6184375286102295,solid,sampled
A6-03,Section 3,3,-0.5262575745582581,580.0,-0.5262575745582581,solid,sampled
A6-03,Section 3,3,-0.43901777267456055,581.0,-0.43901777267456055,solid,sampled
A6-03,Section 3,3,-0.33550283312797546,582.0,-0.33550283312797546,solid,sampled
A6-03,Section 3,3,-0.23191297054290771,583.0,-0.23191297054290771,solid,sampled
A6-03,Section 3,3,-0.08352577686309814,584.0,-0.08352577686309814,solid,sampled
A6-03,Section 3,3,0.06340229511260986,585.0,0.06340229511260986,solid,sampled
A6-03,Section 3,3,0.19226136803627014,586.0,0.19226136803627014,solid,sampled
A6-03,Section 3,3,0.3356429934501648,587.0,0.3356429934501648,solid,sampled
A6-03,Section 3,3,0.4508697986602783,588.0,0.4508697986602783,solid,sampled
A6-03,Section 3,3,0.5499904155731201,589.0,0.5499904155731201,solid,sampled
A6-03,Section 3,3,0.6680665016174316,590.0,0.6680665016174316,solid,sampled
A6-03,Section 3,3,0.7938304543495178,591.0,0.7938304543495178,solid,sampled
A6-03,Section 3,3,0.8908903002738953,592.0,0.8908903002738953,solid,sampled
A6-03,Section 3,3,1.0155448913574219,593.0,1.0155448913574219,solid,sampled
A6-03,Section 3,3,1.1458090543746948,594.0,1.1458090543746948,solid,sampled
A6-03,Section 3,3,1.235999345779419,595.0,1.235999345779419,solid,sampled
A6-03,Section 3,3,1.3466229438781738,596.0,1.3466229438781738,solid,sampled
A6-03,Section 3,3,1.4768128395080566,597.0,1.4768128395080566,solid,sampled
A6-03,Section 3,3,1.610821008682251,598.0,1.610821008682251,solid,sampled
A6-03,Section 3,3,1.79696524143219,599.0,1.79696524143219,solid,sampled
A6-03,Section 3,3,2.2882542610168457,600.0,2.2882542610168457,solid,sampled
A6-03,Section 3,3,3.1015684604644775,601.0,3.1015684604644775,solid,sampled
A6-03,Section 3,3,3.971693515777588,602.0,3.971693515777588,solid,sampled
A6-03,Section 3,3,5.765695571899414,603.0,5.765695571899414,solid,sampled
A6-03,Section 3,3,7.06071662902832,604.0,7.06071662902832,solid,sampled
A6-03,Section 3,3,7.690746307373047,605.0,7.690746307373047,solid,sampled
A6-03,Section 3,3,8.51441764831543,606.0,8.51441764831543,solid,sampled
A6-03,Section 3,3,9.661161422729492,607.0,9.661161422729492,solid,sampled
A6-03,Section 3,3,10.340540885925293,608.0,10.340540885925293,solid,sampled
A6-03,Section 3,3,10.842162132263184,609.0,10.842162132263184,solid,sampled
A6-03,Section 3,3,10.8924560546875,610.0,10.8924560546875,solid,sampled
A6-03,Section 3,3,10.129109382629395,611.0,10.129109382629395,solid,sampled
A6-03,Section 3,3,9.92337417602539,612.0,9.92337417602539,solid,sampled
A6-03,Section 3,3,9.841251373291016,613.0,9.841251373291016,solid,sampled
A6-03,Section 3,3,9.885374069213867,614.0,9.885374069213867,solid,sampled
A6-03,Section 3,3,9.962773323059082,615.0,9.962773323059082,solid,sampled
A6-03,Section 3,3,13.68016242980957,616.0,13.68016242980957,solid,sampled
A6-03,Section 3,3,16.270057678222656,617.0,16.270057678222656,solid,sampled
A6-03,Section 3,3,15.757563591003418,618.0,15.757563591003418,solid,sampled
A6-03,Section 3,3,16.224578857421875,619.0,16.224578857421875,solid,sampled
A6-03,Section 3,3,16.594650268554688,620.0,16.594650268554688,solid,sampled
A6-03,Section 3,3,19.078107833862305,621.0,19.078107833862305,solid,sampled
A6-03,Section 3,3,19.344512939453125,622.0,19.344512939453125,solid,sampled
A6-03,Section 3,3,19.011295318603516,623.0,19.011295318603516,solid,sampled
A6-03,Section 3,3,19.1630916595459,624.0,19.1630916595459,solid,sampled
A6-03,Section 3,3,18.925188064575195,625.0,18.925188064575195,solid,sampled
A6-03,Section 3,3,18.888267517089844,626.0,18.888267517089844,solid,sampled
A6-03,Section 3,3,18.870487213134766,627.0,18.870487213134766,solid,sampled
A6-03,Section 3,3,18.88808250427246,628.0,18.88808250427246,solid,sampled
A6-03,Section 3,3,0.0,629.0,,dotted,null_fill
A6-03,Section 3,3,0.0,630.0,,dotted,null_fill
A6-03,Section 3,3,0.0,631.0,,dotted,null_fill
A6-03,Section 3,3,0.0,632.0,,dotted,null_fill
A6-03,Section 3,3,0.0,633.0,,dotted,null_fill
A6-03,Section 3,3,0.0,634.0,,dotted,null_fill
A6-03,Section 3,3,0.0,635.0,,dotted,null_fill
A6-03,Section 3,3,0.0,636.0,,dotted,null_fill
A6-03,Section 3,3,0.0,637.0,,dotted,null_fill
A6-03,Section 3,3,0.0,638.0,,dotted,null_fill
A6-03,Section 3,3,0.0,639.0,,dotted,null_fill
A6-03,Section 3,3,0.0,640.0,,dotted,null_fill
A6-03,Section 3,3,0.0,641.0,,dotted,null_fill
A6-03,Section 3,3,0.0,642.0,,dotted,null_fill
A6-03,Section 3,3,0.0,643.0,,dotted,null_fill
A6-03,Section 3,3,0.0,644.0,,dotted,null_fill
A6-03,Section 3,3,0.0,645.0,,dotted,null_fill
A6-03,Section 3,3,0.0,646.0,,dotted,null_fill
A6-03,Section 3,3,0.0,647.0,,dotted,null_fill
A6-03,Section 3,3,0.0,648.0,,dotted,null_fill
A6-03,Section 3,3,0.0,649.0,,dotted,null_fill
A6-03,Section 3,3,0.0,650.0,,dotted,null_fill
A6-03,Section 3,3,0.0,651.0,,dotted,null_fill
A6-03,Section 3,3,0.0,652.0,,dotted,null_fill
A6-03,Section 3,3,0.0,653.0,,dotted,null_fill
A6-03,Section 3,3,0.0,654.0,,dotted,null_fill
A6-03,Section 3,3,0.0,655.0,,dotted,null_fill
A6-03,Section 3,3,0.0,656.0,,dotted,null_fill
A6-03,Section 3,3,0.0,657.0,,dotted,null_fill
A6-03,Section 3,3,0.0,658.0,,dotted,null_fill
A6-03,Section 3,3,0.0,659.0,,dotted,null_fill
A6-03,Section 3,3,0.0,660.0,,dotted,null_fill
A6-03,Section 3,3,0.0,661.0,,dotted,null_fill
A6-03,Section 3,3,0.0,662.0,,dotted,null_fill
A6-03,Section 3,3,0.0,663.0,,dotted,null_fill
