section_id,label,sort_order,height_m,distance_m,raw_height_m,line_style,value_state
A5-01,Section 1,1,0.0,0.0,,dotted,null_fill
A5-01,Section 1,1,0.0,1.0,,dotted,null_fill
A5-01,Section 1,1,0.0,2.0,,dotted,null_fill
A5-01,Section 1,1,0.0,3.0,,dotted,null_fill
A5-01,Section 1,1,0.0,4.0,,dotted,null_fill
A5-01,Section 1,1,0.0,5.0,,dotted,null_fill
A5-01,Section 1,1,0.0,6.0,,dotted,null_fill
A5-01,Section 1,1,0.0,7.0,,dotted,null_fill
A5-01,Section 1,1,0.0,8.0,,dotted,null_fill
A5-01,Section 1,1,0.0,9.0,,dotted,null_fill
A5-01,Section 1,1,0.0,10.0,,dotted,null_fill
A5-01,Section 1,1,0.0,11.0,,dotted,null_fill
A5-01,Section 1,1,0.0,12.0,,dotted,null_fill
A5-01,Section 1,1,0.0,13.0,,dotted,null_fill
A5-01,Section 1,1,0.0,14.0,,dotted,null_fill
A5-01,Section 1,1,0.0,15.0,,dotted,null_fill
A5-01,Section 1,1,0.0,16.0,,dotted,null_fill
A5-01,Section 1,1,0.0,17.0,,dotted,null_fill
A5-01,Section 1,1,0.0,18.0,,dotted,null_fill
A5-01,Section 1,1,0.0,19.0,,dotted,null_fill
A5-01,Section 1,1,0.0,20.0,,dotted,null_fill
A5-01,Section 1,1,0.0,21.0,,dotted,null_fill
A5-01,Section 1,1,0.0,22.0,,dotted,null_fill
A5-01,Section 1,1,0.0,23.0,,dotted,null_fill
A5-01,Section 1,1,0.0,24.0,,dotted,null_fill
A5-01,Section 1,1,0.0,25.0,,dotted,null_fill
A5-01,Section 1,1,0.0,26.0,,dotted,null_fill
A5-01,Section 1,1,0.0,27.0,,dotted,null_fill
A5-01,Section 1,1,0.0,28.0,,dotted,null_fill
A5-01,Section 1,1,0.0,29.0,,dotted,null_fill
A5-01,Section 1,1,0.0,30.0,,dotted,null_fill
A5-01,Section 1,1,0.0,31.0,,dotted,null_fill
A5-01,Section 1,1,0.0,32.0,,dotted,null_fill
A5-01,Section 1,1,3.0029783248901367,33.0,3.0029783248901367,solid,sampled
A5-01,Section 1,1,2.9298853874206543,34.0,2.9298853874206543,solid,sampled
A5-01,Section 1,1,2.9067606925964355,35.0,2.9067606925964355,solid,sampled
A5-01,Section 1,1,2.874208688735962,36.0,2.874208688735962,solid,sampled
A5-01,Section 1,1,2.8050031661987305,37.0,2.8050031661987305,solid,sampled
A5-01,Section 1,1,2.7658495903015137,38.0,2.7658495903015137,solid,sampled
A5-01,Section 1,1,2.6991891860961914,39.0,2.6991891860961914,solid,sampled
A5-01,Section 1,1,2.638892412185669,40.0,2.638892412185669,solid,sampled
A5-01,Section 1,1,2.58488130569458,41.0,2.58488130569458,solid,sampled
A5-01,Section 1,1,2.500709056854248,42.0,2.500709056854248,solid,sampled
A5-01,Section 1,1,2.4754669666290283,43.0,2.4754669666290283,solid,sampled
A5-01,Section 1,1,2.4102511405944824,44.0,2.4102511405944824,solid,sampled
A5-01,Section 1,1,2.3489654064178467,45.0,2.3489654064178467,solid,sampled
A5-01,Section 1,1,2.3100898265838623,46.0,2.3100898265838623,solid,sampled
A5-01,Section 1,1,2.2579989433288574,47.0,2.2579989433288574,solid,sampled
A5-01,Section 1,1,2.2162704467773438,48.0,2.2162704467773438,solid,sampled
A5-01,Section 1,1,2.133358955383301,49.0,2.133358955383301,solid,sampled
A5-01,Section 1,1,2.0645816326141357,50.0,2.0645816326141357,solid,sampled
A5-01,Section 1,1,2.043938398361206,51.0,2.043938398361206,solid,sampled
A5-01,Section 1,1,1.9913268089294434,52.0,1.9913268089294434,solid,sampled
A5-01,Section 1,1,1.9386749267578125,53.0,1.9386749267578125,solid,sampled
A5-01,Section 1,1,1.9083582162857056,54.0,1.9083582162857056,solid,sampled
A5-01,Section 1,1,1.8977049589157104,55.0,1.8977049589157104,solid,sampled
A5-01,Section 1,1,1.8991773128509521,56.0,1.8991773128509521,solid,sampled
A5-01,Section 1,1,1.8853965997695923,57.0,1.8853965997695923,solid,sampled
A5-01,Section 1,1,1.8297213315963745,58.0,1.8297213315963745,solid,sampled
A5-01,Section 1,1,1.7935678958892822,59.0,1.7935678958892822,solid,sampled
A5-01,Section 1,1,1.7415751218795776,60.0,1.7415751218795776,solid,sampled
A5-01,Section 1,1,1.7172951698303223,61.0,1.7172951698303223,solid,sampled
A5-01,Section 1,1,1.6977766752243042,62.0,1.6977766752243042,solid,sampled
A5-01,Section 1,1,1.6862003803253174,63.0,1.6862003803253174,solid,sampled
A5-01,Section 1,1,1.673841118812561,64.0,1.673841118812561,solid,sampled
A5-01,Section 1,1,1.6423554420471191,65.0,1.6423554420471191,solid,sampled
A5-01,Section 1,1,1.6394604444503784,66.0,1.6394604444503784,solid,sampled
A5-01,Section 1,1,1.6340560913085938,67.0,1.6340560913085938,solid,sampled
A5-01,Section 1,1,1.6376953125,68.0,1.6376953125,solid,sampled
A5-01,Section 1,1,1.6147704124450684,69.0,1.6147704124450684,solid,sampled
A5-01,Section 1,1,1.6125471591949463,70.0,1.6125471591949463,solid,sampled
A5-01,Section 1,1,1.6052894592285156,71.0,1.6052894592285156,solid,sampled
A5-01,Section 1,1,1.5711225271224976,72.0,1.5711225271224976,solid,sampled
A5-01,Section 1,1,1.5928326845169067,73.0,1.5928326845169067,solid,sampled
A5-01,Section 1,1,1.5869039297103882,74.0,1.5869039297103882,solid,sampled
A5-01,Section 1,1,1.542816162109375,75.0,1.542816162109375,solid,sampled
A5-01,Section 1,1,1.550400972366333,76.0,1.550400972366333,solid,sampled
A5-01,Section 1,1,1.5506682395935059,77.0,1.5506682395935059,solid,sampled
A5-01,Section 1,1,1.5305039882659912,78.0,1.5305039882659912,solid,sampled
A5-01,Section 1,1,1.5172606706619263,79.0,1.5172606706619263,solid,sampled
A5-01,Section 1,1,1.5144281387329102,80.0,1.5144281387329102,solid,sampled
A5-01,Section 1,1,1.511540412902832,81.0,1.511540412902832,solid,sampled
A5-01,Section 1,1,1.5059560537338257,82.0,1.5059560537338257,solid,sampled
A5-01,Section 1,1,1.5011167526245117,83.0,1.5011167526245117,solid,sampled
A5-01,Section 1,1,1.505999207496643,84.0,1.505999207496643,solid,sampled
A5-01,Section 1,1,1.4861754179000854,85.0,1.4861754179000854,solid,sampled
A5-01,Section 1,1,1.4861218929290771,86.0,1.4861218929290771,solid,sampled
A5-01,Section 1,1,1.4744694232940674,87.0,1.4744694232940674,solid,sampled
A5-01,Section 1,1,1.4588830471038818,88.0,1.4588830471038818,solid,sampled
A5-01,Section 1,1,1.4422999620437622,89.0,1.4422999620437622,solid,sampled
A5-01,Section 1,1,1.460338830947876,90.0,1.460338830947876,solid,sampled
A5-01,Section 1,1,1.438621997833252,91.0,1.438621997833252,solid,sampled
A5-01,Section 1,1,1.4580528736114502,92.0,1.4580528736114502,solid,sampled
A5-01,Section 1,1,1.4554219245910645,93.0,1.4554219245910645,solid,sampled
A5-01,Section 1,1,1.439073085784912,94.0,1.439073085784912,solid,sampled
A5-01,Section 1,1,1.435335397720337,95.0,1.435335397720337,solid,sampled
A5-01,Section 1,1,1.4289101362228394,96.0,1.4289101362228394,solid,sampled
A5-01,Section 1,1,1.4265133142471313,97.0,1.4265133142471313,solid,sampled
A5-01,Section 1,1,1.4222618341445923,98.0,1.4222618341445923,solid,sampled
A5-01,Section 1,1,1.4138481616973877,99.0,1.4138481616973877,solid,sampled
A5-01,Section 1,1,1.4062297344207764,100.0,1.4062297344207764,solid,sampled
A5-01,Section 1,1,1.391793966293335,101.0,1.391793966293335,solid,sampled
A5-01,Section 1,1,1.3905678987503052,102.0,1.3905678987503052,solid,sampled
A5-01,Section 1,1,1.376923680305481,103.0,1.376923680305481,solid,sampled
A5-01,Section 1,1,1.3509488105773926,104.0,1.3509488105773926,solid,sampled
A5-01,Section 1,1,1.33355712890625,105.0,1.33355712890625,solid,sampled
A5-01,Section 1,1,1.31276273727417,106.0,1.31276273727417,solid,sampled
A5-01,Section 1,1,1.2809088230133057,107.0,1.2809088230133057,solid,sampled
A5-01,Section 1,1,1.250638484954834,108.0,1.250638484954834,solid,sampled
A5-01,Section 1,1,1.2268941402435303,109.0,1.2268941402435303,solid,sampled
A5-01,Section 1,1,1.2171390056610107,110.0,1.2171390056610107,solid,sampled
A5-01,Section 1,1,1.1675968170166016,111.0,1.1675968170166016,solid,sampled
A5-01,Section 1,1,1.1266133785247803,112.0,1.1266133785247803,solid,sampled
A5-01,Section 1,1,1.091188907623291,113.0,1.091188907623291,solid,sampled
A5-01,Section 1,1,1.052107572555542,114.0,1.052107572555542,solid,sampled
A5-01,Section 1,1,1.0159785747528076,115.0,1.0159785747528076,solid,sampled
A5-01,Section 1,1,0.9666290283203125,116.0,0.9666290283203125,solid,sampled
A5-01,Section 1,1,0.9311068654060364,117.0,0.9311068654060364,solid,sampled
A5-01,Section 1,1,0.9016063213348389,118.0,0.9016063213348389,solid,sampled
A5-01,Section 1,1,0.8518996238708496,119.0,0.8518996238708496,solid,sampled
A5-01,Section 1,1,0.7999234199523926,120.0,0.7999234199523926,solid,sampled
A5-01,Section 1,1,0.7414003610610962,121.0,0.7414003610610962,solid,sampled
A5-01,Section 1,1,0.7067865133285522,122.0,0.7067865133285522,solid,sampled
A5-01,Section 1,1,0.6601874828338623,123.0,0.6601874828338623,solid,sampled
A5-01,Section 1,1,0.6531772017478943,124.0,0.6531772017478943,solid,sampled
A5-01,Section 1,1,0.6356332302093506,125.0,0.6356332302093506,solid,sampled
A5-01,Section 1,1,0.5578360557556152,126.0,0.5578360557556152,solid,sampled
A5-01,Section 1,1,0.4595513343811035,127.0,0.4595513343811035,solid,sampled
A5-01,Section 1,1,0.40035855770111084,128.0,0.40035855770111084,solid,sampled
A5-01,Section 1,1,0.35944193601608276,129.0,0.35944193601608276,solid,sampled
A5-01,Section 1,1,0.30455005168914795,130.0,0.30455005168914795,solid,sampled
A5-01,Section 1,1,0.2600756883621216,131.0,0.2600756883621216,solid,sampled
A5-01,Section 1,1,0.21243876218795776,132.0,0.21243876218795776,solid,sampled
A5-01,Section 1,1,0.17818284034729004,133.0,0.17818284034729004,solid,sampled
A5-01,Section 1,1,0.13197284936904907,134.0,0.13197284936904907,solid,sampled
A5-01,Section 1,1,0.09142875671386719,135.0,0.09142875671386719,solid,sampled
A5-01,Section 1,1,0.0657503604888916,136.0,0.0657503604888916,solid,sampled
A5-01,Section 1,1,0.02314336597919464,137.0,0.02314336597919464,solid,sampled
A5-01,Section 1,1,-0.025594323873519897,138.0,-0.025594323873519897,solid,sampled
A5-01,Section 1,1,-0.060103923082351685,139.0,-0.060103923082351685,solid,sampled
A5-01,Section 1,1,-0.10493767261505127,140.0,-0.10493767261505127,solid,sampled
A5-01,Section 1,1,-0.13284865021705627,141.0,-0.13284865021705627,solid,sampled
A5-01,Section 1,1,-0.18336348235607147,142.0,-0.18336348235607147,solid,sampled
A5-01,Section 1,1,-0.20581889152526855,143.0,-0.20581889152526855,solid,sampled
A5-01,Section 1,1,-0.23347775638103485,144.0,-0.23347775638103485,solid,sampled
A5-01,Section 1,1,-0.2601923942565918,145.0,-0.2601923942565918,solid,sampled
A5-01,Section 1,1,-0.2954738140106201,146.0,-0.2954738140106201,solid,sampled
A5-01,Section 1,1,-0.33762311935424805,147.0,-0.33762311935424805,solid,sampled
A5-01,Section 1,1,-0.36580783128738403,148.0,-0.36580783128738403,solid,sampled
A5-01,Section 1,1,-0.386763334274292,149.0,-0.386763334274292,solid,sampled
A5-01,Section 1,1,-0.41463416814804077,150.0,-0.41463416814804077,solid,sampled
A5-01,Section 1,1,-0.43663302063941956,151.0,-0.43663302063941956,solid,sampled
A5-01,Section 1,1,-0.45866549015045166,152.0,-0.45866549015045166,solid,sampled
A5-01,Section 1,1,-0.4986240267753601,153.0,-0.4986240267753601,solid,sampled
A5-01,Section 1,1,-0.5272709727287292,154.0,-0.5272709727287292,solid,sampled
A5-01,Section 1,1,-0.5404337048530579,155.0,-0.5404337048530579,solid,sampled
A5-01,Section 1,1,-0.6137229204177856,156.0,-0.6137229204177856,solid,sampled
A5-01,Section 1,1,-0.647850751876831,157.0,-0.647850751876831,solid,sampled
A5-01,Section 1,1,-0.6653812527656555,158.0,-0.6653812527656555,solid,sampled
A5-01,Section 1,1,-0.6929370164871216,159.0,-0.6929370164871216,solid,sampled
A5-01,Section 1,1,-0.7293362617492676,160.0,-0.7293362617492676,solid,sampled
A5-01,Section 1,1,-0.735858142375946,161.0,-0.735858142375946,solid,sampled
A5-01,Section 1,1,-0.7570101618766785,162.0,-0.7570101618766785,solid,sampled
A5-01,Section 1,1,-0.7621914148330688,163.0,-0.7621914148330688,solid,sampled
A5-01,Section 1,1,-0.7781035304069519,164.0,-0.7781035304069519,solid,sampled
A5-01,Section 1,1,-0.7882199287414551,165.0,-0.7882199287414551,solid,sampled
A5-01,Section 1,1,-0.8065502643585205,166.0,-0.8065502643585205,solid,sampled
A5-01,Section 1,1,-0.8331621885299683,167.0,-0.8331621885299683,solid,sampled
A5-01,Section 1,1,-0.8569269180297852,168.0,-0.8569269180297852,solid,sampled
A5-01,Section 1,1,-0.866208553314209,169.0,-0.866208553314209,solid,sampled
A5-01,Section 1,1,-0.8956022262573242,170.0,-0.8956022262573242,solid,sampled
A5-01,Section 1,1,-0.8933548927307129,171.0,-0.8933548927307129,solid,sampled
A5-01,Section 1,1,-0.9143848419189453,172.0,-0.9143848419189453,solid,sampled
A5-01,Section 1,1,-0.9162430763244629,173.0,-0.9162430763244629,solid,sampled
A5-01,Section 1,1,-0.9038023948669434,174.0,-0.9038023948669434,solid,sampled
A5-01,Section 1,1,-0.92950439453125,175.0,-0.92950439453125,solid,sampled
A5-01,Section 1,1,-0.8947597742080688,176.0,-0.8947597742080688,solid,sampled
A5-01,Section 1,1,-0.9275262355804443,177.0,-0.9275262355804443,solid,sampled
A5-01,Section 1,1,-0.958163857460022,178.0,-0.958163857460022,solid,sampled
A5-01,Section 1,1,-0.9823307394981384,179.0,-0.9823307394981384,solid,sampled
A5-01,Section 1,1,-1.0794514417648315,180.0,-1.0794514417648315,solid,sampled
A5-01,Section 1,1,-1.0776593685150146,181.0,-1.0776593685150146,solid,sampled
A5-01,Section 1,1,-1.0990958213806152,182.0,-1.0990958213806152,solid,sampled
A5-01,Section 1,1,-1.1775074005126953,183.0,-1.1775074005126953,solid,sampled
A5-01,Section 1,1,-1.2166216373443604,184.0,-1.2166216373443604,solid,sampled
A5-01,Section 1,1,-1.3490636348724365,185.0,-1.3490636348724365,solid,sampled
A5-01,Section 1,1,-1.3982033729553223,186.0,-1.3982033729553223,solid,sampled
A5-01,Section 1,1,-1.487993597984314,187.0,-1.487993597984314,solid,sampled
A5-01,Section 1,1,-1.605571985244751,188.0,-1.605571985244751,solid,sampled
A5-01,Section 1,1,-1.6992509365081787,189.0,-1.6992509365081787,solid,sampled
A5-01,Section 1,1,-1.8061842918395996,190.0,-1.8061842918395996,solid,sampled
A5-01,Section 1,1,-1.9415364265441895,191.0,-1.9415364265441895,solid,sampled
A5-01,Section 1,1,-1.9958419799804688,192.0,-1.9958419799804688,solid,sampled
A5-01,Section 1,1,-1.466680884361267,193.0,-1.466680884361267,solid,sampled
A5-01,Section 1,1,-2.3732142448425293,194.0,-2.3732142448425293,solid,sampled
A5-01,Section 1,1,-2.6396753787994385,195.0,-2.6396753787994385,solid,sampled
A5-01,Section 1,1,-3.0,196.0,-3.9312257766723633,solid,water_floor
A5-01,Section 1,1,-3.0,197.0,-3.9770472049713135,solid,water_floor
A5-01,Section 1,1,-3.0,198.0,-3.9760053157806396,solid,water_floor
A5-01,Section 1,1,-3.0,199.0,-6.34171199798584,solid,water_floor
A5-01,Section 1,1,-3.0,200.0,-6.45851993560791,solid,water_floor
A5-01,Section 1,1,-3.0,201.0,-4.2348127365112305,solid,water_floor
A5-01,Section 1,1,-3.0,202.0,-11.02548599243164,solid,water_floor
A5-01,Section 1,1,-3.0,203.0,-5.944588661193848,solid,water_floor
A5-01,Section 1,1,-3.0,204.0,-8.910022735595703,solid,water_floor
A5-01,Section 1,1,-3.0,205.0,-11.379152297973633,solid,water_floor
A5-01,Section 1,1,-3.0,206.0,-15.839760780334473,solid,water_floor
A5-01,Section 1,1,-3.0,207.0,-16.00967025756836,solid,water_floor
A5-01,Section 1,1,-3.0,208.0,-7.090180397033691,solid,water_floor
A5-01,Section 1,1,-3.0,209.0,-11.400646209716797,solid,water_floor
A5-01,Section 1,1,-3.0,210.0,-5.593900680541992,solid,water_floor
A5-01,Section 1,1,-3.0,211.0,-9.242903709411621,solid,water_floor
A5-01,Section 1,1,-3.0,212.0,-12.099464416503906,solid,water_floor
A5-01,Section 1,1,-3.0,213.0,-7.193087100982666,solid,water_floor
A5-01,Section 1,1,-3.0,214.0,-3.441532611846924,solid,water_floor
A5-01,Section 1,1,-3.0,215.0,-3.158017635345459,solid,water_floor
A5-01,Section 1,1,-3.0,216.0,-3.1822667121887207,solid,water_floor
A5-01,Section 1,1,-3.0,217.0,-3.076882839202881,solid,water_floor
A5-01,Section 1,1,-3.0,218.0,-3.071702241897583,solid,water_floor
A5-01,Section 1,1,-3.0,219.0,-3.0117194652557373,solid,water_floor
A5-01,Section 1,1,-3.0,220.0,-3.2457175254821777,solid,water_floor
A5-01,Section 1,1,-3.0,221.0,-3.1870126724243164,solid,water_floor
A5-01,Section 1,1,-2.837371826171875,222.0,-2.837371826171875,solid,sampled
A5-01,Section 1,1,-2.866894245147705,223.0,-2.866894245147705,solid,sampled
A5-01,Section 1,1,-3.0,224.0,-3.443970203399658,solid,water_floor
A5-01,Section 1,1,-3.0,225.0,-3.16729736328125,solid,water_floor
A5-01,Section 1,1,-2.6800618171691895,226.0,-2.6800618171691895,solid,sampled
A5-01,Section 1,1,-2.649979591369629,227.0,-2.649979591369629,solid,sampled
A5-01,Section 1,1,-2.5879533290863037,228.0,-2.5879533290863037,solid,sampled
A5-01,Section 1,1,-2.4379665851593018,229.0,-2.4379665851593018,solid,sampled
A5-01,Section 1,1,-2.3963356018066406,230.0,-2.3963356018066406,solid,sampled
A5-01,Section 1,1,-2.367938995361328,231.0,-2.367938995361328,solid,sampled
A5-01,Section 1,1,-2.3421316146850586,232.0,-2.3421316146850586,solid,sampled
A5-01,Section 1,1,-2.3032801151275635,233.0,-2.3032801151275635,solid,sampled
A5-01,Section 1,1,-2.277761936187744,234.0,-2.277761936187744,solid,sampled
A5-01,Section 1,1,-2.266947031021118,235.0,-2.266947031021118,solid,sampled
A5-01,Section 1,1,-2.231083869934082,236.0,-2.231083869934082,solid,sampled
A5-01,Section 1,1,-2.2068495750427246,237.0,-2.2068495750427246,solid,sampled
A5-01,Section 1,1,-2.185425281524658,238.0,-2.185425281524658,solid,sampled
A5-01,Section 1,1,-2.159412145614624,239.0,-2.159412145614624,solid,sampled
A5-01,Section 1,1,-2.1409623622894287,240.0,-2.1409623622894287,solid,sampled
A5-01,Section 1,1,-2.1160666942596436,241.0,-2.1160666942596436,solid,sampled
A5-01,Section 1,1,-2.1133804321289062,242.0,-2.1133804321289062,solid,sampled
A5-01,Section 1,1,-2.095768451690674,243.0,-2.095768451690674,solid,sampled
A5-01,Section 1,1,-2.0724029541015625,244.0,-2.0724029541015625,solid,sampled
A5-01,Section 1,1,-2.062518358230591,245.0,-2.062518358230591,solid,sampled
A5-01,Section 1,1,-2.0664877891540527,246.0,-2.0664877891540527,solid,sampled
A5-01,Section 1,1,-2.0546116828918457,247.0,-2.0546116828918457,solid,sampled
A5-01,Section 1,1,-2.012988805770874,248.0,-2.012988805770874,solid,sampled
A5-01,Section 1,1,-1.9670867919921875,249.0,-1.9670867919921875,solid,sampled
A5-01,Section 1,1,-1.9380481243133545,250.0,-1.9380481243133545,solid,sampled
A5-01,Section 1,1,-1.925266146659851,251.0,-1.925266146659851,solid,sampled
A5-01,Section 1,1,-1.917281150817871,252.0,-1.917281150817871,solid,sampled
A5-01,Section 1,1,-1.9184800386428833,253.0,-1.9184800386428833,solid,sampled
A5-01,Section 1,1,-1.9113423824310303,254.0,-1.9113423824310303,solid,sampled
A5-01,Section 1,1,-1.9104843139648438,255.0,-1.9104843139648438,solid,sampled
A5-01,Section 1,1,-1.9289367198944092,256.0,-1.9289367198944092,solid,sampled
A5-01,Section 1,1,-1.9252265691757202,257.0,-1.9252265691757202,solid,sampled
A5-01,Section 1,1,-1.9323792457580566,258.0,-1.9323792457580566,solid,sampled
A5-01,Section 1,1,-1.9390885829925537,259.0,-1.9390885829925537,solid,sampled
A5-01,Section 1,1,-1.9430683851242065,260.0,-1.9430683851242065,solid,sampled
A5-01,Section 1,1,-1.9729561805725098,261.0,-1.9729561805725098,solid,sampled
A5-01,Section 1,1,-1.9905641078948975,262.0,-1.9905641078948975,solid,sampled
A5-01,Section 1,1,-2.0133373737335205,263.0,-2.0133373737335205,solid,sampled
A5-01,Section 1,1,-2.0309524536132812,264.0,-2.0309524536132812,solid,sampled
A5-01,Section 1,1,-2.067082405090332,265.0,-2.067082405090332,solid,sampled
A5-01,Section 1,1,-2.08273983001709,266.0,-2.08273983001709,solid,sampled
A5-01,Section 1,1,-2.112584352493286,267.0,-2.112584352493286,solid,sampled
A5-01,Section 1,1,-2.1988027095794678,268.0,-2.1988027095794678,solid,sampled
A5-01,Section 1,1,-2.2671923637390137,269.0,-2.2671923637390137,solid,sampled
A5-01,Section 1,1,-2.342545509338379,270.0,-2.342545509338379,solid,sampled
A5-01,Section 1,1,-2.3746705055236816,271.0,-2.3746705055236816,solid,sampled
A5-01,Section 1,1,-2.4179160594940186,272.0,-2.4179160594940186,solid,sampled
A5-01,Section 1,1,-2.3032374382019043,273.0,-2.3032374382019043,solid,sampled
A5-01,Section 1,1,-2.3384013175964355,274.0,-2.3384013175964355,solid,sampled
A5-01,Section 1,1,-2.4211270809173584,275.0,-2.4211270809173584,solid,sampled
A5-01,Section 1,1,-2.5951855182647705,276.0,-2.5951855182647705,solid,sampled
A5-01,Section 1,1,-3.0,277.0,-3.3520545959472656,solid,water_floor
A5-01,Section 1,1,-2.9426839351654053,278.0,-2.9426839351654053,solid,sampled
A5-01,Section 1,1,-3.0,279.0,-3.4337265491485596,solid,water_floor
A5-01,Section 1,1,-3.0,280.0,-5.225088119506836,solid,water_floor
A5-01,Section 1,1,-3.0,281.0,-5.854697227478027,solid,water_floor
A5-01,Section 1,1,-3.0,282.0,-6.12959623336792,solid,water_floor
A5-01,Section 1,1,-3.0,283.0,-15.982650756835938,solid,water_floor
A5-01,Section 1,1,-3.0,284.0,-13.70013427734375,solid,water_floor
A5-01,Section 1,1,-3.0,285.0,-8.575183868408203,solid,water_floor
A5-01,Section 1,1,-3.0,286.0,-10.131765365600586,solid,water_floor
A5-01,Section 1,1,-3.0,287.0,-15.812845230102539,solid,water_floor
A5-01,Section 1,1,-3.0,288.0,-19.342357635498047,solid,water_floor
A5-01,Section 1,1,-3.0,289.0,-20.405656814575195,solid,water_floor
A5-01,Section 1,1,-3.0,290.0,-18.883975982666016,solid,water_floor
A5-01,Section 1,1,-3.0,291.0,-12.23221492767334,solid,water_floor
A5-01,Section 1,1,-3.0,292.0,-12.70041275024414,solid,water_floor
A5-01,Section 1,1,-3.0,293.0,-20.824689865112305,solid,water_floor
A5-01,Section 1,1,-3.0,294.0,-16.169483184814453,solid,water_floor
A5-01,Section 1,1,-3.0,295.0,-13.052030563354492,solid,water_floor
A5-01,Section 1,1,-3.0,296.0,-17.01630401611328,solid,water_floor
A5-01,Section 1,1,-3.0,297.0,-13.090388298034668,solid,water_floor
A5-01,Section 1,1,-3.0,298.0,-3.1491379737854004,solid,water_floor
A5-01,Section 1,1,-3.0,299.0,-3.587717294692993,solid,water_floor
A5-01,Section 1,1,-3.0,300.0,-3.283174753189087,solid,water_floor
A5-01,Section 1,1,-3.0,301.0,-3.5449352264404297,solid,water_floor
A5-01,Section 1,1,-3.0,302.0,-10.45888900756836,solid,water_floor
A5-01,Section 1,1,-3.0,303.0,-4.607163429260254,solid,water_floor
A5-01,Section 1,1,-2.691838264465332,304.0,-2.691838264465332,solid,sampled
A5-01,Section 1,1,-3.0,305.0,-3.1115293502807617,solid,water_floor
A5-01,Section 1,1,-3.0,306.0,-3.2981719970703125,solid,water_floor
A5-01,Section 1,1,-3.0,307.0,-3.8074207305908203,solid,water_floor
A5-01,Section 1,1,-3.0,308.0,-3.7128005027770996,solid,water_floor
A5-01,Section 1,1,-3.0,309.0,-3.663547992706299,solid,water_floor
A5-01,Section 1,1,-2.8859691619873047,310.0,-2.8859691619873047,solid,sampled
A5-01,Section 1,1,-2.8127331733703613,311.0,-2.8127331733703613,solid,sampled
A5-01,Section 1,1,-2.6247177124023438,312.0,-2.6247177124023438,solid,sampled
A5-01,Section 1,1,-2.6135196685791016,313.0,-2.6135196685791016,solid,sampled
A5-01,Section 1,1,-2.582749366760254,314.0,-2.582749366760254,solid,sampled
A5-01,Section 1,1,-2.5462632179260254,315.0,-2.5462632179260254,solid,sampled
A5-01,Section 1,1,-2.5574522018432617,316.0,-2.5574522018432617,solid,sampled
A5-01,Section 1,1,-2.636504650115967,317.0,-2.636504650115967,solid,sampled
A5-01,Section 1,1,-2.5310018062591553,318.0,-2.5310018062591553,solid,sampled
A5-01,Section 1,1,-2.5218310356140137,319.0,-2.5218310356140137,solid,sampled
A5-01,Section 1,1,-2.585033655166626,320.0,-2.585033655166626,solid,sampled
A5-01,Section 1,1,-2.2891340255737305,321.0,-2.2891340255737305,solid,sampled
A5-01,Section 1,1,-2.304309129714966,322.0,-2.304309129714966,solid,sampled
A5-01,Section 1,1,-2.3169803619384766,323.0,-2.3169803619384766,solid,sampled
A5-01,Section 1,1,-2.347970485687256,324.0,-2.347970485687256,solid,sampled
A5-01,Section 1,1,-2.420036792755127,325.0,-2.420036792755127,solid,sampled
A5-01,Section 1,1,-2.471879720687866,326.0,-2.471879720687866,solid,sampled
A5-01,Section 1,1,-2.532820224761963,327.0,-2.532820224761963,solid,sampled
A5-01,Section 1,1,-2.5585262775421143,328.0,-2.5585262775421143,solid,sampled
A5-01,Section 1,1,-2.5690770149230957,329.0,-2.5690770149230957,solid,sampled
A5-01,Section 1,1,-2.5432581901550293,330.0,-2.5432581901550293,solid,sampled
A5-01,Section 1,1,-2.5203967094421387,331.0,-2.5203967094421387,solid,sampled
A5-01,Section 1,1,-2.485146999359131,332.0,-2.485146999359131,solid,sampled
A5-01,Section 1,1,-2.508345603942871,333.0,-2.508345603942871,solid,sampled
A5-01,Section 1,1,-2.4719884395599365,334.0,-2.4719884395599365,solid,sampled
A5-01,Section 1,1,-2.430513381958008,335.0,-2.430513381958008,solid,sampled
A5-01,Section 1,1,-2.3497073650360107,336.0,-2.3497073650360107,solid,sampled
A5-01,Section 1,1,-2.2764906883239746,337.0,-2.2764906883239746,solid,sampled
A5-01,Section 1,1,-2.323376178741455,338.0,-2.323376178741455,solid,sampled
A5-01,Section 1,1,-2.3050947189331055,339.0,-2.3050947189331055,solid,sampled
A5-01,Section 1,1,-2.1892082691192627,340.0,-2.1892082691192627,solid,sampled
A5-01,Section 1,1,-2.1647567749023438,341.0,-2.1647567749023438,solid,sampled
A5-01,Section 1,1,-2.1717610359191895,342.0,-2.1717610359191895,solid,sampled
A5-01,Section 1,1,-2.251396894454956,343.0,-2.251396894454956,solid,sampled
A5-01,Section 1,1,-2.377880811691284,344.0,-2.377880811691284,solid,sampled
A5-01,Section 1,1,-2.450291872024536,345.0,-2.450291872024536,solid,sampled
A5-01,Section 1,1,-2.4500107765197754,346.0,-2.4500107765197754,solid,sampled
A5-01,Section 1,1,-2.530792713165283,347.0,-2.530792713165283,solid,sampled
A5-01,Section 1,1,-2.5908193588256836,348.0,-2.5908193588256836,solid,sampled
A5-01,Section 1,1,-2.6851024627685547,349.0,-2.6851024627685547,solid,sampled
A5-01,Section 1,1,-2.7626118659973145,350.0,-2.7626118659973145,solid,sampled
A5-01,Section 1,1,-2.5978219509124756,351.0,-2.5978219509124756,solid,sampled
A5-01,Section 1,1,-2.5854196548461914,352.0,-2.5854196548461914,solid,sampled
A5-01,Section 1,1,-2.6111836433410645,353.0,-2.6111836433410645,solid,sampled
A5-01,Section 1,1,-2.477691173553467,354.0,-2.477691173553467,solid,sampled
A5-01,Section 1,1,-2.510537624359131,355.0,-2.510537624359131,solid,sampled
A5-01,Section 1,1,-2.5328681468963623,356.0,-2.5328681468963623,solid,sampled
A5-01,Section 1,1,-2.4646899700164795,357.0,-2.4646899700164795,solid,sampled
A5-01,Section 1,1,-2.430786371231079,358.0,-2.430786371231079,solid,sampled
A5-01,Section 1,1,-2.4598233699798584,359.0,-2.4598233699798584,solid,sampled
A5-01,Section 1,1,-2.520124912261963,360.0,-2.520124912261963,solid,sampled
A5-01,Section 1,1,-2.574308395385742,361.0,-2.574308395385742,solid,sampled
A5-01,Section 1,1,-2.5684545040130615,362.0,-2.5684545040130615,solid,sampled
A5-01,Section 1,1,-2.5529212951660156,363.0,-2.5529212951660156,solid,sampled
A5-01,Section 1,1,-2.569002628326416,364.0,-2.569002628326416,solid,sampled
A5-01,Section 1,1,-2.5750365257263184,365.0,-2.5750365257263184,solid,sampled
A5-01,Section 1,1,-2.5554006099700928,366.0,-2.5554006099700928,solid,sampled
A5-01,Section 1,1,-2.5290579795837402,367.0,-2.5290579795837402,solid,sampled
A5-01,Section 1,1,-2.4077048301696777,368.0,-2.4077048301696777,solid,sampled
A5-01,Section 1,1,-2.3428940773010254,369.0,-2.3428940773010254,solid,sampled
A5-01,Section 1,1,-2.342194080352783,370.0,-2.342194080352783,solid,sampled
A5-01,Section 1,1,-2.3865787982940674,371.0,-2.3865787982940674,solid,sampled
A5-01,Section 1,1,-2.4009270668029785,372.0,-2.4009270668029785,solid,sampled
A5-01,Section 1,1,-2.458857774734497,373.0,-2.458857774734497,solid,sampled
A5-01,Section 1,1,-2.52773118019104,374.0,-2.52773118019104,solid,sampled
A5-01,Section 1,1,-2.469956398010254,375.0,-2.469956398010254,solid,sampled
A5-01,Section 1,1,-2.476499557495117,376.0,-2.476499557495117,solid,sampled
A5-01,Section 1,1,-2.4383902549743652,377.0,-2.4383902549743652,solid,sampled
A5-01,Section 1,1,-2.432842254638672,378.0,-2.432842254638672,solid,sampled
A5-01,Section 1,1,-2.456428050994873,379.0,-2.456428050994873,solid,sampled
A5-01,Section 1,1,-2.413846969604492,380.0,-2.413846969604492,solid,sampled
A5-01,Section 1,1,-2.3348031044006348,381.0,-2.3348031044006348,solid,sampled
A5-01,Section 1,1,-2.3277344703674316,382.0,-2.3277344703674316,solid,sampled
A5-01,Section 1,1,-2.3028221130371094,383.0,-2.3028221130371094,solid,sampled
A5-01,Section 1,1,-2.3247427940368652,384.0,-2.3247427940368652,solid,sampled
A5-01,Section 1,1,-2.323147773742676,385.0,-2.323147773742676,solid,sampled
A5-01,Section 1,1,-2.3469669818878174,386.0,-2.3469669818878174,solid,sampled
A5-01,Section 1,1,-2.369661808013916,387.0,-2.369661808013916,solid,sampled
A5-01,Section 1,1,-2.384176254272461,388.0,-2.384176254272461,solid,sampled
A5-01,Section 1,1,-2.4035253524780273,389.0,-2.4035253524780273,solid,sampled
A5-01,Section 1,1,-2.4397597312927246,390.0,-2.4397597312927246,solid,sampled
A5-01,Section 1,1,-2.5245463848114014,391.0,-2.5245463848114014,solid,sampled
A5-01,Section 1,1,-2.5553317070007324,392.0,-2.5553317070007324,solid,sampled
A5-01,Section 1,1,-2.5444631576538086,393.0,-2.5444631576538086,solid,sampled
A5-01,Section 1,1,-2.5736467838287354,394.0,-2.5736467838287354,solid,sampled
A5-01,Section 1,1,-2.5460052490234375,395.0,-2.5460052490234375,solid,sampled
A5-01,Section 1,1,-2.6435022354125977,396.0,-2.6435022354125977,solid,sampled
A5-01,Section 1,1,-2.831023693084717,397.0,-2.831023693084717,solid,sampled
A5-01,Section 1,1,-2.9740328788757324,398.0,-2.9740328788757324,solid,sampled
A5-01,Section 1,1,-3.0,399.0,-3.151766777038574,solid,water_floor
A5-01,Section 1,1,-2.9253435134887695,400.0,-2.9253435134887695,solid,sampled
A5-01,Section 1,1,-3.0,401.0,-3.3452858924865723,solid,water_floor
A5-01,Section 1,1,-3.0,402.0,-3.0471715927124023,solid,water_floor
A5-01,Section 1,1,-2.7626140117645264,403.0,-2.7626140117645264,solid,sampled
A5-01,Section 1,1,-2.687284469604492,404.0,-2.687284469604492,solid,sampled
A5-01,Section 1,1,-2.655719041824341,405.0,-2.655719041824341,solid,sampled
A5-01,Section 1,1,-2.653088092803955,406.0,-2.653088092803955,solid,sampled
A5-01,Section 1,1,-2.5367355346679688,407.0,-2.5367355346679688,solid,sampled
A5-01,Section 1,1,-3.0,408.0,-3.0811171531677246,solid,water_floor
A5-01,Section 1,1,-2.894678831100464,409.0,-2.894678831100464,solid,sampled
A5-01,Section 1,1,-2.88289737701416,410.0,-2.88289737701416,solid,sampled
A5-01,Section 1,1,-2.9006187915802,411.0,-2.9006187915802,solid,sampled
A5-01,Section 1,1,-3.0,412.0,-3.017561197280884,solid,water_floor
A5-01,Section 1,1,-2.8202908039093018,413.0,-2.8202908039093018,solid,sampled
A5-01,Section 1,1,-3.0,414.0,-3.5866544246673584,solid,water_floor
A5-01,Section 1,1,-2.9565651416778564,415.0,-2.9565651416778564,solid,sampled
A5-01,Section 1,1,-2.958169937133789,416.0,-2.958169937133789,solid,sampled
A5-01,Section 1,1,-2.6250550746917725,417.0,-2.6250550746917725,solid,sampled
A5-01,Section 1,1,-2.754727363586426,418.0,-2.754727363586426,solid,sampled
A5-01,Section 1,1,-2.5406885147094727,419.0,-2.5406885147094727,solid,sampled
A5-01,Section 1,1,-2.474069356918335,420.0,-2.474069356918335,solid,sampled
A5-01,Section 1,1,-2.5110220909118652,421.0,-2.5110220909118652,solid,sampled
A5-01,Section 1,1,-2.519920587539673,422.0,-2.519920587539673,solid,sampled
A5-01,Section 1,1,-2.5073699951171875,423.0,-2.5073699951171875,solid,sampled
A5-01,Section 1,1,-2.384777545928955,424.0,-2.384777545928955,solid,sampled
A5-01,Section 1,1,-2.3435018062591553,425.0,-2.3435018062591553,solid,sampled
A5-01,Section 1,1,-2.4366750717163086,426.0,-2.4366750717163086,solid,sampled
A5-01,Section 1,1,-2.5116214752197266,427.0,-2.5116214752197266,solid,sampled
A5-01,Section 1,1,-2.4913291931152344,428.0,-2.4913291931152344,solid,sampled
A5-01,Section 1,1,-2.3896443843841553,429.0,-2.3896443843841553,solid,sampled
A5-01,Section 1,1,-2.274763822555542,430.0,-2.274763822555542,solid,sampled
A5-01,Section 1,1,-2.2051095962524414,431.0,-2.2051095962524414,solid,sampled
A5-01,Section 1,1,-2.1465821266174316,432.0,-2.1465821266174316,solid,sampled
A5-01,Section 1,1,-2.091874599456787,433.0,-2.091874599456787,solid,sampled
A5-01,Section 1,1,-1.5426945686340332,434.0,-1.5426945686340332,solid,sampled
A5-01,Section 1,1,-2.112051010131836,435.0,-2.112051010131836,solid,sampled
A5-01,Section 1,1,-2.002854108810425,436.0,-2.002854108810425,solid,sampled
A5-01,Section 1,1,-2.0164389610290527,437.0,-2.0164389610290527,solid,sampled
A5-01,Section 1,1,-1.9667987823486328,438.0,-1.9667987823486328,solid,sampled
A5-01,Section 1,1,-1.907222032546997,439.0,-1.907222032546997,solid,sampled
A5-01,Section 1,1,-1.825788974761963,440.0,-1.825788974761963,solid,sampled
A5-01,Section 1,1,-1.7528233528137207,441.0,-1.7528233528137207,solid,sampled
A5-01,Section 1,1,-1.7394194602966309,442.0,-1.7394194602966309,solid,sampled
A5-01,Section 1,1,-1.748582124710083,443.0,-1.748582124710083,solid,sampled
A5-01,Section 1,1,-1.6532939672470093,444.0,-1.6532939672470093,solid,sampled
A5-01,Section 1,1,-1.6001596450805664,445.0,-1.6001596450805664,solid,sampled
A5-01,Section 1,1,-1.6137926578521729,446.0,-1.6137926578521729,solid,sampled
A5-01,Section 1,1,-1.5755023956298828,447.0,-1.5755023956298828,solid,sampled
A5-01,Section 1,1,-1.5774873495101929,448.0,-1.5774873495101929,solid,sampled
A5-01,Section 1,1,-1.5300143957138062,449.0,-1.5300143957138062,solid,sampled
A5-01,Section 1,1,-1.519142985343933,450.0,-1.519142985343933,solid,sampled
A5-01,Section 1,1,-1.4589078426361084,451.0,-1.4589078426361084,solid,sampled
A5-01,Section 1,1,-1.4780092239379883,452.0,-1.4780092239379883,solid,sampled
A5-01,Section 1,1,-1.3680963516235352,453.0,-1.3680963516235352,solid,sampled
A5-01,Section 1,1,-1.2182883024215698,454.0,-1.2182883024215698,solid,sampled
A5-01,Section 1,1,-1.1240800619125366,455.0,-1.1240800619125366,solid,sampled
A5-01,Section 1,1,-1.0720250606536865,456.0,-1.0720250606536865,solid,sampled
A5-01,Section 1,1,-0.9640982747077942,457.0,-0.9640982747077942,solid,sampled
A5-01,Section 1,1,-0.8105003237724304,458.0,-0.8105003237724304,solid,sampled
A5-01,Section 1,1,-0.7193090915679932,459.0,-0.7193090915679932,solid,sampled
A5-01,Section 1,1,-0.5835084915161133,460.0,-0.5835084915161133,solid,sampled
A5-01,Section 1,1,-0.43465039134025574,461.0,-0.43465039134025574,solid,sampled
A5-01,Section 1,1,-0.30837497115135193,462.0,-0.30837497115135193,solid,sampled
A5-01,Section 1,1,-0.13724815845489502,463.0,-0.13724815845489502,solid,sampled
A5-01,Section 1,1,0.035721004009246826,464.0,0.035721004009246826,solid,sampled
A5-01,Section 1,1,0.1276024878025055,465.0,0.1276024878025055,solid,sampled
A5-01,Section 1,1,0.13023051619529724,466.0,0.13023051619529724,solid,sampled
A5-01,Section 1,1,0.15508238971233368,467.0,0.15508238971233368,solid,sampled
A5-01,Section 1,1,0.1392822265625,468.0,0.1392822265625,solid,sampled
A5-01,Section 1,1,0.1429595649242401,469.0,0.1429595649242401,solid,sampled
A5-01,Section 1,1,0.15403228998184204,470.0,0.15403228998184204,solid,sampled
A5-01,Section 1,1,0.1611141562461853,471.0,0.1611141562461853,solid,sampled
A5-01,Section 1,1,0.130049467086792,472.0,0.130049467086792,solid,sampled
A5-01,Section 1,1,0.13482370972633362,473.0,0.13482370972633362,solid,sampled
A5-01,Section 1,1,0.13786590099334717,474.0,0.13786590099334717,solid,sampled
A5-01,Section 1,1,0.136371910572052,475.0,0.136371910572052,solid,sampled
A5-01,Section 1,1,0.12088638544082642,476.0,0.12088638544082642,solid,sampled
A5-01,Section 1,1,0.025190912187099457,477.0,0.025190912187099457,solid,sampled
A5-01,Section 1,1,0.06241565942764282,478.0,0.06241565942764282,solid,sampled
A5-01,Section 1,1,0.16877174377441406,479.0,0.16877174377441406,solid,sampled
A5-01,Section 1,1,0.14401376247406006,480.0,0.14401376247406006,solid,sampled
A5-01,Section 1,1,0.1449984908103943,481.0,0.1449984908103943,solid,sampled
A5-01,Section 1,1,0.1329864263534546,482.0,0.1329864263534546,solid,sampled
A5-01,Section 1,1,0.1349983513355255,483.0,0.1349983513355255,solid,sampled
A5-01,Section 1,1,0.14876329898834229,484.0,0.14876329898834229,solid,sampled
A5-01,Section 1,1,0.13859327137470245,485.0,0.13859327137470245,solid,sampled
A5-01,Section 1,1,0.10961192846298218,486.0,0.10961192846298218,solid,sampled
A5-01,Section 1,1,0.12242189049720764,487.0,0.12242189049720764,solid,sampled
A5-01,Section 1,1,0.1002981960773468,488.0,0.1002981960773468,solid,sampled
A5-01,Section 1,1,0.12210686504840851,489.0,0.12210686504840851,solid,sampled
A5-01,Section 1,1,0.15003688633441925,490.0,0.15003688633441925,solid,sampled
A5-01,Section 1,1,0.08985280990600586,491.0,0.08985280990600586,solid,sampled
A5-01,Section 1,1,0.007603846490383148,492.0,0.007603846490383148,solid,sampled
A5-01,Section 1,1,-0.000485152006149292,493.0,-0.000485152006149292,solid,sampled
A5-01,Section 1,1,0.06531482934951782,494.0,0.06531482934951782,solid,sampled
A5-01,Section 1,1,0.11641141772270203,495.0,0.11641141772270203,solid,sampled
A5-01,Section 1,1,0.17075133323669434,496.0,0.17075133323669434,solid,sampled
A5-01,Section 1,1,0.20714083313941956,497.0,0.20714083313941956,solid,sampled
A5-01,Section 1,1,0.1600499153137207,498.0,0.1600499153137207,solid,sampled
A5-01,Section 1,1,0.1244802251458168,499.0,0.1244802251458168,solid,sampled
A5-01,Section 1,1,0.1228659600019455,500.0,0.1228659600019455,solid,sampled
A5-01,Section 1,1,0.15744350850582123,501.0,0.15744350850582123,solid,sampled
A5-01,Section 1,1,0.1420671045780182,502.0,0.1420671045780182,solid,sampled
A5-01,Section 1,1,0.16187307238578796,503.0,0.16187307238578796,solid,sampled
A5-01,Section 1,1,0.12967631220817566,504.0,0.12967631220817566,solid,sampled
A5-01,Section 1,1,0.0937809944152832,505.0,0.0937809944152832,solid,sampled
A5-01,Section 1,1,0.06366419792175293,506.0,0.06366419792175293,solid,sampled
A5-01,Section 1,1,0.07625102996826172,507.0,0.07625102996826172,solid,sampled
A5-01,Section 1,1,0.07448406517505646,508.0,0.07448406517505646,solid,sampled
A5-01,Section 1,1,0.04131168872117996,509.0,0.04131168872117996,solid,sampled
A5-01,Section 1,1,0.011872202157974243,510.0,0.011872202157974243,solid,sampled
A5-01,Section 1,1,-0.005696594715118408,511.0,-0.005696594715118408,solid,sampled
A5-01,Section 1,1,0.0021500587463378906,512.0,0.0021500587463378906,solid,sampled
A5-01,Section 1,1,0.02196502685546875,513.0,0.02196502685546875,solid,sampled
A5-01,Section 1,1,0.056258201599121094,514.0,0.056258201599121094,solid,sampled
A5-01,Section 1,1,0.14139249920845032,515.0,0.14139249920845032,solid,sampled
A5-01,Section 1,1,0.1197216659784317,516.0,0.1197216659784317,solid,sampled
A5-01,Section 1,1,0.09079104661941528,517.0,0.09079104661941528,solid,sampled
A5-01,Section 1,1,0.05420652776956558,518.0,0.05420652776956558,solid,sampled
A5-01,Section 1,1,0.02530345320701599,519.0,0.02530345320701599,solid,sampled
A5-01,Section 1,1,0.026290148496627808,520.0,0.026290148496627808,solid,sampled
A5-01,Section 1,1,0.03926634043455124,521.0,0.03926634043455124,solid,sampled
A5-01,Section 1,1,0.08931957185268402,522.0,0.08931957185268402,solid,sampled
A5-01,Section 1,1,0.08040975779294968,523.0,0.08040975779294968,solid,sampled
A5-01,Section 1,1,0.07361805438995361,524.0,0.07361805438995361,solid,sampled
A5-01,Section 1,1,0.04154466092586517,525.0,0.04154466092586517,solid,sampled
A5-01,Section 1,1,0.02538245916366577,526.0,0.02538245916366577,solid,sampled
A5-01,Section 1,1,0.03993833065032959,527.0,0.03993833065032959,solid,sampled
A5-01,Section 1,1,0.07542937994003296,528.0,0.07542937994003296,solid,sampled
A5-01,Section 1,1,0.05577469617128372,529.0,0.05577469617128372,solid,sampled
A5-01,Section 1,1,0.06300163269042969,530.0,0.06300163269042969,solid,sampled
A5-01,Section 1,1,0.04738396406173706,531.0,0.04738396406173706,solid,sampled
A5-01,Section 1,1,0.03111569583415985,532.0,0.03111569583415985,solid,sampled
A5-01,Section 1,1,0.04711099714040756,533.0,0.04711099714040756,solid,sampled
A5-01,Section 1,1,0.045720309019088745,534.0,0.045720309019088745,solid,sampled
A5-01,Section 1,1,0.08288067579269409,535.0,0.08288067579269409,solid,sampled
A5-01,Section 1,1,0.11664038896560669,536.0,0.11664038896560669,solid,sampled
A5-01,Section 1,1,0.09852790832519531,537.0,0.09852790832519531,solid,sampled
A5-01,Section 1,1,0.10486097633838654,538.0,0.10486097633838654,solid,sampled
A5-01,Section 1,1,0.06755614280700684,539.0,0.06755614280700684,solid,sampled
A5-01,Section 1,1,0.01402030885219574,540.0,0.01402030885219574,solid,sampled
A5-01,Section 1,1,0.024837210774421692,541.0,0.024837210774421692,solid,sampled
A5-01,Section 1,1,-0.02331109344959259,542.0,-0.02331109344959259,solid,sampled
A5-01,Section 1,1,-0.006455063819885254,543.0,-0.006455063819885254,solid,sampled
A5-01,Section 1,1,0.05085587501525879,544.0,0.05085587501525879,solid,sampled
A5-01,Section 1,1,0.04849720001220703,545.0,0.04849720001220703,solid,sampled
A5-01,Section 1,1,0.020994827151298523,546.0,0.020994827151298523,solid,sampled
A5-01,Section 1,1,0.03662213683128357,547.0,0.03662213683128357,solid,sampled
A5-01,Section 1,1,0.06630498170852661,548.0,0.06630498170852661,solid,sampled
A5-01,Section 1,1,0.00861009955406189,549.0,0.00861009955406189,solid,sampled
A5-01,Section 1,1,0.047387659549713135,550.0,0.047387659549713135,solid,sampled
A5-01,Section 1,1,0.03355533629655838,551.0,0.03355533629655838,solid,sampled
A5-01,Section 1,1,0.021308496594429016,552.0,0.021308496594429016,solid,sampled
A5-01,Section 1,1,-0.035467393696308136,553.0,-0.035467393696308136,solid,sampled
A5-01,Section 1,1,-0.06594398617744446,554.0,-0.06594398617744446,solid,sampled
A5-01,Section 1,1,-0.026827074587345123,555.0,-0.026827074587345123,solid,sampled
A5-01,Section 1,1,-0.04416579008102417,556.0,-0.04416579008102417,solid,sampled
A5-01,Section 1,1,-0.04565483331680298,557.0,-0.04565483331680298,solid,sampled
A5-01,Section 1,1,0.0047345757484436035,558.0,0.0047345757484436035,solid,sampled
A5-01,Section 1,1,-0.04145920276641846,559.0,-0.04145920276641846,solid,sampled
A5-01,Section 1,1,-0.023315131664276123,560.0,-0.023315131664276123,solid,sampled
A5-01,Section 1,1,-0.0789717435836792,561.0,-0.0789717435836792,solid,sampled
A5-01,Section 1,1,-0.085429847240448,562.0,-0.085429847240448,solid,sampled
A5-01,Section 1,1,-0.03942742943763733,563.0,-0.03942742943763733,solid,sampled
A5-01,Section 1,1,-0.08071579784154892,564.0,-0.08071579784154892,solid,sampled
A5-01,Section 1,1,-0.07947054505348206,565.0,-0.07947054505348206,solid,sampled
A5-01,Section 1,1,-0.06034135818481445,566.0,-0.06034135818481445,solid,sampled
A5-01,Section 1,1,-0.018704406917095184,567.0,-0.018704406917095184,solid,sampled
A5-01,Section 1,1,-0.07446932792663574,568.0,-0.07446932792663574,solid,sampled
A5-01,Section 1,1,-0.10619878768920898,569.0,-0.10619878768920898,solid,sampled
A5-01,Section 1,1,-0.1445707380771637,570.0,-0.1445707380771637,solid,sampled
A5-01,Section 1,1,-0.12586165964603424,571.0,-0.12586165964603424,solid,sampled
A5-01,Section 1,1,-0.10733695328235626,572.0,-0.10733695328235626,solid,sampled
A5-01,Section 1,1,-0.06538558006286621,573.0,-0.06538558006286621,solid,sampled
A5-01,Section 1,1,-0.09641332179307938,574.0,-0.09641332179307938,solid,sampled
A5-01,Section 1,1,-0.09649866819381714,575.0,-0.09649866819381714,solid,sampled
A5-01,Section 1,1,-0.1116645336151123,576.0,-0.1116645336151123,solid,sampled
A5-01,Section 1,1,-0.09748987853527069,577.0,-0.09748987853527069,solid,sampled
A5-01,Section 1,1,-0.14265358448028564,578.0,-0.14265358448028564,solid,sampled
A5-01,Section 1,1,-0.22569364309310913,579.0,-0.22569364309310913,solid,sampled
A5-01,Section 1,1,-0.1536468267440796,580.0,-0.1536468267440796,solid,sampled
A5-01,Section 1,1,-0.1239326000213623,581.0,-0.1239326000213623,solid,sampled
A5-01,Section 1,1,-0.20238566398620605,582.0,-0.20238566398620605,solid,sampled
A5-01,Section 1,1,-0.2620812654495239,583.0,-0.2620812654495239,solid,sampled
A5-01,Section 1,1,-0.26936084032058716,584.0,-0.26936084032058716,solid,sampled
A5-01,Section 1,1,-0.26219213008880615,585.0,-0.26219213008880615,solid,sampled
A5-01,Section 1,1,-0.2967883348464966,586.0,-0.2967883348464966,solid,sampled
A5-01,Section 1,1,-0.28256481885910034,587.0,-0.28256481885910034,solid,sampled
A5-01,Section 1,1,-0.30786561965942383,588.0,-0.30786561965942383,solid,sampled
A5-01,Section 1,1,-0.27115345001220703,589.0,-0.27115345001220703,solid,sampled
A5-01,Section 1,1,-0.28609132766723633,590.0,-0.28609132766723633,solid,sampled
A5-01,Section 1,1,-0.24703294038772583,591.0,-0.24703294038772583,solid,sampled
A5-01,Section 1,1,-0.3614829182624817,592.0,-0.3614829182624817,solid,sampled
A5-01,Section 1,1,-0.3240382671356201,593.0,-0.3240382671356201,solid,sampled
A5-01,Section 1,1,-0.3408140540122986,594.0,-0.3408140540122986,solid,sampled
A5-01,Section 1,1,-0.3521164059638977,595.0,-0.3521164059638977,solid,sampled
A5-01,Section 1,1,-0.33500850200653076,596.0,-0.33500850200653076,solid,sampled
A5-01,Section 1,1,-0.3359435200691223,597.0,-0.3359435200691223,solid,sampled
A5-01,Section 1,1,-0.4098321795463562,598.0,-0.4098321795463562,solid,sampled
A5-01,Section 1,1,-0.3828279674053192,599.0,-0.3828279674053192,solid,sampled
A5-01,Section 1,1,-0.43491828441619873,600.0,-0.43491828441619873,solid,sampled
A5-01,Section 1,1,-0.3809592127799988,601.0,-0.3809592127799988,solid,sampled
A5-01,Section 1,1,-0.39638614654541016,602.0,-0.39638614654541016,solid,sampled
A5-01,Section 1,1,-0.44230031967163086,603.0,-0.44230031967163086,solid,sampled
A5-01,Section 1,1,-0.42629504203796387,604.0,-0.42629504203796387,solid,sampled
A5-01,Section 1,1,-0.4724191129207611,605.0,-0.4724191129207611,solid,sampled
A5-01,Section 1,1,-0.4038865566253662,606.0,-0.4038865566253662,solid,sampled
A5-01,Section 1,1,-0.4671182334423065,607.0,-0.4671182334423065,solid,sampled
A5-01,Section 1,1,-0.4635505676269531,608.0,-0.4635505676269531,solid,sampled
A5-01,Section 1,1,-0.4653667211532593,609.0,-0.4653667211532593,solid,sampled
A5-01,Section 1,1,-0.4349803924560547,610.0,-0.4349803924560547,solid,sampled
A5-01,Section 1,1,-0.4397076368331909,611.0,-0.4397076368331909,solid,sampled
A5-01,Section 1,1,-0.47876644134521484,612.0,-0.47876644134521484,solid,sampled
A5-01,Section 1,1,-0.5137414336204529,613.0,-0.5137414336204529,solid,sampled
A5-01,Section 1,1,-0.4836394786834717,614.0,-0.4836394786834717,solid,sampled
A5-01,Section 1,1,-0.5125100612640381,615.0,-0.5125100612640381,solid,sampled
A5-01,Section 1,1,-0.5547713041305542,616.0,-0.5547713041305542,solid,sampled
A5-01,Section 1,1,-0.5091071724891663,617.0,-0.5091071724891663,solid,sampled
A5-01,Section 1,1,-0.4875349700450897,618.0,-0.4875349700450897,solid,sampled
A5-01,Section 1,1,-0.5057783722877502,619.0,-0.5057783722877502,solid,sampled
A5-01,Section 1,1,-0.45612162351608276,620.0,-0.45612162351608276,solid,sampled
A5-01,Section 1,1,-0.4811162054538727,621.0,-0.4811162054538727,solid,sampled
A5-01,Section 1,1,-0.47499364614486694,622.0,-0.47499364614486694,solid,sampled
A5-01,Section 1,1,-0.505628228187561,623.0,-0.505628228187561,solid,sampled
A5-01,Section 1,1,-0.478983610868454,624.0,-0.478983610868454,solid,sampled
A5-01,Section 1,1,-0.49651238322257996,625.0,-0.49651238322257996,solid,sampled
A5-01,Section 1,1,-0.4933316111564636,626.0,-0.4933316111564636,solid,sampled
A5-01,Section 1,1,-0.46573686599731445,627.0,-0.46573686599731445,solid,sampled
A5-01,Section 1,1,-0.527677059173584,628.0,-0.527677059173584,solid,sampled
A5-01,Section 1,1,-0.5157164335250854,629.0,-0.5157164335250854,solid,sampled
A5-01,Section 1,1,-0.45167678594589233,630.0,-0.45167678594589233,solid,sampled
A5-01,Section 1,1,-0.4576050043106079,631.0,-0.4576050043106079,solid,sampled
A5-01,Section 1,1,-0.5187382698059082,632.0,-0.5187382698059082,solid,sampled
A5-01,Section 1,1,-0.4654501974582672,633.0,-0.4654501974582672,solid,sampled
A5-01,Section 1,1,-0.502375602722168,634.0,-0.502375602722168,solid,sampled
A5-01,Section 1,1,-0.5412628650665283,635.0,-0.5412628650665283,solid,sampled
A5-01,Section 1,1,-0.48946937918663025,636.0,-0.48946937918663025,solid,sampled
A5-01,Section 1,1,-0.47162991762161255,637.0,-0.47162991762161255,solid,sampled
A5-01,Section 1,1,-0.5024194717407227,638.0,-0.5024194717407227,solid,sampled
A5-01,Section 1,1,-0.5330795049667358,639.0,-0.5330795049667358,solid,sampled
A5-01,Section 1,1,-0.5816942453384399,640.0,-0.5816942453384399,solid,sampled
A5-01,Section 1,1,-0.5648574829101562,641.0,-0.5648574829101562,solid,sampled
A5-01,Section 1,1,-0.5279732346534729,642.0,-0.5279732346534729,solid,sampled
A5-01,Section 1,1,-0.5371870994567871,643.0,-0.5371870994567871,solid,sampled
A5-01,Section 1,1,-0.5025089979171753,644.0,-0.5025089979171753,solid,sampled
A5-01,Section 1,1,-0.5991835594177246,645.0,-0.5991835594177246,solid,sampled
A5-01,Section 1,1,-0.5800285339355469,646.0,-0.5800285339355469,solid,sampled
A5-01,Section 1,1,-0.618100643157959,647.0,-0.618100643157959,solid,sampled
A5-01,Section 1,1,-0.589442253112793,648.0,-0.589442253112793,solid,sampled
A5-01,Section 1,1,-0.595219612121582,649.0,-0.595219612121582,solid,sampled
A5-01,Section 1,1,-0.6107817888259888,650.0,-0.6107817888259888,solid,sampled
A5-01,Section 1,1,-0.6188918352127075,651.0,-0.6188918352127075,solid,sampled
A5-01,Section 1,1,-0.6677645444869995,652.0,-0.6677645444869995,solid,sampled
A5-01,Section 1,1,-0.6373612880706787,653.0,-0.6373612880706787,solid,sampled
A5-01,Section 1,1,-0.6376786828041077,654.0,-0.6376786828041077,solid,sampled
A5-01,Section 1,1,-0.6941909790039062,655.0,-0.6941909790039062,solid,sampled
A5-01,Section 1,1,-0.7247300148010254,656.0,-0.7247300148010254,solid,sampled
A5-01,Section 1,1,-0.7208542823791504,657.0,-0.7208542823791504,solid,sampled
A5-01,Section 1,1,-0.6404491662979126,658.0,-0.6404491662979126,solid,sampled
A5-01,Section 1,1,-0.6500381231307983,659.0,-0.6500381231307983,solid,sampled
A5-01,Section 1,1,-0.6649309396743774,660.0,-0.6649309396743774,solid,sampled
A5-01,Section 1,1,-0.6436097025871277,661.0,-0.6436097025871277,solid,sampled
A5-01,Section 1,1,-0.554252028465271,662.0,-0.554252028465271,solid,sampled
A5-01,Section 1,1,-0.5903558731079102,663.0,-0.5903558731079102,solid,sampled
A5-01,Section 1,1,-0.5871833562850952,664.0,-0.5871833562850952,solid,sampled
A5-01,Section 1,1,-0.6516595482826233,665.0,-0.6516595482826233,solid,sampled
A5-01,Section 1,1,-0.5873841047286987,666.0,-0.5873841047286987,solid,sampled
A5-01,Section 1,1,-0.5434198379516602,667.0,-0.5434198379516602,solid,sampled
A5-01,Section 1,1,-0.5048424601554871,668.0,-0.5048424601554871,solid,sampled
A5-01,Section 1,1,-0.5955715179443359,669.0,-0.5955715179443359,solid,sampled
A5-01,Section 1,1,-0.6036024689674377,670.0,-0.6036024689674377,solid,sampled
A5-01,Section 1,1,-0.5015196800231934,671.0,-0.5015196800231934,solid,sampled
A5-01,Section 1,1,-0.47795388102531433,672.0,-0.47795388102531433,solid,sampled
A5-01,Section 1,1,-0.5209579467773438,673.0,-0.5209579467773438,solid,sampled
A5-01,Section 1,1,-0.5156886577606201,674.0,-0.5156886577606201,solid,sampled
A5-01,Section 1,1,-0.6161633729934692,675.0,-0.6161633729934692,solid,sampled
A5-01,Section 1,1,-0.6015175580978394,676.0,-0.6015175580978394,solid,sampled
A5-01,Section 1,1,-0.554426908493042,677.0,-0.554426908493042,solid,sampled
A5-01,Section 1,1,-0.5093026161193848,678.0,-0.5093026161193848,solid,sampled
A5-01,Section 1,1,-0.5192975997924805,679.0,-0.5192975997924805,solid,sampled
A5-01,Section 1,1,-0.6180964708328247,680.0,-0.6180964708328247,solid,sampled
A5-01,Section 1,1,-0.5339310765266418,681.0,-0.5339310765266418,solid,sampled
A5-01,Section 1,1,-0.5158330202102661,682.0,-0.5158330202102661,solid,sampled
A5-01,Section 1,1,-0.621928870677948,683.0,-0.621928870677948,solid,sampled
A5-01,Section 1,1,-0.6641385555267334,684.0,-0.6641385555267334,solid,sampled
A5-01,Section 1,1,-0.6176693439483643,685.0,-0.6176693439483643,solid,sampled
A5-01,Section 1,1,-0.6039233207702637,686.0,-0.6039233207702637,solid,sampled
A5-01,Section 1,1,-0.6359443664550781,687.0,-0.6359443664550781,solid,sampled
A5-01,Section 1,1,-0.5815749168395996,688.0,-0.5815749168395996,solid,sampled
A5-01,Section 1,1,-0.6163560152053833,689.0,-0.6163560152053833,solid,sampled
A5-01,Section 1,1,-0.5607544183731079,690.0,-0.5607544183731079,solid,sampled
A5-01,Section 1,1,-0.545330822467804,691.0,-0.545330822467804,solid,sampled
A5-01,Section 1,1,-0.6315187811851501,692.0,-0.6315187811851501,solid,sampled
A5-01,Section 1,1,-0.6231249570846558,693.0,-0.6231249570846558,solid,sampled
A5-01,Section 1,1,-0.5909996628761292,694.0,-0.5909996628761292,solid,sampled
A5-01,Section 1,1,-0.5755724310874939,695.0,-0.5755724310874939,solid,sampled
A5-01,Section 1,1,-0.608453631401062,696.0,-0.608453631401062,solid,sampled
A5-01,Section 1,1,-0.6144737601280212,697.0,-0.6144737601280212,solid,sampled
A5-01,Section 1,1,-0.6283944845199585,698.0,-0.6283944845199585,solid,sampled
A5-01,Section 1,1,-0.6138434410095215,699.0,-0.6138434410095215,solid,sampled
A5-01,Section 1,1,-0.6265711784362793,700.0,-0.6265711784362793,solid,sampled
A5-01,Section 1,1,-0.6211763620376587,701.0,-0.6211763620376587,solid,sampled
A5-01,Section 1,1,-0.5648690462112427,702.0,-0.5648690462112427,solid,sampled
A5-01,Section 1,1,-0.5653256177902222,703.0,-0.5653256177902222,solid,sampled
A5-01,Section 1,1,-0.6336826086044312,704.0,-0.6336826086044312,solid,sampled
A5-01,Section 1,1,-0.6152036786079407,705.0,-0.6152036786079407,solid,sampled
A5-01,Section 1,1,-0.619530439376831,706.0,-0.619530439376831,solid,sampled
A5-01,Section 1,1,-0.6160111427307129,707.0,-0.6160111427307129,solid,sampled
A5-01,Section 1,1,-0.5766122937202454,708.0,-0.5766122937202454,solid,sampled
A5-01,Section 1,1,-0.6016268730163574,709.0,-0.6016268730163574,solid,sampled
A5-01,Section 1,1,-0.5968796014785767,710.0,-0.5968796014785767,solid,sampled
A5-01,Section 1,1,-0.6074321269989014,711.0,-0.6074321269989014,solid,sampled
A5-01,Section 1,1,-0.5995784401893616,712.0,-0.5995784401893616,solid,sampled
A5-01,Section 1,1,-0.5658465027809143,713.0,-0.5658465027809143,solid,sampled
A5-01,Section 1,1,-0.6067114472389221,714.0,-0.6067114472389221,solid,sampled
A5-01,Section 1,1,-0.5286879539489746,715.0,-0.5286879539489746,solid,sampled
A5-01,Section 1,1,-0.577305793762207,716.0,-0.577305793762207,solid,sampled
A5-01,Section 1,1,-0.5841343402862549,717.0,-0.5841343402862549,solid,sampled
A5-01,Section 1,1,-0.6240520477294922,718.0,-0.6240520477294922,solid,sampled
A5-01,Section 1,1,-0.6117217540740967,719.0,-0.6117217540740967,solid,sampled
A5-01,Section 1,1,-0.5829977989196777,720.0,-0.5829977989196777,solid,sampled
A5-01,Section 1,1,-0.5216488838195801,721.0,-0.5216488838195801,solid,sampled
A5-01,Section 1,1,-0.5132322907447815,722.0,-0.5132322907447815,solid,sampled
A5-01,Section 1,1,-0.5950237512588501,723.0,-0.5950237512588501,solid,sampled
A5-01,Section 1,1,-0.5391489863395691,724.0,-0.5391489863395691,solid,sampled
A5-01,Section 1,1,-0.5761852264404297,725.0,-0.5761852264404297,solid,sampled
A5-01,Section 1,1,-0.6003057956695557,726.0,-0.6003057956695557,solid,sampled
A5-01,Section 1,1,-0.5700833797454834,727.0,-0.5700833797454834,solid,sampled
A5-01,Section 1,1,-0.5518573522567749,728.0,-0.5518573522567749,solid,sampled
A5-01,Section 1,1,-0.4754725694656372,729.0,-0.4754725694656372,solid,sampled
A5-01,Section 1,1,-0.46480751037597656,730.0,-0.46480751037597656,solid,sampled
A5-01,Section 1,1,-0.46820175647735596,731.0,-0.46820175647735596,solid,sampled
A5-01,Section 1,1,-0.5573396682739258,732.0,-0.5573396682739258,solid,sampled
A5-01,Section 1,1,-0.48536789417266846,733.0,-0.48536789417266846,solid,sampled
A5-01,Section 1,1,-0.45339301228523254,734.0,-0.45339301228523254,solid,sampled
A5-01,Section 1,1,-0.41383740305900574,735.0,-0.41383740305900574,solid,sampled
A5-01,Section 1,1,-0.39739489555358887,736.0,-0.39739489555358887,solid,sampled
A5-01,Section 1,1,-0.35946378111839294,737.0,-0.35946378111839294,solid,sampled
A5-01,Section 1,1,-0.36266183853149414,738.0,-0.36266183853149414,solid,sampled
A5-01,Section 1,1,-0.4229294955730438,739.0,-0.4229294955730438,solid,sampled
A5-01,Section 1,1,-0.3675866723060608,740.0,-0.3675866723060608,solid,sampled
A5-01,Section 1,1,-0.4534021317958832,741.0,-0.4534021317958832,solid,sampled
A5-01,Section 1,1,-0.35705819725990295,742.0,-0.35705819725990295,solid,sampled
A5-01,Section 1,1,-0.3515412211418152,743.0,-0.3515412211418152,solid,sampled
A5-01,Section 1,1,-0.3159964084625244,744.0,-0.3159964084625244,solid,sampled
A5-01,Section 1,1,-0.3402298092842102,745.0,-0.3402298092842102,solid,sampled
A5-01,Section 1,1,-0.34453532099723816,746.0,-0.34453532099723816,solid,sampled
A5-01,Section 1,1,-0.3703576922416687,747.0,-0.3703576922416687,solid,sampled
A5-01,Section 1,1,-0.28270190954208374,748.0,-0.28270190954208374,solid,sampled
A5-01,Section 1,1,-0.2692723870277405,749.0,-0.2692723870277405,solid,sampled
A5-01,Section 1,1,-0.2972358465194702,750.0,-0.2972358465194702,solid,sampled
A5-01,Section 1,1,-0.2706507444381714,751.0,-0.2706507444381714,solid,sampled
A5-01,Section 1,1,-0.2202141284942627,752.0,-0.2202141284942627,solid,sampled
A5-01,Section 1,1,-0.212121844291687,753.0,-0.212121844291687,solid,sampled
A5-01,Section 1,1,-0.24275660514831543,754.0,-0.24275660514831543,solid,sampled
A5-01,Section 1,1,-0.233816459774971,755.0,-0.233816459774971,solid,sampled
A5-01,Section 1,1,-0.19651401042938232,756.0,-0.19651401042938232,solid,sampled
A5-01,Section 1,1,-0.2061784863471985,757.0,-0.2061784863471985,solid,sampled
A5-01,Section 1,1,-0.20466944575309753,758.0,-0.20466944575309753,solid,sampled
A5-01,Section 1,1,-0.17885351181030273,759.0,-0.17885351181030273,solid,sampled
A5-01,Section 1,1,-0.16021732985973358,760.0,-0.16021732985973358,solid,sampled
A5-01,Section 1,1,-0.17983996868133545,761.0,-0.17983996868133545,solid,sampled
A5-01,Section 1,1,-0.1408122181892395,762.0,-0.1408122181892395,solid,sampled
A5-01,Section 1,1,-0.1546773612499237,763.0,-0.1546773612499237,solid,sampled
A5-01,Section 1,1,-0.1125902533531189,764.0,-0.1125902533531189,solid,sampled
A5-01,Section 1,1,-0.12064176797866821,765.0,-0.12064176797866821,solid,sampled
A5-01,Section 1,1,-0.1629476547241211,766.0,-0.1629476547241211,solid,sampled
A5-01,Section 1,1,-0.1654002070426941,767.0,-0.1654002070426941,solid,sampled
A5-01,Section 1,1,-0.09374634921550751,768.0,-0.09374634921550751,solid,sampled
A5-01,Section 1,1,-0.12519428133964539,769.0,-0.12519428133964539,solid,sampled
A5-01,Section 1,1,-0.10809975117444992,770.0,-0.10809975117444992,solid,sampled
A5-01,Section 1,1,-0.11330282688140869,771.0,-0.11330282688140869,solid,sampled
A5-01,Section 1,1,-0.12658357620239258,772.0,-0.12658357620239258,solid,sampled
A5-01,Section 1,1,-0.1061917096376419,773.0,-0.1061917096376419,solid,sampled
A5-01,Section 1,1,-0.07974259555339813,774.0,-0.07974259555339813,solid,sampled
A5-01,Section 1,1,-0.10170719027519226,775.0,-0.10170719027519226,solid,sampled
A5-01,Section 1,1,-0.11448463797569275,776.0,-0.11448463797569275,solid,sampled
A5-01,Section 1,1,-0.10591736435890198,777.0,-0.10591736435890198,solid,sampled
A5-01,Section 1,1,-0.09092247486114502,778.0,-0.09092247486114502,solid,sampled
A5-01,Section 1,1,-0.06846431642770767,779.0,-0.06846431642770767,solid,sampled
A5-01,Section 1,1,-0.05970445275306702,780.0,-0.05970445275306702,solid,sampled
A5-01,Section 1,1,-0.07118961215019226,781.0,-0.07118961215019226,solid,sampled
A5-01,Section 1,1,-0.024184606969356537,782.0,-0.024184606969356537,solid,sampled
A5-01,Section 1,1,-0.03582108020782471,783.0,-0.03582108020782471,solid,sampled
A5-01,Section 1,1,-0.037287890911102295,784.0,-0.037287890911102295,solid,sampled
A5-01,Section 1,1,-0.019514083862304688,785.0,-0.019514083862304688,solid,sampled
A5-01,Section 1,1,-0.018542587757110596,786.0,-0.018542587757110596,solid,sampled
A5-01,Section 1,1,-0.051270097494125366,787.0,-0.051270097494125366,solid,sampled
A5-01,Section 1,1,0.02905002236366272,788.0,0.02905002236366272,solid,sampled
A5-01,Section 1,1,0.015259332954883575,789.0,0.015259332954883575,solid,sampled
A5-01,Section 1,1,0.020525038242340088,790.0,0.020525038242340088,solid,sampled
A5-01,Section 1,1,0.003850221633911133,791.0,0.003850221633911133,solid,sampled
A5-01,Section 1,1,0.05078929662704468,792.0,0.05078929662704468,solid,sampled
A5-01,Section 1,1,0.04081130027770996,793.0,0.04081130027770996,solid,sampled
A5-01,Section 1,1,0.04479500651359558,794.0,0.04479500651359558,solid,sampled
A5-01,Section 1,1,0.011572018265724182,795.0,0.011572018265724182,solid,sampled
A5-01,Section 1,1,0.059938907623291016,796.0,0.059938907623291016,solid,sampled
A5-01,Section 1,1,0.014323152601718903,797.0,0.014323152601718903,solid,sampled
A5-01,Section 1,1,0.0491616427898407,798.0,0.0491616427898407,solid,sampled
A5-01,Section 1,1,0.05915972590446472,799.0,0.05915972590446472,solid,sampled
A5-01,Section 1,1,0.09515662491321564,800.0,0.09515662491321564,solid,sampled
A5-01,Section 1,1,0.0842118114233017,801.0,0.0842118114233017,solid,sampled
A5-01,Section 1,1,0.09086423367261887,802.0,0.09086423367261887,solid,sampled
A5-01,Section 1,1,0.07178783416748047,803.0,0.07178783416748047,solid,sampled
A5-01,Section 1,1,0.09218882024288177,804.0,0.09218882024288177,solid,sampled
A5-01,Section 1,1,0.0762491226196289,805.0,0.0762491226196289,solid,sampled
A5-01,Section 1,1,0.0920674204826355,806.0,0.0920674204826355,solid,sampled
A5-01,Section 1,1,0.11168348789215088,807.0,0.11168348789215088,solid,sampled
A5-01,Section 1,1,0.10892975330352783,808.0,0.10892975330352783,solid,sampled
A5-01,Section 1,1,0.11151143163442612,809.0,0.11151143163442612,solid,sampled
A5-01,Section 1,1,0.12771320343017578,810.0,0.12771320343017578,solid,sampled
A5-01,Section 1,1,0.12871354818344116,811.0,0.12871354818344116,solid,sampled
A5-01,Section 1,1,0.12470674514770508,812.0,0.12470674514770508,solid,sampled
A5-01,Section 1,1,0.11420638114213943,813.0,0.11420638114213943,solid,sampled
A5-01,Section 1,1,0.07657226920127869,814.0,0.07657226920127869,solid,sampled
A5-01,Section 1,1,0.08502939343452454,815.0,0.08502939343452454,solid,sampled
A5-01,Section 1,1,0.060039520263671875,816.0,0.060039520263671875,solid,sampled
A5-01,Section 1,1,0.08579778671264648,817.0,0.08579778671264648,solid,sampled
A5-01,Section 1,1,0.1363440304994583,818.0,0.1363440304994583,solid,sampled
A5-01,Section 1,1,0.09529465436935425,819.0,0.09529465436935425,solid,sampled
A5-01,Section 1,1,0.10749933123588562,820.0,0.10749933123588562,solid,sampled
A5-01,Section 1,1,0.11420617252588272,821.0,0.11420617252588272,solid,sampled
A5-01,Section 1,1,0.09351036697626114,822.0,0.09351036697626114,solid,sampled
A5-01,Section 1,1,0.07548508048057556,823.0,0.07548508048057556,solid,sampled
A5-01,Section 1,1,0.10648810863494873,824.0,0.10648810863494873,solid,sampled
A5-01,Section 1,1,0.12910319864749908,825.0,0.12910319864749908,solid,sampled
A5-01,Section 1,1,0.08660686016082764,826.0,0.08660686016082764,solid,sampled
A5-01,Section 1,1,0.14152252674102783,827.0,0.14152252674102783,solid,sampled
A5-01,Section 1,1,0.1509101390838623,828.0,0.1509101390838623,solid,sampled
A5-01,Section 1,1,0.147613525390625,829.0,0.147613525390625,solid,sampled
A5-01,Section 1,1,0.13148002326488495,830.0,0.13148002326488495,solid,sampled
A5-01,Section 1,1,0.1335802674293518,831.0,0.1335802674293518,solid,sampled
A5-01,Section 1,1,0.18882529437541962,832.0,0.18882529437541962,solid,sampled
A5-01,Section 1,1,0.15887436270713806,833.0,0.15887436270713806,solid,sampled
A5-01,Section 1,1,0.14529606699943542,834.0,0.14529606699943542,solid,sampled
A5-01,Section 1,1,0.15046054124832153,835.0,0.15046054124832153,solid,sampled
A5-01,Section 1,1,0.16307640075683594,836.0,0.16307640075683594,solid,sampled
A5-01,Section 1,1,0.17031815648078918,837.0,0.17031815648078918,solid,sampled
A5-01,Section 1,1,0.1502557098865509,838.0,0.1502557098865509,solid,sampled
A5-01,Section 1,1,0.16426828503608704,839.0,0.16426828503608704,solid,sampled
A5-01,Section 1,1,0.17357498407363892,840.0,0.17357498407363892,solid,sampled
A5-01,Section 1,1,0.17486393451690674,841.0,0.17486393451690674,solid,sampled
A5-01,Section 1,1,0.16891857981681824,842.0,0.16891857981681824,solid,sampled
A5-01,Section 1,1,0.15890634059906006,843.0,0.15890634059906006,solid,sampled
A5-01,Section 1,1,0.15805327892303467,844.0,0.15805327892303467,solid,sampled
A5-01,Section 1,1,0.1708419919013977,845.0,0.1708419919013977,solid,sampled
A5-01,Section 1,1,0.14414943754673004,846.0,0.14414943754673004,solid,sampled
A5-01,Section 1,1,0.13746991753578186,847.0,0.13746991753578186,solid,sampled
A5-01,Section 1,1,0.158636212348938,848.0,0.158636212348938,solid,sampled
A5-01,Section 1,1,0.15881353616714478,849.0,0.15881353616714478,solid,sampled
A5-01,Section 1,1,0.13697338104248047,850.0,0.13697338104248047,solid,sampled
A5-01,Section 1,1,0.13547611236572266,851.0,0.13547611236572266,solid,sampled
A5-01,Section 1,1,0.12002593278884888,852.0,0.12002593278884888,solid,sampled
A5-01,Section 1,1,0.09425799548625946,853.0,0.09425799548625946,solid,sampled
A5-01,Section 1,1,0.09006534516811371,854.0,0.09006534516811371,solid,sampled
A5-01,Section 1,1,0.05823791027069092,855.0,0.05823791027069092,solid,sampled
A5-01,Section 1,1,0.09770482778549194,856.0,0.09770482778549194,solid,sampled
A5-01,Section 1,1,0.1199774518609047,857.0,0.1199774518609047,solid,sampled
A5-01,Section 1,1,0.08398610353469849,858.0,0.08398610353469849,solid,sampled
A5-01,Section 1,1,0.09441328048706055,859.0,0.09441328048706055,solid,sampled
A5-01,Section 1,1,0.08487588167190552,860.0,0.08487588167190552,solid,sampled
A5-01,Section 1,1,0.09390521049499512,861.0,0.09390521049499512,solid,sampled
A5-01,Section 1,1,0.08041539788246155,862.0,0.08041539788246155,solid,sampled
A5-01,Section 1,1,0.07452571392059326,863.0,0.07452571392059326,solid,sampled
A5-01,Section 1,1,0.06793263554573059,864.0,0.06793263554573059,solid,sampled
A5-01,Section 1,1,0.09000395238399506,865.0,0.09000395238399506,solid,sampled
A5-01,Section 1,1,0.06305070221424103,866.0,0.06305070221424103,solid,sampled
A5-01,Section 1,1,0.08499962091445923,867.0,0.08499962091445923,solid,sampled
A5-01,Section 1,1,0.04314374923706055,868.0,0.04314374923706055,solid,sampled
A5-01,Section 1,1,0.0019261538982391357,869.0,0.0019261538982391357,solid,sampled
A5-01,Section 1,1,0.016990408301353455,870.0,0.016990408301353455,solid,sampled
A5-01,Section 1,1,0.012487560510635376,871.0,0.012487560510635376,solid,sampled
A5-01,Section 1,1,-0.013175621628761292,872.0,-0.013175621628761292,solid,sampled
A5-01,Section 1,1,-0.00495978444814682,873.0,-0.00495978444814682,solid,sampled
A5-01,Section 1,1,0.006279349327087402,874.0,0.006279349327087402,solid,sampled
A5-01,Section 1,1,-0.0035085678100585938,875.0,-0.0035085678100585938,solid,sampled
A5-01,Section 1,1,0.004511669278144836,876.0,0.004511669278144836,solid,sampled
A5-01,Section 1,1,-0.00940665602684021,877.0,-0.00940665602684021,solid,sampled
A5-01,Section 1,1,-0.01829606294631958,878.0,-0.01829606294631958,solid,sampled
A5-01,Section 1,1,-0.0034788399934768677,879.0,-0.0034788399934768677,solid,sampled
A5-01,Section 1,1,-0.03875766694545746,880.0,-0.03875766694545746,solid,sampled
A5-01,Section 1,1,-0.0015959739685058594,881.0,-0.0015959739685058594,solid,sampled
A5-01,Section 1,1,-0.012881278991699219,882.0,-0.012881278991699219,solid,sampled
A5-01,Section 1,1,-0.011244773864746094,883.0,-0.011244773864746094,solid,sampled
A5-01,Section 1,1,-0.04267941415309906,884.0,-0.04267941415309906,solid,sampled
A5-01,Section 1,1,-0.02533900737762451,885.0,-0.02533900737762451,solid,sampled
A5-01,Section 1,1,-0.05823151767253876,886.0,-0.05823151767253876,solid,sampled
A5-01,Section 1,1,-0.07681596279144287,887.0,-0.07681596279144287,solid,sampled
A5-01,Section 1,1,-0.057702645659446716,888.0,-0.057702645659446716,solid,sampled
A5-01,Section 1,1,-0.08807849884033203,889.0,-0.08807849884033203,solid,sampled
A5-01,Section 1,1,-0.06734439730644226,890.0,-0.06734439730644226,solid,sampled
A5-01,Section 1,1,-0.08029317855834961,891.0,-0.08029317855834961,solid,sampled
A5-01,Section 1,1,-0.08746933937072754,892.0,-0.08746933937072754,solid,sampled
A5-01,Section 1,1,-0.08399005234241486,893.0,-0.08399005234241486,solid,sampled
A5-01,Section 1,1,-0.05040597915649414,894.0,-0.05040597915649414,solid,sampled
A5-01,Section 1,1,-0.08374633640050888,895.0,-0.08374633640050888,solid,sampled
A5-01,Section 1,1,-0.0889708399772644,896.0,-0.0889708399772644,solid,sampled
A5-01,Section 1,1,-0.10619185864925385,897.0,-0.10619185864925385,solid,sampled
A5-01,Section 1,1,-0.11733971536159515,898.0,-0.11733971536159515,solid,sampled
A5-01,Section 1,1,-0.15339942276477814,899.0,-0.15339942276477814,solid,sampled
A5-01,Section 1,1,-0.13445770740509033,900.0,-0.13445770740509033,solid,sampled
A5-01,Section 1,1,-0.14270901679992676,901.0,-0.14270901679992676,solid,sampled
A5-01,Section 1,1,-0.17883509397506714,902.0,-0.17883509397506714,solid,sampled
A5-01,Section 1,1,-0.19301378726959229,903.0,-0.19301378726959229,solid,sampled
A5-01,Section 1,1,-0.191491961479187,904.0,-0.191491961479187,solid,sampled
A5-01,Section 1,1,-0.1792200207710266,905.0,-0.1792200207710266,solid,sampled
A5-01,Section 1,1,-0.23235619068145752,906.0,-0.23235619068145752,solid,sampled
A5-01,Section 1,1,-0.23540526628494263,907.0,-0.23540526628494263,solid,sampled
A5-01,Section 1,1,-0.22243916988372803,908.0,-0.22243916988372803,solid,sampled
A5-01,Section 1,1,-0.19855624437332153,909.0,-0.19855624437332153,solid,sampled
A5-01,Section 1,1,-0.20661917328834534,910.0,-0.20661917328834534,solid,sampled
A5-01,Section 1,1,-0.23191088438034058,911.0,-0.23191088438034058,solid,sampled
A5-01,Section 1,1,-0.24355381727218628,912.0,-0.24355381727218628,solid,sampled
A5-01,Section 1,1,-0.26293182373046875,913.0,-0.26293182373046875,solid,sampled
A5-01,Section 1,1,-0.23977667093276978,914.0,-0.23977667093276978,solid,sampled
A5-01,Section 1,1,-0.23733049631118774,915.0,-0.23733049631118774,solid,sampled
A5-01,Section 1,1,-0.24017760157585144,916.0,-0.24017760157585144,solid,sampled
A5-01,Section 1,1,-0.24896584451198578,917.0,-0.24896584451198578,solid,sampled
A5-01,Section 1,1,-0.22451233863830566,918.0,-0.22451233863830566,solid,sampled
A5-01,Section 1,1,-0.2274639904499054,919.0,-0.2274639904499054,solid,sampled
A5-01,Section 1,1,-0.2560453414916992,920.0,-0.2560453414916992,solid,sampled
A5-01,Section 1,1,-0.2534022331237793,921.0,-0.2534022331237793,solid,sampled
A5-01,Section 1,1,-0.2659597396850586,922.0,-0.2659597396850586,solid,sampled
A5-01,Section 1,1,-0.27868208289146423,923.0,-0.27868208289146423,solid,sampled
A5-01,Section 1,1,-0.2510702908039093,924.0,-0.2510702908039093,solid,sampled
A5-01,Section 1,1,-0.2610206604003906,925.0,-0.2610206604003906,solid,sampled
A5-01,Section 1,1,-0.2747354507446289,926.0,-0.2747354507446289,solid,sampled
A5-01,Section 1,1,-0.2916824221611023,927.0,-0.2916824221611023,solid,sampled
A5-01,Section 1,1,-0.3155103921890259,928.0,-0.3155103921890259,solid,sampled
A5-01,Section 1,1,-0.3143733739852905,929.0,-0.3143733739852905,solid,sampled
A5-01,Section 1,1,-0.3602520227432251,930.0,-0.3602520227432251,solid,sampled
A5-01,Section 1,1,-0.3773112893104553,931.0,-0.3773112893104553,solid,sampled
A5-01,Section 1,1,-0.37513238191604614,932.0,-0.37513238191604614,solid,sampled
A5-01,Section 1,1,-0.41392701864242554,933.0,-0.41392701864242554,solid,sampled
A5-01,Section 1,1,-0.39889395236968994,934.0,-0.39889395236968994,solid,sampled
A5-01,Section 1,1,-0.3970794677734375,935.0,-0.3970794677734375,solid,sampled
A5-01,Section 1,1,-0.4206463098526001,936.0,-0.4206463098526001,solid,sampled
A5-01,Section 1,1,-0.45525187253952026,937.0,-0.45525187253952026,solid,sampled
A5-01,Section 1,1,-0.4584464132785797,938.0,-0.4584464132785797,solid,sampled
A5-01,Section 1,1,-0.45655882358551025,939.0,-0.45655882358551025,solid,sampled
A5-01,Section 1,1,-0.486011266708374,940.0,-0.486011266708374,solid,sampled
A5-01,Section 1,1,-0.5069463849067688,941.0,-0.5069463849067688,solid,sampled
A5-01,Section 1,1,-0.48616254329681396,942.0,-0.48616254329681396,solid,sampled
A5-01,Section 1,1,-0.5382998585700989,943.0,-0.5382998585700989,solid,sampled
A5-01,Section 1,1,-0.5307927131652832,944.0,-0.5307927131652832,solid,sampled
A5-01,Section 1,1,-0.5416723489761353,945.0,-0.5416723489761353,solid,sampled
A5-01,Section 1,1,-0.5519194602966309,946.0,-0.5519194602966309,solid,sampled
A5-01,Section 1,1,-0.5666031837463379,947.0,-0.5666031837463379,solid,sampled
A5-01,Section 1,1,-0.5626357197761536,948.0,-0.5626357197761536,solid,sampled
A5-01,Section 1,1,-0.5821333527565002,949.0,-0.5821333527565002,solid,sampled
A5-01,Section 1,1,-0.5752471685409546,950.0,-0.5752471685409546,solid,sampled
A5-01,Section 1,1,-0.583943247795105,951.0,-0.583943247795105,solid,sampled
A5-01,Section 1,1,-0.6022089719772339,952.0,-0.6022089719772339,solid,sampled
A5-01,Section 1,1,-0.5766384601593018,953.0,-0.5766384601593018,solid,sampled
A5-01,Section 1,1,-0.5859088897705078,954.0,-0.5859088897705078,solid,sampled
A5-01,Section 1,1,-0.6323050260543823,955.0,-0.6323050260543823,solid,sampled
A5-01,Section 1,1,-0.6347274780273438,956.0,-0.6347274780273438,solid,sampled
A5-01,Section 1,1,-0.6252176761627197,957.0,-0.6252176761627197,solid,sampled
A5-01,Section 1,1,-0.6432665586471558,958.0,-0.6432665586471558,solid,sampled
A5-01,Section 1,1,-0.6634858846664429,959.0,-0.6634858846664429,solid,sampled
A5-01,Section 1,1,-0.6494312286376953,960.0,-0.6494312286376953,solid,sampled
A5-01,Section 1,1,-0.6278095245361328,961.0,-0.6278095245361328,solid,sampled
A5-01,Section 1,1,-0.6282287836074829,962.0,-0.6282287836074829,solid,sampled
A5-01,Section 1,1,-0.6462793350219727,963.0,-0.6462793350219727,solid,sampled
A5-01,Section 1,1,0.0,964.0,,dotted,null_fill
A5-01,Section 1,1,0.0,965.0,,dotted,null_fill
A5-01,Section 1,1,0.0,966.0,,dotted,null_fill
A5-01,Section 1,1,0.0,967.0,,dotted,null_fill
A5-01,Section 1,1,0.0,968.0,,dotted,null_fill
A5-01,Section 1,1,0.0,969.0,,dotted,null_fill
A5-01,Section 1,1,0.0,970.0,,dotted,null_fill
A5-01,Section 1,1,0.0,971.0,,dotted,null_fill
A5-01,Section 1,1,0.0,972.0,,dotted,null_fill
A5-01,Section 1,1,0.0,973.0,,dotted,null_fill
A5-01,Section 1,1,0.0,974.0,,dotted,null_fill
A5-01,Section 1,1,0.0,975.0,,dotted,null_fill
A5-01,Section 1,1,0.0,976.0,,dotted,null_fill
A5-01,Section 1,1,0.0,977.0,,dotted,null_fill
A5-01,Section 1,1,0.0,978.0,,dotted,null_fill
A5-01,Section 1,1,0.0,979.0,,dotted,null_fill
A5-01,Section 1,1,0.0,980.0,,dotted,null_fill
A5-01,Section 1,1,0.0,981.0,,dotted,null_fill
A5-01,Section 1,1,0.0,982.0,,dotted,null_fill
A5-01,Section 1,1,0.0,983.0,,dotted,null_fill
A5-01,Section 1,1,0.0,984.0,,dotted,null_fill
A5-01,Section 1,1,0.0,985.0,,dotted,null_fill
A5-01,Section 1,1,0.0,986.0,,dotted,null_fill
A5-01,Section 1,1,0.0,987.0,,dotted,null_fill
A5-01,Section 1,1,0.0,988.0,,dotted,null_fill
A5-02,Section 2,2,0.0,0.0,,dotted,null_fill
A5-02,Section 2,2,0.0,1.0,,dotted,null_fill
A5-02,Section 2,2,0.0,2.0,,dotted,null_fill
A5-02,Section 2,2,0.0,3.0,,dotted,null_fill
A5-02,Section 2,2,0.0,4.0,,dotted,null_fill
A5-02,Section 2,2,0.0,5.0,,dotted,null_fill
A5-02,Section 2,2,0.0,6.0,,dotted,null_fill
A5-02,Section 2,2,0.0,7.0,,dotted,null_fill
A5-02,Section 2,2,0.0,8.0,,dotted,null_fill
A5-02,Section 2,2,9.159542083740234,9.0,9.159542083740234,solid,sampled
A5-02,Section 2,2,9.258668899536133,10.0,9.258668899536133,solid,sampled
A5-02,Section 2,2,9.238375663757324,11.0,9.238375663757324,solid,sampled
A5-02,Section 2,2,9.239518165588379,12.0,9.239518165588379,solid,sampled
A5-02,Section 2,2,9.256938934326172,13.0,9.256938934326172,solid,sampled
A5-02,Section 2,2,9.283323287963867,14.0,9.283323287963867,solid,sampled
A5-02,Section 2,2,9.307259559631348,15.0,9.307259559631348,solid,sampled
A5-02,Section 2,2,9.313814163208008,16.0,9.313814163208008,solid,sampled
A5-02,Section 2,2,9.353742599487305,17.0,9.353742599487305,solid,sampled
A5-02,Section 2,2,9.370561599731445,18.0,9.370561599731445,solid,sampled
A5-02,Section 2,2,9.366129875183105,19.0,9.366129875183105,solid,sampled
A5-02,Section 2,2,9.357622146606445,20.0,9.357622146606445,solid,sampled
A5-02,Section 2,2,9.373807907104492,21.0,9.373807907104492,solid,sampled
A5-02,Section 2,2,9.359057426452637,22.0,9.359057426452637,solid,sampled
A5-02,Section 2,2,9.331659317016602,23.0,9.331659317016602,solid,sampled
A5-02,Section 2,2,9.32484245300293,24.0,9.32484245300293,solid,sampled
A5-02,Section 2,2,9.32447624206543,25.0,9.32447624206543,solid,sampled
A5-02,Section 2,2,9.482893943786621,26.0,9.482893943786621,solid,sampled
A5-02,Section 2,2,9.530333518981934,27.0,9.530333518981934,solid,sampled
A5-02,Section 2,2,9.371869087219238,28.0,9.371869087219238,solid,sampled
A5-02,Section 2,2,9.280491828918457,29.0,9.280491828918457,solid,sampled
A5-02,Section 2,2,9.26081657409668,30.0,9.26081657409668,solid,sampled
A5-02,Section 2,2,9.121942520141602,31.0,9.121942520141602,solid,sampled
A5-02,Section 2,2,9.097513198852539,32.0,9.097513198852539,solid,sampled
A5-02,Section 2,2,9.07978343963623,33.0,9.07978343963623,solid,sampled
A5-02,Section 2,2,8.976649284362793,34.0,8.976649284362793,solid,sampled
A5-02,Section 2,2,9.268884658813477,35.0,9.268884658813477,solid,sampled
A5-02,Section 2,2,8.307648658752441,36.0,8.307648658752441,solid,sampled
A5-02,Section 2,2,8.421375274658203,37.0,8.421375274658203,solid,sampled
A5-02,Section 2,2,8.149106979370117,38.0,8.149106979370117,solid,sampled
A5-02,Section 2,2,8.002741813659668,39.0,8.002741813659668,solid,sampled
A5-02,Section 2,2,7.921476364135742,40.0,7.921476364135742,solid,sampled
A5-02,Section 2,2,8.083098411560059,41.0,8.083098411560059,solid,sampled
A5-02,Section 2,2,7.725120544433594,42.0,7.725120544433594,solid,sampled
A5-02,Section 2,2,6.62662935256958,43.0,6.62662935256958,solid,sampled
A5-02,Section 2,2,4.148965835571289,44.0,4.148965835571289,solid,sampled
A5-02,Section 2,2,3.9183568954467773,45.0,3.9183568954467773,solid,sampled
A5-02,Section 2,2,3.6405410766601562,46.0,3.6405410766601562,solid,sampled
A5-02,Section 2,2,3.4852614402770996,47.0,3.4852614402770996,solid,sampled
A5-02,Section 2,2,3.3695340156555176,48.0,3.3695340156555176,solid,sampled
A5-02,Section 2,2,3.1981704235076904,49.0,3.1981704235076904,solid,sampled
A5-02,Section 2,2,3.1406359672546387,50.0,3.1406359672546387,solid,sampled
A5-02,Section 2,2,2.9987282752990723,51.0,2.9987282752990723,solid,sampled
A5-02,Section 2,2,2.8744254112243652,52.0,2.8744254112243652,solid,sampled
A5-02,Section 2,2,2.7757277488708496,53.0,2.7757277488708496,solid,sampled
A5-02,Section 2,2,2.706509828567505,54.0,2.706509828567505,solid,sampled
A5-02,Section 2,2,2.6341147422790527,55.0,2.6341147422790527,solid,sampled
A5-02,Section 2,2,2.5069758892059326,56.0,2.5069758892059326,solid,sampled
A5-02,Section 2,2,2.4445853233337402,57.0,2.4445853233337402,solid,sampled
A5-02,Section 2,2,2.372119903564453,58.0,2.372119903564453,solid,sampled
A5-02,Section 2,2,2.280052423477173,59.0,2.280052423477173,solid,sampled
A5-02,Section 2,2,2.2117538452148438,60.0,2.2117538452148438,solid,sampled
A5-02,Section 2,2,2.144838333129883,61.0,2.144838333129883,solid,sampled
A5-02,Section 2,2,2.067246913909912,62.0,2.067246913909912,solid,sampled
A5-02,Section 2,2,1.9916980266571045,63.0,1.9916980266571045,solid,sampled
A5-02,Section 2,2,1.9110292196273804,64.0,1.9110292196273804,solid,sampled
A5-02,Section 2,2,1.822651743888855,65.0,1.822651743888855,solid,sampled
A5-02,Section 2,2,1.7512905597686768,66.0,1.7512905597686768,solid,sampled
A5-02,Section 2,2,1.6877341270446777,67.0,1.6877341270446777,solid,sampled
A5-02,Section 2,2,1.6017632484436035,68.0,1.6017632484436035,solid,sampled
A5-02,Section 2,2,1.5746124982833862,69.0,1.5746124982833862,solid,sampled
A5-02,Section 2,2,1.5506960153579712,70.0,1.5506960153579712,solid,sampled
A5-02,Section 2,2,1.552643895149231,71.0,1.552643895149231,solid,sampled
A5-02,Section 2,2,1.5806410312652588,72.0,1.5806410312652588,solid,sampled
A5-02,Section 2,2,1.5377273559570312,73.0,1.5377273559570312,solid,sampled
A5-02,Section 2,2,1.5030750036239624,74.0,1.5030750036239624,solid,sampled
A5-02,Section 2,2,1.3708529472351074,75.0,1.3708529472351074,solid,sampled
A5-02,Section 2,2,1.33256995677948,76.0,1.33256995677948,solid,sampled
A5-02,Section 2,2,1.316279411315918,77.0,1.316279411315918,solid,sampled
A5-02,Section 2,2,1.277375340461731,78.0,1.277375340461731,solid,sampled
A5-02,Section 2,2,1.2021503448486328,79.0,1.2021503448486328,solid,sampled
A5-02,Section 2,2,1.2277183532714844,80.0,1.2277183532714844,solid,sampled
A5-02,Section 2,2,1.1502418518066406,81.0,1.1502418518066406,solid,sampled
A5-02,Section 2,2,1.2237894535064697,82.0,1.2237894535064697,solid,sampled
A5-02,Section 2,2,1.2322314977645874,83.0,1.2322314977645874,solid,sampled
A5-02,Section 2,2,1.239316463470459,84.0,1.239316463470459,solid,sampled
A5-02,Section 2,2,1.268517255783081,85.0,1.268517255783081,solid,sampled
A5-02,Section 2,2,1.310105562210083,86.0,1.310105562210083,solid,sampled
A5-02,Section 2,2,1.2956063747406006,87.0,1.2956063747406006,solid,sampled
A5-02,Section 2,2,1.249732255935669,88.0,1.249732255935669,solid,sampled
A5-02,Section 2,2,1.2415127754211426,89.0,1.2415127754211426,solid,sampled
A5-02,Section 2,2,1.2329928874969482,90.0,1.2329928874969482,solid,sampled
A5-02,Section 2,2,1.1855171918869019,91.0,1.1855171918869019,solid,sampled
A5-02,Section 2,2,1.166217565536499,92.0,1.166217565536499,solid,sampled
A5-02,Section 2,2,1.2073380947113037,93.0,1.2073380947113037,solid,sampled
A5-02,Section 2,2,1.1595512628555298,94.0,1.1595512628555298,solid,sampled
A5-02,Section 2,2,1.16096830368042,95.0,1.16096830368042,solid,sampled
A5-02,Section 2,2,1.1155319213867188,96.0,1.1155319213867188,solid,sampled
A5-02,Section 2,2,1.0984654426574707,97.0,1.0984654426574707,solid,sampled
A5-02,Section 2,2,1.0967521667480469,98.0,1.0967521667480469,solid,sampled
A5-02,Section 2,2,1.1531767845153809,99.0,1.1531767845153809,solid,sampled
A5-02,Section 2,2,1.0873651504516602,100.0,1.0873651504516602,solid,sampled
A5-02,Section 2,2,1.0430339574813843,101.0,1.0430339574813843,solid,sampled
A5-02,Section 2,2,1.0220725536346436,102.0,1.0220725536346436,solid,sampled
A5-02,Section 2,2,0.9917683005332947,103.0,0.9917683005332947,solid,sampled
A5-02,Section 2,2,0.9857098460197449,104.0,0.9857098460197449,solid,sampled
A5-02,Section 2,2,0.9766932725906372,105.0,0.9766932725906372,solid,sampled
A5-02,Section 2,2,0.977238655090332,106.0,0.977238655090332,solid,sampled
A5-02,Section 2,2,1.0301345586776733,107.0,1.0301345586776733,solid,sampled
A5-02,Section 2,2,1.0120893716812134,108.0,1.0120893716812134,solid,sampled
A5-02,Section 2,2,1.1890157461166382,109.0,1.1890157461166382,solid,sampled
A5-02,Section 2,2,1.0336904525756836,110.0,1.0336904525756836,solid,sampled
A5-02,Section 2,2,0.9743925333023071,111.0,0.9743925333023071,solid,sampled
A5-02,Section 2,2,0.9898750185966492,112.0,0.9898750185966492,solid,sampled
A5-02,Section 2,2,0.9420897960662842,113.0,0.9420897960662842,solid,sampled
A5-02,Section 2,2,0.9535671472549438,114.0,0.9535671472549438,solid,sampled
A5-02,Section 2,2,1.0448623895645142,115.0,1.0448623895645142,solid,sampled
A5-02,Section 2,2,0.9902048110961914,116.0,0.9902048110961914,solid,sampled
A5-02,Section 2,2,1.0245132446289062,117.0,1.0245132446289062,solid,sampled
A5-02,Section 2,2,1.0825501680374146,118.0,1.0825501680374146,solid,sampled
A5-02,Section 2,2,0.9442511796951294,119.0,0.9442511796951294,solid,sampled
A5-02,Section 2,2,0.9671791195869446,120.0,0.9671791195869446,solid,sampled
A5-02,Section 2,2,0.9394768476486206,121.0,0.9394768476486206,solid,sampled
A5-02,Section 2,2,0.8486098647117615,122.0,0.8486098647117615,solid,sampled
A5-02,Section 2,2,0.8396294116973877,123.0,0.8396294116973877,solid,sampled
A5-02,Section 2,2,0.7604492902755737,124.0,0.7604492902755737,solid,sampled
A5-02,Section 2,2,0.7785980701446533,125.0,0.7785980701446533,solid,sampled
A5-02,Section 2,2,0.7954079508781433,126.0,0.7954079508781433,solid,sampled
A5-02,Section 2,2,0.7991122007369995,127.0,0.7991122007369995,solid,sampled
A5-02,Section 2,2,0.8203414678573608,128.0,0.8203414678573608,solid,sampled
A5-02,Section 2,2,0.7696196436882019,129.0,0.7696196436882019,solid,sampled
A5-02,Section 2,2,0.7291586995124817,130.0,0.7291586995124817,solid,sampled
A5-02,Section 2,2,0.8030505776405334,131.0,0.8030505776405334,solid,sampled
A5-02,Section 2,2,0.6761422753334045,132.0,0.6761422753334045,solid,sampled
A5-02,Section 2,2,0.6505982875823975,133.0,0.6505982875823975,solid,sampled
A5-02,Section 2,2,0.6169655919075012,134.0,0.6169655919075012,solid,sampled
A5-02,Section 2,2,0.5963039398193359,135.0,0.5963039398193359,solid,sampled
A5-02,Section 2,2,0.6039073467254639,136.0,0.6039073467254639,solid,sampled
A5-02,Section 2,2,0.5490350723266602,137.0,0.5490350723266602,solid,sampled
A5-02,Section 2,2,0.5275014042854309,138.0,0.5275014042854309,solid,sampled
A5-02,Section 2,2,0.43795037269592285,139.0,0.43795037269592285,solid,sampled
A5-02,Section 2,2,0.3995897173881531,140.0,0.3995897173881531,solid,sampled
A5-02,Section 2,2,0.3799581825733185,141.0,0.3799581825733185,solid,sampled
A5-02,Section 2,2,0.32324540615081787,142.0,0.32324540615081787,solid,sampled
A5-02,Section 2,2,0.281781941652298,143.0,0.281781941652298,solid,sampled
A5-02,Section 2,2,0.23714113235473633,144.0,0.23714113235473633,solid,sampled
A5-02,Section 2,2,0.20260149240493774,145.0,0.20260149240493774,solid,sampled
A5-02,Section 2,2,0.1553678810596466,146.0,0.1553678810596466,solid,sampled
A5-02,Section 2,2,0.12727060914039612,147.0,0.12727060914039612,solid,sampled
A5-02,Section 2,2,0.10629099607467651,148.0,0.10629099607467651,solid,sampled
A5-02,Section 2,2,0.048653095960617065,149.0,0.048653095960617065,solid,sampled
A5-02,Section 2,2,0.019306696951389313,150.0,0.019306696951389313,solid,sampled
A5-02,Section 2,2,-0.061694130301475525,151.0,-0.061694130301475525,solid,sampled
A5-02,Section 2,2,-0.09481914341449738,152.0,-0.09481914341449738,solid,sampled
A5-02,Section 2,2,-0.17261409759521484,153.0,-0.17261409759521484,solid,sampled
A5-02,Section 2,2,-0.15661334991455078,154.0,-0.15661334991455078,solid,sampled
A5-02,Section 2,2,-0.22899316251277924,155.0,-0.22899316251277924,solid,sampled
A5-02,Section 2,2,-0.29509955644607544,156.0,-0.29509955644607544,solid,sampled
A5-02,Section 2,2,-0.35964763164520264,157.0,-0.35964763164520264,solid,sampled
A5-02,Section 2,2,-0.4012686014175415,158.0,-0.4012686014175415,solid,sampled
A5-02,Section 2,2,-0.4523490071296692,159.0,-0.4523490071296692,solid,sampled
A5-02,Section 2,2,-0.48001790046691895,160.0,-0.48001790046691895,solid,sampled
A5-02,Section 2,2,-0.523654580116272,161.0,-0.523654580116272,solid,sampled
A5-02,Section 2,2,-0.5587670803070068,162.0,-0.5587670803070068,solid,sampled
A5-02,Section 2,2,-0.5920290946960449,163.0,-0.5920290946960449,solid,sampled
A5-02,Section 2,2,-0.639323353767395,164.0,-0.639323353767395,solid,sampled
A5-02,Section 2,2,-0.6837241649627686,165.0,-0.6837241649627686,solid,sampled
A5-02,Section 2,2,-0.734241247177124,166.0,-0.734241247177124,solid,sampled
A5-02,Section 2,2,-0.7662414312362671,167.0,-0.7662414312362671,solid,sampled
A5-02,Section 2,2,-0.8158056735992432,168.0,-0.8158056735992432,solid,sampled
A5-02,Section 2,2,-0.8646349906921387,169.0,-0.8646349906921387,solid,sampled
A5-02,Section 2,2,-0.9174800515174866,170.0,-0.9174800515174866,solid,sampled
A5-02,Section 2,2,-0.974280834197998,171.0,-0.974280834197998,solid,sampled
A5-02,Section 2,2,-1.035081386566162,172.0,-1.035081386566162,solid,sampled
A5-02,Section 2,2,-1.1048533916473389,173.0,-1.1048533916473389,solid,sampled
A5-02,Section 2,2,-1.1610792875289917,174.0,-1.1610792875289917,solid,sampled
A5-02,Section 2,2,-1.2186191082000732,175.0,-1.2186191082000732,solid,sampled
A5-02,Section 2,2,-1.269911289215088,176.0,-1.269911289215088,solid,sampled
A5-02,Section 2,2,-1.3343607187271118,177.0,-1.3343607187271118,solid,sampled
A5-02,Section 2,2,-1.4159057140350342,178.0,-1.4159057140350342,solid,sampled
A5-02,Section 2,2,-1.4767016172409058,179.0,-1.4767016172409058,solid,sampled
A5-02,Section 2,2,-1.5451023578643799,180.0,-1.5451023578643799,solid,sampled
A5-02,Section 2,2,-1.6020283699035645,181.0,-1.6020283699035645,solid,sampled
A5-02,Section 2,2,-1.6594171524047852,182.0,-1.6594171524047852,solid,sampled
A5-02,Section 2,2,-1.720234751701355,183.0,-1.720234751701355,solid,sampled
A5-02,Section 2,2,-1.7620210647583008,184.0,-1.7620210647583008,solid,sampled
A5-02,Section 2,2,-1.8293925523757935,185.0,-1.8293925523757935,solid,sampled
A5-02,Section 2,2,-1.8427191972732544,186.0,-1.8427191972732544,solid,sampled
A5-02,Section 2,2,-1.9009217023849487,187.0,-1.9009217023849487,solid,sampled
A5-02,Section 2,2,-1.9481735229492188,188.0,-1.9481735229492188,solid,sampled
A5-02,Section 2,2,-1.9178906679153442,189.0,-1.9178906679153442,solid,sampled
A5-02,Section 2,2,-1.9261884689331055,190.0,-1.9261884689331055,solid,sampled
A5-02,Section 2,2,-2.005908966064453,191.0,-2.005908966064453,solid,sampled
A5-02,Section 2,2,-2.087388038635254,192.0,-2.087388038635254,solid,sampled
A5-02,Section 2,2,-2.069443464279175,193.0,-2.069443464279175,solid,sampled
A5-02,Section 2,2,-1.9743940830230713,194.0,-1.9743940830230713,solid,sampled
A5-02,Section 2,2,-1.7792065143585205,195.0,-1.7792065143585205,solid,sampled
A5-02,Section 2,2,-1.5613296031951904,196.0,-1.5613296031951904,solid,sampled
A5-02,Section 2,2,-1.6861580610275269,197.0,-1.6861580610275269,solid,sampled
A5-02,Section 2,2,-1.7756297588348389,198.0,-1.7756297588348389,solid,sampled
A5-02,Section 2,2,-1.7812323570251465,199.0,-1.7812323570251465,solid,sampled
A5-02,Section 2,2,-1.7952195405960083,200.0,-1.7952195405960083,solid,sampled
A5-02,Section 2,2,-1.822561264038086,201.0,-1.822561264038086,solid,sampled
A5-02,Section 2,2,-1.8903286457061768,202.0,-1.8903286457061768,solid,sampled
A5-02,Section 2,2,-1.7928237915039062,203.0,-1.7928237915039062,solid,sampled
A5-02,Section 2,2,-1.908011794090271,204.0,-1.908011794090271,solid,sampled
A5-02,Section 2,2,-1.927600383758545,205.0,-1.927600383758545,solid,sampled
A5-02,Section 2,2,-1.8933708667755127,206.0,-1.8933708667755127,solid,sampled
A5-02,Section 2,2,-2.0018110275268555,207.0,-2.0018110275268555,solid,sampled
A5-02,Section 2,2,-1.7969056367874146,208.0,-1.7969056367874146,solid,sampled
A5-02,Section 2,2,-1.724042534828186,209.0,-1.724042534828186,solid,sampled
A5-02,Section 2,2,-1.723599910736084,210.0,-1.723599910736084,solid,sampled
A5-02,Section 2,2,-1.72398042678833,211.0,-1.72398042678833,solid,sampled
A5-02,Section 2,2,-2.0142509937286377,212.0,-2.0142509937286377,solid,sampled
A5-02,Section 2,2,-2.0841102600097656,213.0,-2.0841102600097656,solid,sampled
A5-02,Section 2,2,-1.96219003200531,214.0,-1.96219003200531,solid,sampled
A5-02,Section 2,2,-1.9440727233886719,215.0,-1.9440727233886719,solid,sampled
A5-02,Section 2,2,-1.876475214958191,216.0,-1.876475214958191,solid,sampled
A5-02,Section 2,2,-1.863471508026123,217.0,-1.863471508026123,solid,sampled
A5-02,Section 2,2,-1.8628391027450562,218.0,-1.8628391027450562,solid,sampled
A5-02,Section 2,2,-1.8160028457641602,219.0,-1.8160028457641602,solid,sampled
A5-02,Section 2,2,-1.797644853591919,220.0,-1.797644853591919,solid,sampled
A5-02,Section 2,2,-1.8647480010986328,221.0,-1.8647480010986328,solid,sampled
A5-02,Section 2,2,-1.8042199611663818,222.0,-1.8042199611663818,solid,sampled
A5-02,Section 2,2,-1.811862826347351,223.0,-1.811862826347351,solid,sampled
A5-02,Section 2,2,-1.8046571016311646,224.0,-1.8046571016311646,solid,sampled
A5-02,Section 2,2,-1.943036437034607,225.0,-1.943036437034607,solid,sampled
A5-02,Section 2,2,-2.0670857429504395,226.0,-2.0670857429504395,solid,sampled
A5-02,Section 2,2,-2.079514265060425,227.0,-2.079514265060425,solid,sampled
A5-02,Section 2,2,-2.0803513526916504,228.0,-2.0803513526916504,solid,sampled
A5-02,Section 2,2,-1.8440876007080078,229.0,-1.8440876007080078,solid,sampled
A5-02,Section 2,2,-1.8455241918563843,230.0,-1.8455241918563843,solid,sampled
A5-02,Section 2,2,-1.8370957374572754,231.0,-1.8370957374572754,solid,sampled
A5-02,Section 2,2,-1.8420428037643433,232.0,-1.8420428037643433,solid,sampled
A5-02,Section 2,2,-1.7827491760253906,233.0,-1.7827491760253906,solid,sampled
A5-02,Section 2,2,-1.9292038679122925,234.0,-1.9292038679122925,solid,sampled
A5-02,Section 2,2,-1.9845421314239502,235.0,-1.9845421314239502,solid,sampled
A5-02,Section 2,2,-1.9240946769714355,236.0,-1.9240946769714355,solid,sampled
A5-02,Section 2,2,-3.0,237.0,-3.431880235671997,solid,water_floor
A5-02,Section 2,2,-3.0,238.0,-3.167282819747925,solid,water_floor
A5-02,Section 2,2,-3.0,239.0,-8.544929504394531,solid,water_floor
A5-02,Section 2,2,-3.0,240.0,-6.8969573974609375,solid,water_floor
A5-02,Section 2,2,-3.0,241.0,-8.957487106323242,solid,water_floor
A5-02,Section 2,2,-3.0,242.0,-10.3361177444458,solid,water_floor
A5-02,Section 2,2,-3.0,243.0,-7.884127140045166,solid,water_floor
A5-02,Section 2,2,-3.0,244.0,-8.806041717529297,solid,water_floor
A5-02,Section 2,2,-3.0,245.0,-8.197542190551758,solid,water_floor
A5-02,Section 2,2,-3.0,246.0,-8.101358413696289,solid,water_floor
A5-02,Section 2,2,-3.0,247.0,-8.86221981048584,solid,water_floor
A5-02,Section 2,2,-3.0,248.0,-8.270978927612305,solid,water_floor
A5-02,Section 2,2,-3.0,249.0,-8.169304847717285,solid,water_floor
A5-02,Section 2,2,-2.662182092666626,250.0,-2.662182092666626,solid,sampled
A5-02,Section 2,2,-1.6600080728530884,251.0,-1.6600080728530884,solid,sampled
A5-02,Section 2,2,-1.7085742950439453,252.0,-1.7085742950439453,solid,sampled
A5-02,Section 2,2,-2.1034648418426514,253.0,-2.1034648418426514,solid,sampled
A5-02,Section 2,2,-3.0,254.0,-3.1904478073120117,solid,water_floor
A5-02,Section 2,2,-3.0,255.0,-6.604304313659668,solid,water_floor
A5-02,Section 2,2,-3.0,256.0,-21.46847152709961,solid,water_floor
A5-02,Section 2,2,-3.0,257.0,-21.658390045166016,solid,water_floor
A5-02,Section 2,2,-3.0,258.0,-21.95769500732422,solid,water_floor
A5-02,Section 2,2,-3.0,259.0,-22.94247055053711,solid,water_floor
A5-02,Section 2,2,-3.0,260.0,-19.623998641967773,solid,water_floor
A5-02,Section 2,2,-3.0,261.0,-13.942376136779785,solid,water_floor
A5-02,Section 2,2,-3.0,262.0,-10.649457931518555,solid,water_floor
A5-02,Section 2,2,-3.0,263.0,-18.534168243408203,solid,water_floor
A5-02,Section 2,2,-3.0,264.0,-30.46343994140625,solid,water_floor
A5-02,Section 2,2,-3.0,265.0,-24.437435150146484,solid,water_floor
A5-02,Section 2,2,-3.0,266.0,-31.13833236694336,solid,water_floor
A5-02,Section 2,2,-3.0,267.0,-24.893516540527344,solid,water_floor
A5-02,Section 2,2,-3.0,268.0,-35.78581619262695,solid,water_floor
A5-02,Section 2,2,-3.0,269.0,-29.548656463623047,solid,water_floor
A5-02,Section 2,2,-3.0,270.0,-36.5614013671875,solid,water_floor
A5-02,Section 2,2,-3.0,271.0,-38.84934997558594,solid,water_floor
A5-02,Section 2,2,-3.0,272.0,-35.037208557128906,solid,water_floor
A5-02,Section 2,2,-3.0,273.0,-49.32734298706055,solid,water_floor
A5-02,Section 2,2,-3.0,274.0,-62.248626708984375,solid,water_floor
A5-02,Section 2,2,-3.0,275.0,-51.72739791870117,solid,water_floor
A5-02,Section 2,2,-3.0,276.0,-57.30093002319336,solid,water_floor
A5-02,Section 2,2,-3.0,277.0,-53.29850769042969,solid,water_floor
A5-02,Section 2,2,-3.0,278.0,-42.96395492553711,solid,water_floor
A5-02,Section 2,2,-3.0,279.0,-47.19627380371094,solid,water_floor
A5-02,Section 2,2,-3.0,280.0,-45.534202575683594,solid,water_floor
A5-02,Section 2,2,-3.0,281.0,-29.5092830657959,solid,water_floor
A5-02,Section 2,2,-3.0,282.0,-44.859989166259766,solid,water_floor
A5-02,Section 2,2,-3.0,283.0,-42.83040237426758,solid,water_floor
A5-02,Section 2,2,-3.0,284.0,-34.16371154785156,solid,water_floor
A5-02,Section 2,2,-3.0,285.0,-56.90789031982422,solid,water_floor
A5-02,Section 2,2,-3.0,286.0,-44.61541748046875,solid,water_floor
A5-02,Section 2,2,-3.0,287.0,-40.584503173828125,solid,water_floor
A5-02,Section 2,2,-3.0,288.0,-48.00679016113281,solid,water_floor
A5-02,Section 2,2,-3.0,289.0,-49.65522003173828,solid,water_floor
A5-02,Section 2,2,-3.0,290.0,-55.71306228637695,solid,water_floor
A5-02,Section 2,2,-3.0,291.0,-54.5158576965332,solid,water_floor
A5-02,Section 2,2,-3.0,292.0,-54.00484848022461,solid,water_floor
A5-02,Section 2,2,-3.0,293.0,-54.65609359741211,solid,water_floor
A5-02,Section 2,2,-3.0,294.0,-54.37211990356445,solid,water_floor
A5-02,Section 2,2,-3.0,295.0,-54.27980041503906,solid,water_floor
A5-02,Section 2,2,-3.0,296.0,-56.96315002441406,solid,water_floor
A5-02,Section 2,2,-3.0,297.0,-53.785743713378906,solid,water_floor
A5-02,Section 2,2,-3.0,298.0,-58.29426956176758,solid,water_floor
A5-02,Section 2,2,-3.0,299.0,-51.95079803466797,solid,water_floor
A5-02,Section 2,2,-3.0,300.0,-49.510536193847656,solid,water_floor
A5-02,Section 2,2,-3.0,301.0,-60.55278396606445,solid,water_floor
A5-02,Section 2,2,-3.0,302.0,-58.02009201049805,solid,water_floor
A5-02,Section 2,2,-3.0,303.0,-55.44511413574219,solid,water_floor
A5-02,Section 2,2,-3.0,304.0,-54.6447868347168,solid,water_floor
A5-02,Section 2,2,-3.0,305.0,-58.319122314453125,solid,water_floor
A5-02,Section 2,2,-3.0,306.0,-58.53281021118164,solid,water_floor
A5-02,Section 2,2,-3.0,307.0,-58.29218292236328,solid,water_floor
A5-02,Section 2,2,-3.0,308.0,-59.501258850097656,solid,water_floor
A5-02,Section 2,2,-3.0,309.0,-66.2699966430664,solid,water_floor
A5-02,Section 2,2,-3.0,310.0,-64.55497741699219,solid,water_floor
A5-02,Section 2,2,-3.0,311.0,-61.61894989013672,solid,water_floor
A5-02,Section 2,2,-3.0,312.0,-62.492820739746094,solid,water_floor
A5-02,Section 2,2,-3.0,313.0,-61.52223205566406,solid,water_floor
A5-02,Section 2,2,-3.0,314.0,-57.42652130126953,solid,water_floor
A5-02,Section 2,2,-3.0,315.0,-63.27405548095703,solid,water_floor
A5-02,Section 2,2,-3.0,316.0,-55.93299865722656,solid,water_floor
A5-02,Section 2,2,-3.0,317.0,-56.2200927734375,solid,water_floor
A5-02,Section 2,2,-3.0,318.0,-54.53064727783203,solid,water_floor
A5-02,Section 2,2,-3.0,319.0,-55.60792922973633,solid,water_floor
A5-02,Section 2,2,-3.0,320.0,-55.997596740722656,solid,water_floor
A5-02,Section 2,2,-3.0,321.0,-59.05703353881836,solid,water_floor
A5-02,Section 2,2,-3.0,322.0,-55.63365936279297,solid,water_floor
A5-02,Section 2,2,-3.0,323.0,-56.88359069824219,solid,water_floor
A5-02,Section 2,2,-3.0,324.0,-54.19709014892578,solid,water_floor
A5-02,Section 2,2,-3.0,325.0,-52.06399154663086,solid,water_floor
A5-02,Section 2,2,-3.0,326.0,-55.745506286621094,solid,water_floor
A5-02,Section 2,2,-3.0,327.0,-57.767967224121094,solid,water_floor
A5-02,Section 2,2,-3.0,328.0,-45.25887680053711,solid,water_floor
A5-02,Section 2,2,-3.0,329.0,-50.63783264160156,solid,water_floor
A5-02,Section 2,2,-3.0,330.0,-57.642581939697266,solid,water_floor
A5-02,Section 2,2,-3.0,331.0,-60.38081359863281,solid,water_floor
A5-02,Section 2,2,-3.0,332.0,-54.150508880615234,solid,water_floor
A5-02,Section 2,2,-3.0,333.0,-63.47906494140625,solid,water_floor
A5-02,Section 2,2,-3.0,334.0,-58.303340911865234,solid,water_floor
A5-02,Section 2,2,-3.0,335.0,-65.7771224975586,solid,water_floor
A5-02,Section 2,2,-3.0,336.0,-61.231689453125,solid,water_floor
A5-02,Section 2,2,-3.0,337.0,-64.73870086669922,solid,water_floor
A5-02,Section 2,2,-3.0,338.0,-54.35789489746094,solid,water_floor
A5-02,Section 2,2,-3.0,339.0,-54.13006591796875,solid,water_floor
A5-02,Section 2,2,-3.0,340.0,-45.86001968383789,solid,water_floor
A5-02,Section 2,2,-3.0,341.0,-62.88484191894531,solid,water_floor
A5-02,Section 2,2,-3.0,342.0,-62.960845947265625,solid,water_floor
A5-02,Section 2,2,-3.0,343.0,-55.833534240722656,solid,water_floor
A5-02,Section 2,2,-3.0,344.0,-52.22810363769531,solid,water_floor
A5-02,Section 2,2,-3.0,345.0,-54.97041702270508,solid,water_floor
A5-02,Section 2,2,-3.0,346.0,-49.10871124267578,solid,water_floor
A5-02,Section 2,2,-3.0,347.0,-27.303424835205078,solid,water_floor
A5-02,Section 2,2,-2.471348524093628,348.0,-2.471348524093628,solid,sampled
A5-02,Section 2,2,-3.0,349.0,-31.295387268066406,solid,water_floor
A5-02,Section 2,2,-3.0,350.0,-45.10902404785156,solid,water_floor
A5-02,Section 2,2,-3.0,351.0,-52.529510498046875,solid,water_floor
A5-02,Section 2,2,-3.0,352.0,-34.45855712890625,solid,water_floor
A5-02,Section 2,2,-3.0,353.0,-48.00206756591797,solid,water_floor
A5-02,Section 2,2,-3.0,354.0,-45.63276672363281,solid,water_floor
A5-02,Section 2,2,-3.0,355.0,-52.12606430053711,solid,water_floor
A5-02,Section 2,2,-3.0,356.0,-56.30503463745117,solid,water_floor
A5-02,Section 2,2,-3.0,357.0,-57.28142547607422,solid,water_floor
A5-02,Section 2,2,-3.0,358.0,-54.77831268310547,solid,water_floor
A5-02,Section 2,2,-3.0,359.0,-54.09772872924805,solid,water_floor
A5-02,Section 2,2,-3.0,360.0,-44.986595153808594,solid,water_floor
A5-02,Section 2,2,-3.0,361.0,-47.144508361816406,solid,water_floor
A5-02,Section 2,2,-3.0,362.0,-47.680389404296875,solid,water_floor
A5-02,Section 2,2,-3.0,363.0,-49.985687255859375,solid,water_floor
A5-02,Section 2,2,-3.0,364.0,-47.749908447265625,solid,water_floor
A5-02,Section 2,2,-3.0,365.0,-46.73147964477539,solid,water_floor
A5-02,Section 2,2,-3.0,366.0,-47.05670928955078,solid,water_floor
A5-02,Section 2,2,-3.0,367.0,-57.66358184814453,solid,water_floor
A5-02,Section 2,2,-3.0,368.0,-57.24749755859375,solid,water_floor
A5-02,Section 2,2,-3.0,369.0,-58.19974899291992,solid,water_floor
A5-02,Section 2,2,-3.0,370.0,-53.3343391418457,solid,water_floor
A5-02,Section 2,2,-3.0,371.0,-35.27527618408203,solid,water_floor
A5-02,Section 2,2,-3.0,372.0,-33.41221237182617,solid,water_floor
A5-02,Section 2,2,-3.0,373.0,-13.673111915588379,solid,water_floor
A5-02,Section 2,2,-3.0,374.0,-54.243736267089844,solid,water_floor
A5-02,Section 2,2,-3.0,375.0,-71.1831283569336,solid,water_floor
A5-02,Section 2,2,-3.0,376.0,-71.10621643066406,solid,water_floor
A5-02,Section 2,2,-3.0,377.0,-71.43489074707031,solid,water_floor
A5-02,Section 2,2,-3.0,378.0,-57.81706237792969,solid,water_floor
A5-02,Section 2,2,-3.0,379.0,-58.03558349609375,solid,water_floor
A5-02,Section 2,2,-3.0,380.0,-56.318519592285156,solid,water_floor
A5-02,Section 2,2,-3.0,381.0,-57.91537094116211,solid,water_floor
A5-02,Section 2,2,-3.0,382.0,-61.53135299682617,solid,water_floor
A5-02,Section 2,2,-3.0,383.0,-67.1057357788086,solid,water_floor
A5-02,Section 2,2,-3.0,384.0,-57.34437942504883,solid,water_floor
A5-02,Section 2,2,-3.0,385.0,-64.33025360107422,solid,water_floor
A5-02,Section 2,2,-3.0,386.0,-54.657623291015625,solid,water_floor
A5-02,Section 2,2,-3.0,387.0,-58.18061065673828,solid,water_floor
A5-02,Section 2,2,-3.0,388.0,-65.51141357421875,solid,water_floor
A5-02,Section 2,2,-3.0,389.0,-53.17878341674805,solid,water_floor
A5-02,Section 2,2,-3.0,390.0,-56.29812240600586,solid,water_floor
A5-02,Section 2,2,-3.0,391.0,-56.111427307128906,solid,water_floor
A5-02,Section 2,2,-3.0,392.0,-60.30376052856445,solid,water_floor
A5-02,Section 2,2,-3.0,393.0,-59.950889587402344,solid,water_floor
A5-02,Section 2,2,-3.0,394.0,-68.8570556640625,solid,water_floor
A5-02,Section 2,2,-3.0,395.0,-65.28363800048828,solid,water_floor
A5-02,Section 2,2,-3.0,396.0,-65.37260437011719,solid,water_floor
A5-02,Section 2,2,-3.0,397.0,-62.10277557373047,solid,water_floor
A5-02,Section 2,2,-3.0,398.0,-65.29222106933594,solid,water_floor
A5-02,Section 2,2,-3.0,399.0,-65.48898315429688,solid,water_floor
A5-02,Section 2,2,-3.0,400.0,-66.86128997802734,solid,water_floor
A5-02,Section 2,2,-3.0,401.0,-69.64219665527344,solid,water_floor
A5-02,Section 2,2,-3.0,402.0,-69.08943176269531,solid,water_floor
A5-02,Section 2,2,-3.0,403.0,-70.15044403076172,solid,water_floor
A5-02,Section 2,2,-3.0,404.0,-74.34927368164062,solid,water_floor
A5-02,Section 2,2,-3.0,405.0,-72.15172576904297,solid,water_floor
A5-02,Section 2,2,-3.0,406.0,-69.98113250732422,solid,water_floor
A5-02,Section 2,2,-3.0,407.0,-70.32926940917969,solid,water_floor
A5-02,Section 2,2,-3.0,408.0,-67.74725341796875,solid,water_floor
A5-02,Section 2,2,-3.0,409.0,-70.26609802246094,solid,water_floor
A5-02,Section 2,2,-3.0,410.0,-66.87297058105469,solid,water_floor
A5-02,Section 2,2,-3.0,411.0,-67.3779525756836,solid,water_floor
A5-02,Section 2,2,-3.0,412.0,-69.19999694824219,solid,water_floor
A5-02,Section 2,2,-3.0,413.0,-70.55449676513672,solid,water_floor
A5-02,Section 2,2,-3.0,414.0,-67.28434753417969,solid,water_floor
A5-02,Section 2,2,-3.0,415.0,-68.21846771240234,solid,water_floor
A5-02,Section 2,2,-3.0,416.0,-69.12271881103516,solid,water_floor
A5-02,Section 2,2,-3.0,417.0,-68.88978576660156,solid,water_floor
A5-02,Section 2,2,-3.0,418.0,-69.81901550292969,solid,water_floor
A5-02,Section 2,2,-3.0,419.0,-69.85299682617188,solid,water_floor
A5-02,Section 2,2,-3.0,420.0,-68.41244506835938,solid,water_floor
A5-02,Section 2,2,-3.0,421.0,-71.80384826660156,solid,water_floor
A5-02,Section 2,2,-3.0,422.0,-72.49395751953125,solid,water_floor
A5-02,Section 2,2,-3.0,423.0,-69.45993041992188,solid,water_floor
A5-02,Section 2,2,-3.0,424.0,-67.96961212158203,solid,water_floor
A5-02,Section 2,2,-3.0,425.0,-67.50361633300781,solid,water_floor
A5-02,Section 2,2,-3.0,426.0,-64.33406066894531,solid,water_floor
A5-02,Section 2,2,-3.0,427.0,-64.87701416015625,solid,water_floor
A5-02,Section 2,2,-3.0,428.0,-64.20341491699219,solid,water_floor
A5-02,Section 2,2,-3.0,429.0,-72.88391876220703,solid,water_floor
A5-02,Section 2,2,-3.0,430.0,-71.38542175292969,solid,water_floor
A5-02,Section 2,2,-3.0,431.0,-70.41188049316406,solid,water_floor
A5-02,Section 2,2,-3.0,432.0,-70.79037475585938,solid,water_floor
A5-02,Section 2,2,-3.0,433.0,-66.04693603515625,solid,water_floor
A5-02,Section 2,2,-3.0,434.0,-66.35657501220703,solid,water_floor
A5-02,Section 2,2,-3.0,435.0,-68.30615997314453,solid,water_floor
A5-02,Section 2,2,-3.0,436.0,-54.1103515625,solid,water_floor
A5-02,Section 2,2,-3.0,437.0,-45.985389709472656,solid,water_floor
A5-02,Section 2,2,-3.0,438.0,-68.07820892333984,solid,water_floor
A5-02,Section 2,2,-3.0,439.0,-64.7142333984375,solid,water_floor
A5-02,Section 2,2,-3.0,440.0,-58.71266174316406,solid,water_floor
A5-02,Section 2,2,-3.0,441.0,-66.04910278320312,solid,water_floor
A5-02,Section 2,2,-3.0,442.0,-64.74041748046875,solid,water_floor
A5-02,Section 2,2,-3.0,443.0,-68.53433990478516,solid,water_floor
A5-02,Section 2,2,-3.0,444.0,-60.30085372924805,solid,water_floor
A5-02,Section 2,2,-3.0,445.0,-63.20610046386719,solid,water_floor
A5-02,Section 2,2,-3.0,446.0,-63.93177795410156,solid,water_floor
A5-02,Section 2,2,-3.0,447.0,-63.642669677734375,solid,water_floor
A5-02,Section 2,2,-3.0,448.0,-64.04971313476562,solid,water_floor
A5-02,Section 2,2,-3.0,449.0,-67.27794647216797,solid,water_floor
A5-02,Section 2,2,-3.0,450.0,-63.32011413574219,solid,water_floor
A5-02,Section 2,2,-3.0,451.0,-67.35032653808594,solid,water_floor
A5-02,Section 2,2,-3.0,452.0,-65.63034057617188,solid,water_floor
A5-02,Section 2,2,-3.0,453.0,-65.02629089355469,solid,water_floor
A5-02,Section 2,2,-3.0,454.0,-63.89100646972656,solid,water_floor
A5-02,Section 2,2,-3.0,455.0,-67.53123474121094,solid,water_floor
A5-02,Section 2,2,-3.0,456.0,-66.47705841064453,solid,water_floor
A5-02,Section 2,2,-3.0,457.0,-65.82145690917969,solid,water_floor
A5-02,Section 2,2,-3.0,458.0,-62.52283477783203,solid,water_floor
A5-02,Section 2,2,-3.0,459.0,-63.94526290893555,solid,water_floor
A5-02,Section 2,2,-3.0,460.0,-61.827518463134766,solid,water_floor
A5-02,Section 2,2,-3.0,461.0,-62.503173828125,solid,water_floor
A5-02,Section 2,2,-3.0,462.0,-63.69059371948242,solid,water_floor
A5-02,Section 2,2,-3.0,463.0,-63.77244567871094,solid,water_floor
A5-02,Section 2,2,-3.0,464.0,-58.27772521972656,solid,water_floor
A5-02,Section 2,2,-3.0,465.0,-58.166282653808594,solid,water_floor
A5-02,Section 2,2,-3.0,466.0,-67.3437271118164,solid,water_floor
A5-02,Section 2,2,-3.0,467.0,-63.73207473754883,solid,water_floor
A5-02,Section 2,2,-3.0,468.0,-61.96636199951172,solid,water_floor
A5-02,Section 2,2,-3.0,469.0,-61.48155975341797,solid,water_floor
A5-02,Section 2,2,-3.0,470.0,-61.628570556640625,solid,water_floor
A5-02,Section 2,2,-3.0,471.0,-56.46937561035156,solid,water_floor
A5-02,Section 2,2,-3.0,472.0,-69.45600891113281,solid,water_floor
A5-02,Section 2,2,-3.0,473.0,-66.43583679199219,solid,water_floor
A5-02,Section 2,2,-3.0,474.0,-60.580989837646484,solid,water_floor
A5-02,Section 2,2,-3.0,475.0,-58.9873046875,solid,water_floor
A5-02,Section 2,2,-3.0,476.0,-45.29327392578125,solid,water_floor
A5-02,Section 2,2,-3.0,477.0,-47.818321228027344,solid,water_floor
A5-02,Section 2,2,-3.0,478.0,-51.03302001953125,solid,water_floor
A5-02,Section 2,2,-3.0,479.0,-46.61798095703125,solid,water_floor
A5-02,Section 2,2,-3.0,480.0,-42.408748626708984,solid,water_floor
A5-02,Section 2,2,-3.0,481.0,-38.88542175292969,solid,water_floor
A5-02,Section 2,2,-3.0,482.0,-43.50094223022461,solid,water_floor
A5-02,Section 2,2,-3.0,483.0,-43.423240661621094,solid,water_floor
A5-02,Section 2,2,-3.0,484.0,-45.8177490234375,solid,water_floor
A5-02,Section 2,2,-3.0,485.0,-47.379119873046875,solid,water_floor
A5-02,Section 2,2,-3.0,486.0,-38.06404113769531,solid,water_floor
A5-02,Section 2,2,-3.0,487.0,-27.224199295043945,solid,water_floor
A5-02,Section 2,2,-3.0,488.0,-34.127410888671875,solid,water_floor
A5-02,Section 2,2,-3.0,489.0,-22.561220169067383,solid,water_floor
A5-02,Section 2,2,-3.0,490.0,-21.70029067993164,solid,water_floor
A5-02,Section 2,2,-3.0,491.0,-17.75145721435547,solid,water_floor
A5-02,Section 2,2,-3.0,492.0,-18.052074432373047,solid,water_floor
A5-02,Section 2,2,-3.0,493.0,-13.648167610168457,solid,water_floor
A5-02,Section 2,2,-3.0,494.0,-26.223630905151367,solid,water_floor
A5-02,Section 2,2,-3.0,495.0,-13.384547233581543,solid,water_floor
A5-02,Section 2,2,-3.0,496.0,-12.74111557006836,solid,water_floor
A5-02,Section 2,2,-3.0,497.0,-8.3717622756958,solid,water_floor
A5-02,Section 2,2,-3.0,498.0,-8.205273628234863,solid,water_floor
A5-02,Section 2,2,-3.0,499.0,-6.9741926193237305,solid,water_floor
A5-02,Section 2,2,-3.0,500.0,-9.079599380493164,solid,water_floor
A5-02,Section 2,2,-3.0,501.0,-6.9444403648376465,solid,water_floor
A5-02,Section 2,2,-3.0,502.0,-5.611003398895264,solid,water_floor
A5-02,Section 2,2,-3.0,503.0,-5.969108581542969,solid,water_floor
A5-02,Section 2,2,-3.0,504.0,-3.512942314147949,solid,water_floor
A5-02,Section 2,2,-2.35086989402771,505.0,-2.35086989402771,solid,sampled
A5-02,Section 2,2,-1.7214305400848389,506.0,-1.7214305400848389,solid,sampled
A5-02,Section 2,2,-1.607038974761963,507.0,-1.607038974761963,solid,sampled
A5-02,Section 2,2,-1.453549861907959,508.0,-1.453549861907959,solid,sampled
A5-02,Section 2,2,-1.3258055448532104,509.0,-1.3258055448532104,solid,sampled
A5-02,Section 2,2,-1.195326805114746,510.0,-1.195326805114746,solid,sampled
A5-02,Section 2,2,-1.0885305404663086,511.0,-1.0885305404663086,solid,sampled
A5-02,Section 2,2,-0.9850208759307861,512.0,-0.9850208759307861,solid,sampled
A5-02,Section 2,2,-0.895218014717102,513.0,-0.895218014717102,solid,sampled
A5-02,Section 2,2,-0.8171117305755615,514.0,-0.8171117305755615,solid,sampled
A5-02,Section 2,2,-0.7332137227058411,515.0,-0.7332137227058411,solid,sampled
A5-02,Section 2,2,-0.6566060185432434,516.0,-0.6566060185432434,solid,sampled
A5-02,Section 2,2,-0.5991957187652588,517.0,-0.5991957187652588,solid,sampled
A5-02,Section 2,2,-0.5196176171302795,518.0,-0.5196176171302795,solid,sampled
A5-02,Section 2,2,-0.4596518278121948,519.0,-0.4596518278121948,solid,sampled
A5-02,Section 2,2,-0.40094172954559326,520.0,-0.40094172954559326,solid,sampled
A5-02,Section 2,2,-0.3485056161880493,521.0,-0.3485056161880493,solid,sampled
A5-02,Section 2,2,-0.3097756505012512,522.0,-0.3097756505012512,solid,sampled
A5-02,Section 2,2,-0.2895406186580658,523.0,-0.2895406186580658,solid,sampled
A5-02,Section 2,2,-0.2683170437812805,524.0,-0.2683170437812805,solid,sampled
A5-02,Section 2,2,-0.24599939584732056,525.0,-0.24599939584732056,solid,sampled
A5-02,Section 2,2,-0.25372475385665894,526.0,-0.25372475385665894,solid,sampled
A5-02,Section 2,2,-0.23336786031723022,527.0,-0.23336786031723022,solid,sampled
A5-02,Section 2,2,-0.21825027465820312,528.0,-0.21825027465820312,solid,sampled
A5-02,Section 2,2,-0.22127163410186768,529.0,-0.22127163410186768,solid,sampled
A5-02,Section 2,2,-0.2043812870979309,530.0,-0.2043812870979309,solid,sampled
A5-02,Section 2,2,-0.21052899956703186,531.0,-0.21052899956703186,solid,sampled
A5-02,Section 2,2,-0.21311181783676147,532.0,-0.21311181783676147,solid,sampled
A5-02,Section 2,2,-0.21020831167697906,533.0,-0.21020831167697906,solid,sampled
A5-02,Section 2,2,-0.19892270863056183,534.0,-0.19892270863056183,solid,sampled
A5-02,Section 2,2,-0.2035202533006668,535.0,-0.2035202533006668,solid,sampled
A5-02,Section 2,2,-0.19556772708892822,536.0,-0.19556772708892822,solid,sampled
A5-02,Section 2,2,-0.2001270353794098,537.0,-0.2001270353794098,solid,sampled
A5-02,Section 2,2,-0.19481685757637024,538.0,-0.19481685757637024,solid,sampled
A5-02,Section 2,2,-0.19129174947738647,539.0,-0.19129174947738647,solid,sampled
A5-02,Section 2,2,-0.1782514452934265,540.0,-0.1782514452934265,solid,sampled
A5-02,Section 2,2,-0.19080406427383423,541.0,-0.19080406427383423,solid,sampled
A5-02,Section 2,2,-0.18072855472564697,542.0,-0.18072855472564697,solid,sampled
A5-02,Section 2,2,-0.17856961488723755,543.0,-0.17856961488723755,solid,sampled
A5-02,Section 2,2,-0.16419386863708496,544.0,-0.16419386863708496,solid,sampled
A5-02,Section 2,2,-0.1541021466255188,545.0,-0.1541021466255188,solid,sampled
A5-02,Section 2,2,-0.172072634100914,546.0,-0.172072634100914,solid,sampled
A5-02,Section 2,2,-0.16869808733463287,547.0,-0.16869808733463287,solid,sampled
A5-02,Section 2,2,-0.15624666213989258,548.0,-0.15624666213989258,solid,sampled
A5-02,Section 2,2,-0.16447041928768158,549.0,-0.16447041928768158,solid,sampled
A5-02,Section 2,2,-0.15406742691993713,550.0,-0.15406742691993713,solid,sampled
A5-02,Section 2,2,-0.15561819076538086,551.0,-0.15561819076538086,solid,sampled
A5-02,Section 2,2,-0.14205217361450195,552.0,-0.14205217361450195,solid,sampled
A5-02,Section 2,2,-0.13369746506214142,553.0,-0.13369746506214142,solid,sampled
A5-02,Section 2,2,-0.13488566875457764,554.0,-0.13488566875457764,solid,sampled
A5-02,Section 2,2,-0.14746436476707458,555.0,-0.14746436476707458,solid,sampled
A5-02,Section 2,2,-0.15006601810455322,556.0,-0.15006601810455322,solid,sampled
A5-02,Section 2,2,-0.13969047367572784,557.0,-0.13969047367572784,solid,sampled
A5-02,Section 2,2,-0.13621586561203003,558.0,-0.13621586561203003,solid,sampled
A5-02,Section 2,2,-0.13754376769065857,559.0,-0.13754376769065857,solid,sampled
A5-02,Section 2,2,-0.1346907615661621,560.0,-0.1346907615661621,solid,sampled
A5-02,Section 2,2,-0.13954731822013855,561.0,-0.13954731822013855,solid,sampled
A5-02,Section 2,2,-0.1387060284614563,562.0,-0.1387060284614563,solid,sampled
A5-02,Section 2,2,-0.14609450101852417,563.0,-0.14609450101852417,solid,sampled
A5-02,Section 2,2,-0.12706100940704346,564.0,-0.12706100940704346,solid,sampled
A5-02,Section 2,2,-0.11955302953720093,565.0,-0.11955302953720093,solid,sampled
A5-02,Section 2,2,-0.11929044127464294,566.0,-0.11929044127464294,solid,sampled
A5-02,Section 2,2,-0.11773216724395752,567.0,-0.11773216724395752,solid,sampled
A5-02,Section 2,2,-0.1147320494055748,568.0,-0.1147320494055748,solid,sampled
A5-02,Section 2,2,-0.1094675064086914,569.0,-0.1094675064086914,solid,sampled
A5-02,Section 2,2,-0.11361423134803772,570.0,-0.11361423134803772,solid,sampled
A5-02,Section 2,2,-0.11497247219085693,571.0,-0.11497247219085693,solid,sampled
A5-02,Section 2,2,-0.10720240324735641,572.0,-0.10720240324735641,solid,sampled
A5-02,Section 2,2,-0.10814738273620605,573.0,-0.10814738273620605,solid,sampled
A5-02,Section 2,2,-0.10580939054489136,574.0,-0.10580939054489136,solid,sampled
A5-02,Section 2,2,-0.09520375728607178,575.0,-0.09520375728607178,solid,sampled
A5-02,Section 2,2,-0.10611618310213089,576.0,-0.10611618310213089,solid,sampled
A5-02,Section 2,2,-0.0949523001909256,577.0,-0.0949523001909256,solid,sampled
A5-02,Section 2,2,-0.10211338102817535,578.0,-0.10211338102817535,solid,sampled
A5-02,Section 2,2,-0.1007850170135498,579.0,-0.1007850170135498,solid,sampled
A5-02,Section 2,2,-0.10694685578346252,580.0,-0.10694685578346252,solid,sampled
A5-02,Section 2,2,-0.10282471030950546,581.0,-0.10282471030950546,solid,sampled
A5-02,Section 2,2,-0.10905525833368301,582.0,-0.10905525833368301,solid,sampled
A5-02,Section 2,2,-0.10073113441467285,583.0,-0.10073113441467285,solid,sampled
A5-02,Section 2,2,-0.09544038772583008,584.0,-0.09544038772583008,solid,sampled
A5-02,Section 2,2,-0.09614908695220947,585.0,-0.09614908695220947,solid,sampled
A5-02,Section 2,2,-0.09172289073467255,586.0,-0.09172289073467255,solid,sampled
A5-02,Section 2,2,-0.09343473613262177,587.0,-0.09343473613262177,solid,sampled
A5-02,Section 2,2,-0.08673623204231262,588.0,-0.08673623204231262,solid,sampled
A5-02,Section 2,2,-0.08622544258832932,589.0,-0.08622544258832932,solid,sampled
A5-02,Section 2,2,-0.07991991937160492,590.0,-0.07991991937160492,solid,sampled
A5-02,Section 2,2,-0.08201172202825546,591.0,-0.08201172202825546,solid,sampled
A5-02,Section 2,2,-0.07398128509521484,592.0,-0.07398128509521484,solid,sampled
A5-02,Section 2,2,-0.07232140749692917,593.0,-0.07232140749692917,solid,sampled
A5-02,Section 2,2,-0.07188940048217773,594.0,-0.07188940048217773,solid,sampled
A5-02,Section 2,2,-0.0708257257938385,595.0,-0.0708257257938385,solid,sampled
A5-02,Section 2,2,-0.06270281225442886,596.0,-0.06270281225442886,solid,sampled
A5-02,Section 2,2,-0.07025997340679169,597.0,-0.07025997340679169,solid,sampled
A5-02,Section 2,2,-0.06516426801681519,598.0,-0.06516426801681519,solid,sampled
A5-02,Section 2,2,-0.06190067529678345,599.0,-0.06190067529678345,solid,sampled
A5-02,Section 2,2,-0.06636911630630493,600.0,-0.06636911630630493,solid,sampled
A5-02,Section 2,2,-0.062239766120910645,601.0,-0.062239766120910645,solid,sampled
A5-02,Section 2,2,-0.06431633234024048,602.0,-0.06431633234024048,solid,sampled
A5-02,Section 2,2,-0.06308062374591827,603.0,-0.06308062374591827,solid,sampled
A5-02,Section 2,2,-0.06377442181110382,604.0,-0.06377442181110382,solid,sampled
A5-02,Section 2,2,-0.05619309842586517,605.0,-0.05619309842586517,solid,sampled
A5-02,Section 2,2,-0.04964292049407959,606.0,-0.04964292049407959,solid,sampled
A5-02,Section 2,2,-0.050857752561569214,607.0,-0.050857752561569214,solid,sampled
A5-02,Section 2,2,-0.05153349041938782,608.0,-0.05153349041938782,solid,sampled
A5-02,Section 2,2,-0.050720155239105225,609.0,-0.050720155239105225,solid,sampled
A5-02,Section 2,2,-0.05060291290283203,610.0,-0.05060291290283203,solid,sampled
A5-02,Section 2,2,-0.047728776931762695,611.0,-0.047728776931762695,solid,sampled
A5-02,Section 2,2,-0.05023396015167236,612.0,-0.05023396015167236,solid,sampled
A5-02,Section 2,2,-0.04195341467857361,613.0,-0.04195341467857361,solid,sampled
A5-02,Section 2,2,-0.04832291603088379,614.0,-0.04832291603088379,solid,sampled
A5-02,Section 2,2,-0.04385733604431152,615.0,-0.04385733604431152,solid,sampled
A5-02,Section 2,2,-0.048293307423591614,616.0,-0.048293307423591614,solid,sampled
A5-02,Section 2,2,-0.04242900013923645,617.0,-0.04242900013923645,solid,sampled
A5-02,Section 2,2,-0.04461812973022461,618.0,-0.04461812973022461,solid,sampled
A5-02,Section 2,2,-0.04558129608631134,619.0,-0.04558129608631134,solid,sampled
A5-02,Section 2,2,-0.04290497303009033,620.0,-0.04290497303009033,solid,sampled
A5-02,Section 2,2,-0.050754256546497345,621.0,-0.050754256546497345,solid,sampled
A5-02,Section 2,2,-0.04927778244018555,622.0,-0.04927778244018555,solid,sampled
A5-02,Section 2,2,-0.05125519633293152,623.0,-0.05125519633293152,solid,sampled
A5-02,Section 2,2,-0.05184480547904968,624.0,-0.05184480547904968,solid,sampled
A5-02,Section 2,2,-0.05711957812309265,625.0,-0.05711957812309265,solid,sampled
A5-02,Section 2,2,-0.0616174042224884,626.0,-0.0616174042224884,solid,sampled
A5-02,Section 2,2,-0.04859054088592529,627.0,-0.04859054088592529,solid,sampled
A5-02,Section 2,2,-0.05014002323150635,628.0,-0.05014002323150635,solid,sampled
A5-02,Section 2,2,-0.04272204637527466,629.0,-0.04272204637527466,solid,sampled
A5-02,Section 2,2,-0.04623007774353027,630.0,-0.04623007774353027,solid,sampled
A5-02,Section 2,2,-0.06479179859161377,631.0,-0.06479179859161377,solid,sampled
A5-02,Section 2,2,-0.061515167355537415,632.0,-0.061515167355537415,solid,sampled
A5-02,Section 2,2,-0.08407941460609436,633.0,-0.08407941460609436,solid,sampled
A5-02,Section 2,2,-0.080299973487854,634.0,-0.080299973487854,solid,sampled
A5-02,Section 2,2,-0.09069222211837769,635.0,-0.09069222211837769,solid,sampled
A5-02,Section 2,2,-0.058450207114219666,636.0,-0.058450207114219666,solid,sampled
A5-02,Section 2,2,-0.04766190052032471,637.0,-0.04766190052032471,solid,sampled
A5-02,Section 2,2,-0.03836381435394287,638.0,-0.03836381435394287,solid,sampled
A5-02,Section 2,2,-0.028330564498901367,639.0,-0.028330564498901367,solid,sampled
A5-02,Section 2,2,-0.02122412621974945,640.0,-0.02122412621974945,solid,sampled
A5-02,Section 2,2,-0.011724859476089478,641.0,-0.011724859476089478,solid,sampled
A5-02,Section 2,2,-0.01264345645904541,642.0,-0.01264345645904541,solid,sampled
A5-02,Section 2,2,-0.013070821762084961,643.0,-0.013070821762084961,solid,sampled
A5-02,Section 2,2,-0.013300016522407532,644.0,-0.013300016522407532,solid,sampled
A5-02,Section 2,2,-0.013308286666870117,645.0,-0.013308286666870117,solid,sampled
A5-02,Section 2,2,-0.007656693458557129,646.0,-0.007656693458557129,solid,sampled
A5-02,Section 2,2,-0.005366146564483643,647.0,-0.005366146564483643,solid,sampled
A5-02,Section 2,2,-0.0028043389320373535,648.0,-0.0028043389320373535,solid,sampled
A5-02,Section 2,2,0.0038718432188034058,649.0,0.0038718432188034058,solid,sampled
A5-02,Section 2,2,0.009309530258178711,650.0,0.009309530258178711,solid,sampled
A5-02,Section 2,2,0.012302219867706299,651.0,0.012302219867706299,solid,sampled
A5-02,Section 2,2,0.011354409158229828,652.0,0.011354409158229828,solid,sampled
A5-02,Section 2,2,0.01289549469947815,653.0,0.01289549469947815,solid,sampled
A5-02,Section 2,2,0.013686425983905792,654.0,0.013686425983905792,solid,sampled
A5-02,Section 2,2,0.02368640899658203,655.0,0.02368640899658203,solid,sampled
A5-02,Section 2,2,0.02597539871931076,656.0,0.02597539871931076,solid,sampled
A5-02,Section 2,2,0.03129565715789795,657.0,0.03129565715789795,solid,sampled
A5-02,Section 2,2,0.036501094698905945,658.0,0.036501094698905945,solid,sampled
A5-02,Section 2,2,0.036151885986328125,659.0,0.036151885986328125,solid,sampled
A5-02,Section 2,2,0.04141378402709961,660.0,0.04141378402709961,solid,sampled
A5-02,Section 2,2,0.039719194173812866,661.0,0.039719194173812866,solid,sampled
A5-02,Section 2,2,0.04258525371551514,662.0,0.04258525371551514,solid,sampled
A5-02,Section 2,2,0.04781389236450195,663.0,0.04781389236450195,solid,sampled
A5-02,Section 2,2,0.050033897161483765,664.0,0.050033897161483765,solid,sampled
A5-02,Section 2,2,0.0561823844909668,665.0,0.0561823844909668,solid,sampled
A5-02,Section 2,2,0.05534236133098602,666.0,0.05534236133098602,solid,sampled
A5-02,Section 2,2,0.0519866943359375,667.0,0.0519866943359375,solid,sampled
A5-02,Section 2,2,0.04810452461242676,668.0,0.04810452461242676,solid,sampled
A5-02,Section 2,2,0.054103732109069824,669.0,0.054103732109069824,solid,sampled
A5-02,Section 2,2,0.05416692793369293,670.0,0.05416692793369293,solid,sampled
A5-02,Section 2,2,0.06621217727661133,671.0,0.06621217727661133,solid,sampled
A5-02,Section 2,2,0.06788265705108643,672.0,0.06788265705108643,solid,sampled
A5-02,Section 2,2,0.06642091274261475,673.0,0.06642091274261475,solid,sampled
A5-02,Section 2,2,0.06746047735214233,674.0,0.06746047735214233,solid,sampled
A5-02,Section 2,2,0.07384687662124634,675.0,0.07384687662124634,solid,sampled
A5-02,Section 2,2,0.07212066650390625,676.0,0.07212066650390625,solid,sampled
A5-02,Section 2,2,0.074504554271698,677.0,0.074504554271698,solid,sampled
A5-02,Section 2,2,0.07251614332199097,678.0,0.07251614332199097,solid,sampled
A5-02,Section 2,2,0.07796633243560791,679.0,0.07796633243560791,solid,sampled
A5-02,Section 2,2,0.07648837566375732,680.0,0.07648837566375732,solid,sampled
A5-02,Section 2,2,0.08496290445327759,681.0,0.08496290445327759,solid,sampled
A5-02,Section 2,2,0.08682501316070557,682.0,0.08682501316070557,solid,sampled
A5-02,Section 2,2,0.09361320734024048,683.0,0.09361320734024048,solid,sampled
A5-02,Section 2,2,0.09846936911344528,684.0,0.09846936911344528,solid,sampled
A5-02,Section 2,2,0.09712865948677063,685.0,0.09712865948677063,solid,sampled
A5-02,Section 2,2,0.10143613815307617,686.0,0.10143613815307617,solid,sampled
A5-02,Section 2,2,0.10780756175518036,687.0,0.10780756175518036,solid,sampled
A5-02,Section 2,2,0.10479506850242615,688.0,0.10479506850242615,solid,sampled
A5-02,Section 2,2,0.10240869969129562,689.0,0.10240869969129562,solid,sampled
A5-02,Section 2,2,0.10029099881649017,690.0,0.10029099881649017,solid,sampled
A5-02,Section 2,2,0.09579366445541382,691.0,0.09579366445541382,solid,sampled
A5-02,Section 2,2,0.09302344173192978,692.0,0.09302344173192978,solid,sampled
A5-02,Section 2,2,0.09134380519390106,693.0,0.09134380519390106,solid,sampled
A5-02,Section 2,2,0.09265083819627762,694.0,0.09265083819627762,solid,sampled
A5-02,Section 2,2,0.09446874260902405,695.0,0.09446874260902405,solid,sampled
A5-02,Section 2,2,0.0889810100197792,696.0,0.0889810100197792,solid,sampled
A5-02,Section 2,2,0.09010659158229828,697.0,0.09010659158229828,solid,sampled
A5-02,Section 2,2,0.09412672370672226,698.0,0.09412672370672226,solid,sampled
A5-02,Section 2,2,0.09190860390663147,699.0,0.09190860390663147,solid,sampled
A5-02,Section 2,2,0.09712482988834381,700.0,0.09712482988834381,solid,sampled
A5-02,Section 2,2,0.09439943730831146,701.0,0.09439943730831146,solid,sampled
A5-02,Section 2,2,0.09045279026031494,702.0,0.09045279026031494,solid,sampled
A5-02,Section 2,2,0.09627819061279297,703.0,0.09627819061279297,solid,sampled
A5-02,Section 2,2,0.09058740735054016,704.0,0.09058740735054016,solid,sampled
A5-02,Section 2,2,0.09492328763008118,705.0,0.09492328763008118,solid,sampled
A5-02,Section 2,2,0.1014472246170044,706.0,0.1014472246170044,solid,sampled
A5-02,Section 2,2,0.10079444199800491,707.0,0.10079444199800491,solid,sampled
A5-02,Section 2,2,0.09842364490032196,708.0,0.09842364490032196,solid,sampled
A5-02,Section 2,2,0.09397998452186584,709.0,0.09397998452186584,solid,sampled
A5-02,Section 2,2,0.09857860207557678,710.0,0.09857860207557678,solid,sampled
A5-02,Section 2,2,0.10585402697324753,711.0,0.10585402697324753,solid,sampled
A5-02,Section 2,2,0.10709220170974731,712.0,0.10709220170974731,solid,sampled
A5-02,Section 2,2,0.10419049859046936,713.0,0.10419049859046936,solid,sampled
A5-02,Section 2,2,0.10743820667266846,714.0,0.10743820667266846,solid,sampled
A5-02,Section 2,2,0.10464702546596527,715.0,0.10464702546596527,solid,sampled
A5-02,Section 2,2,0.09707687795162201,716.0,0.09707687795162201,solid,sampled
A5-02,Section 2,2,0.09640876948833466,717.0,0.09640876948833466,solid,sampled
A5-02,Section 2,2,0.09603476524353027,718.0,0.09603476524353027,solid,sampled
A5-02,Section 2,2,0.09343184530735016,719.0,0.09343184530735016,solid,sampled
A5-02,Section 2,2,0.1018676832318306,720.0,0.1018676832318306,solid,sampled
A5-02,Section 2,2,0.09342163801193237,721.0,0.09342163801193237,solid,sampled
A5-02,Section 2,2,0.08583097159862518,722.0,0.08583097159862518,solid,sampled
A5-02,Section 2,2,0.08966979384422302,723.0,0.08966979384422302,solid,sampled
A5-02,Section 2,2,0.09192778170108795,724.0,0.09192778170108795,solid,sampled
A5-02,Section 2,2,0.10236555337905884,725.0,0.10236555337905884,solid,sampled
A5-02,Section 2,2,0.09353607892990112,726.0,0.09353607892990112,solid,sampled
A5-02,Section 2,2,0.10122507810592651,727.0,0.10122507810592651,solid,sampled
A5-02,Section 2,2,0.10332795977592468,728.0,0.10332795977592468,solid,sampled
A5-02,Section 2,2,0.1093066930770874,729.0,0.1093066930770874,solid,sampled
A5-02,Section 2,2,0.10268256068229675,730.0,0.10268256068229675,solid,sampled
A5-02,Section 2,2,0.11007651686668396,731.0,0.11007651686668396,solid,sampled
A5-02,Section 2,2,0.10902871191501617,732.0,0.10902871191501617,solid,sampled
A5-02,Section 2,2,0.11543679237365723,733.0,0.11543679237365723,solid,sampled
A5-02,Section 2,2,0.11265373229980469,734.0,0.11265373229980469,solid,sampled
A5-02,Section 2,2,0.1050746738910675,735.0,0.1050746738910675,solid,sampled
A5-02,Section 2,2,0.10384193062782288,736.0,0.10384193062782288,solid,sampled
A5-02,Section 2,2,0.10196328163146973,737.0,0.10196328163146973,solid,sampled
A5-02,Section 2,2,0.1013026237487793,738.0,0.1013026237487793,solid,sampled
A5-02,Section 2,2,0.09913444519042969,739.0,0.09913444519042969,solid,sampled
A5-02,Section 2,2,0.1006869375705719,740.0,0.1006869375705719,solid,sampled
A5-02,Section 2,2,0.08676433563232422,741.0,0.08676433563232422,solid,sampled
A5-02,Section 2,2,0.09616610407829285,742.0,0.09616610407829285,solid,sampled
A5-02,Section 2,2,0.0869438499212265,743.0,0.0869438499212265,solid,sampled
A5-02,Section 2,2,0.08730276674032211,744.0,0.08730276674032211,solid,sampled
A5-02,Section 2,2,0.0870140790939331,745.0,0.0870140790939331,solid,sampled
A5-02,Section 2,2,0.08806538581848145,746.0,0.08806538581848145,solid,sampled
A5-02,Section 2,2,0.0717070922255516,747.0,0.0717070922255516,solid,sampled
A5-02,Section 2,2,0.0802583172917366,748.0,0.0802583172917366,solid,sampled
A5-02,Section 2,2,0.06925845146179199,749.0,0.06925845146179199,solid,sampled
A5-02,Section 2,2,0.07025527954101562,750.0,0.07025527954101562,solid,sampled
A5-02,Section 2,2,0.06339791417121887,751.0,0.06339791417121887,solid,sampled
A5-02,Section 2,2,0.059639185667037964,752.0,0.059639185667037964,solid,sampled
A5-02,Section 2,2,0.06024843454360962,753.0,0.06024843454360962,solid,sampled
A5-02,Section 2,2,0.04695320129394531,754.0,0.04695320129394531,solid,sampled
A5-02,Section 2,2,0.05162841081619263,755.0,0.05162841081619263,solid,sampled
A5-02,Section 2,2,0.0,756.0,,dotted,null_fill
A5-02,Section 2,2,0.0,757.0,,dotted,null_fill
A5-02,Section 2,2,0.0,758.0,,dotted,null_fill
A5-02,Section 2,2,0.0,759.0,,dotted,null_fill
A5-02,Section 2,2,0.0,760.0,,dotted,null_fill
A5-02,Section 2,2,0.0,761.0,,dotted,null_fill
A5-02,Section 2,2,0.0,762.0,,dotted,null_fill
A5-02,Section 2,2,0.0,763.0,,dotted,null_fill
A5-02,Section 2,2,0.0,764.0,,dotted,null_fill
A5-02,Section 2,2,0.0,765.0,,dotted,null_fill
A5-02,Section 2,2,0.0,766.0,,dotted,null_fill
A5-02,Section 2,2,0.0,767.0,,dotted,null_fill
A5-02,Section 2,2,0.0,768.0,,dotted,null_fill
A5-02,Section 2,2,0.0,769.0,,dotted,null_fill
A5-02,Section 2,2,0.0,770.0,,dotted,null_fill
A5-02,Section 2,2,0.0,771.0,,dotted,null_fill
A5-02,Section 2,2,0.0,772.0,,dotted,null_fill
A5-02,Section 2,2,0.0,773.0,,dotted,null_fill
A5-02,Section 2,2,0.0,774.0,,dotted,null_fill
A5-02,Section 2,2,0.0,775.0,,dotted,null_fill
A5-02,Section 2,2,0.0,776.0,,dotted,null_fill
A5-03,Section 3,3,0.0,0.0,,dotted,null_fill
A5-03,Section 3,3,0.0,1.0,,dotted,null_fill
A5-03,Section 3,3,0.0,2.0,,dotted,null_fill
A5-03,Section 3,3,0.0,3.0,,dotted,null_fill
A5-03,Section 3,3,0.0,4.0,,dotted,null_fill
A5-03,Section 3,3,0.0,5.0,,dotted,null_fill
A5-03,Section 3,3,0.0,6.0,,dotted,null_fill
A5-03,Section 3,3,0.0,7.0,,dotted,null_fill
A5-03,Section 3,3,0.0,8.0,,dotted,null_fill
A5-03,Section 3,3,0.0,9.0,,dotted,null_fill
A5-03,Section 3,3,0.0,10.0,,dotted,null_fill
A5-03,Section 3,3,0.0,11.0,,dotted,null_fill
A5-03,Section 3,3,0.0,12.0,,dotted,null_fill
A5-03,Section 3,3,0.0,13.0,,dotted,null_fill
A5-03,Section 3,3,0.0,14.0,,dotted,null_fill
A5-03,Section 3,3,0.0,15.0,,dotted,null_fill
A5-03,Section 3,3,0.0,16.0,,dotted,null_fill
A5-03,Section 3,3,0.0,17.0,,dotted,null_fill
A5-03,Section 3,3,0.0,18.0,,dotted,null_fill
A5-03,Section 3,3,0.0,19.0,,dotted,null_fill
A5-03,Section 3,3,0.0,20.0,,dotted,null_fill
A5-03,Section 3,3,0.0,21.0,,dotted,null_fill
A5-03,Section 3,3,0.0,22.0,,dotted,null_fill
A5-03,Section 3,3,0.0,23.0,,dotted,null_fill
A5-03,Section 3,3,0.0,24.0,,dotted,null_fill
A5-03,Section 3,3,11.97886848449707,25.0,11.97886848449707,solid,sampled
A5-03,Section 3,3,11.871752738952637,26.0,11.871752738952637,solid,sampled
A5-03,Section 3,3,11.74791145324707,27.0,11.74791145324707,solid,sampled
A5-03,Section 3,3,11.609328269958496,28.0,11.609328269958496,solid,sampled
A5-03,Section 3,3,11.440397262573242,29.0,11.440397262573242,solid,sampled
A5-03,Section 3,3,11.332637786865234,30.0,11.332637786865234,solid,sampled
A5-03,Section 3,3,11.178153991699219,31.0,11.178153991699219,solid,sampled
A5-03,Section 3,3,11.077698707580566,32.0,11.077698707580566,solid,sampled
A5-03,Section 3,3,10.956003189086914,33.0,10.956003189086914,solid,sampled
A5-03,Section 3,3,10.85414981842041,34.0,10.85414981842041,solid,sampled
A5-03,Section 3,3,10.756103515625,35.0,10.756103515625,solid,sampled
A5-03,Section 3,3,10.629746437072754,36.0,10.629746437072754,solid,sampled
A5-03,Section 3,3,10.550950050354004,37.0,10.550950050354004,solid,sampled
A5-03,Section 3,3,10.407184600830078,38.0,10.407184600830078,solid,sampled
A5-03,Section 3,3,10.37349796295166,39.0,10.37349796295166,solid,sampled
A5-03,Section 3,3,10.210329055786133,40.0,10.210329055786133,solid,sampled
A5-03,Section 3,3,10.149847030639648,41.0,10.149847030639648,solid,sampled
A5-03,Section 3,3,10.058265686035156,42.0,10.058265686035156,solid,sampled
A5-03,Section 3,3,9.909720420837402,43.0,9.909720420837402,solid,sampled
A5-03,Section 3,3,9.802168846130371,44.0,9.802168846130371,solid,sampled
A5-03,Section 3,3,9.681072235107422,45.0,9.681072235107422,solid,sampled
A5-03,Section 3,3,9.544764518737793,46.0,9.544764518737793,solid,sampled
A5-03,Section 3,3,9.430782318115234,47.0,9.430782318115234,solid,sampled
A5-03,Section 3,3,9.377260208129883,48.0,9.377260208129883,solid,sampled
A5-03,Section 3,3,9.3116455078125,49.0,9.3116455078125,solid,sampled
A5-03,Section 3,3,9.340631484985352,50.0,9.340631484985352,solid,sampled
A5-03,Section 3,3,9.527304649353027,51.0,9.527304649353027,solid,sampled
A5-03,Section 3,3,10.50136661529541,52.0,10.50136661529541,solid,sampled
A5-03,Section 3,3,10.551933288574219,53.0,10.551933288574219,solid,sampled
A5-03,Section 3,3,8.940383911132812,54.0,8.940383911132812,solid,sampled
A5-03,Section 3,3,9.782018661499023,55.0,9.782018661499023,solid,sampled
A5-03,Section 3,3,9.418000221252441,56.0,9.418000221252441,solid,sampled
A5-03,Section 3,3,8.301315307617188,57.0,8.301315307617188,solid,sampled
A5-03,Section 3,3,6.018193244934082,58.0,6.018193244934082,solid,sampled
A5-03,Section 3,3,2.8059353828430176,59.0,2.8059353828430176,solid,sampled
A5-03,Section 3,3,2.2783641815185547,60.0,2.2783641815185547,solid,sampled
A5-03,Section 3,3,2.1112630367279053,61.0,2.1112630367279053,solid,sampled
A5-03,Section 3,3,1.9300262928009033,62.0,1.9300262928009033,solid,sampled
A5-03,Section 3,3,1.8010677099227905,63.0,1.8010677099227905,solid,sampled
A5-03,Section 3,3,1.6825697422027588,64.0,1.6825697422027588,solid,sampled
A5-03,Section 3,3,1.5981677770614624,65.0,1.5981677770614624,solid,sampled
A5-03,Section 3,3,1.5563656091690063,66.0,1.5563656091690063,solid,sampled
A5-03,Section 3,3,1.3143727779388428,67.0,1.3143727779388428,solid,sampled
A5-03,Section 3,3,1.085552453994751,68.0,1.085552453994751,solid,sampled
A5-03,Section 3,3,0.9522204399108887,69.0,0.9522204399108887,solid,sampled
A5-03,Section 3,3,0.8524770736694336,70.0,0.8524770736694336,solid,sampled
A5-03,Section 3,3,0.7311933040618896,71.0,0.7311933040618896,solid,sampled
A5-03,Section 3,3,0.6342952251434326,72.0,0.6342952251434326,solid,sampled
A5-03,Section 3,3,0.5516262054443359,73.0,0.5516262054443359,solid,sampled
A5-03,Section 3,3,0.48328280448913574,74.0,0.48328280448913574,solid,sampled
A5-03,Section 3,3,0.3957390785217285,75.0,0.3957390785217285,solid,sampled
A5-03,Section 3,3,0.2828027606010437,76.0,0.2828027606010437,solid,sampled
A5-03,Section 3,3,0.19809317588806152,77.0,0.19809317588806152,solid,sampled
A5-03,Section 3,3,0.09641149640083313,78.0,0.09641149640083313,solid,sampled
A5-03,Section 3,3,0.03389653563499451,79.0,0.03389653563499451,solid,sampled
A5-03,Section 3,3,-0.06512516736984253,80.0,-0.06512516736984253,solid,sampled
A5-03,Section 3,3,-0.16379940509796143,81.0,-0.16379940509796143,solid,sampled
A5-03,Section 3,3,-0.2525676488876343,82.0,-0.2525676488876343,solid,sampled
A5-03,Section 3,3,-0.3447803854942322,83.0,-0.3447803854942322,solid,sampled
A5-03,Section 3,3,-0.40790027379989624,84.0,-0.40790027379989624,solid,sampled
A5-03,Section 3,3,-0.47845011949539185,85.0,-0.47845011949539185,solid,sampled
A5-03,Section 3,3,-0.5516266226768494,86.0,-0.5516266226768494,solid,sampled
A5-03,Section 3,3,-0.5895706415176392,87.0,-0.5895706415176392,solid,sampled
A5-03,Section 3,3,0.025380238890647888,88.0,0.025380238890647888,solid,sampled
A5-03,Section 3,3,-0.047037273645401,89.0,-0.047037273645401,solid,sampled
A5-03,Section 3,3,-0.16969841718673706,90.0,-0.16969841718673706,solid,sampled
A5-03,Section 3,3,-1.0851649045944214,91.0,-1.0851649045944214,solid,sampled
A5-03,Section 3,3,-1.1704825162887573,92.0,-1.1704825162887573,solid,sampled
A5-03,Section 3,3,-1.2441456317901611,93.0,-1.2441456317901611,solid,sampled
A5-03,Section 3,3,-1.2766966819763184,94.0,-1.2766966819763184,solid,sampled
A5-03,Section 3,3,-1.2950525283813477,95.0,-1.2950525283813477,solid,sampled
A5-03,Section 3,3,-0.6854312419891357,96.0,-0.6854312419891357,solid,sampled
A5-03,Section 3,3,-0.805932879447937,97.0,-0.805932879447937,solid,sampled
A5-03,Section 3,3,-0.929479718208313,98.0,-0.929479718208313,solid,sampled
A5-03,Section 3,3,-1.729461669921875,99.0,-1.729461669921875,solid,sampled
A5-03,Section 3,3,-1.7468255758285522,100.0,-1.7468255758285522,solid,sampled
A5-03,Section 3,3,-1.8938724994659424,101.0,-1.8938724994659424,solid,sampled
A5-03,Section 3,3,-1.6631760597229004,102.0,-1.6631760597229004,solid,sampled
A5-03,Section 3,3,-1.3237899541854858,103.0,-1.3237899541854858,solid,sampled
A5-03,Section 3,3,-1.489506721496582,104.0,-1.489506721496582,solid,sampled
A5-03,Section 3,3,-1.652005910873413,105.0,-1.652005910873413,solid,sampled
A5-03,Section 3,3,-1.7211921215057373,106.0,-1.7211921215057373,solid,sampled
A5-03,Section 3,3,-1.933581829071045,107.0,-1.933581829071045,solid,sampled
A5-03,Section 3,3,-3.0,108.0,-11.344192504882812,solid,water_floor
A5-03,Section 3,3,-3.0,109.0,-13.45583724975586,solid,water_floor
A5-03,Section 3,3,-3.0,110.0,-33.46121597290039,solid,water_floor
A5-03,Section 3,3,-3.0,111.0,-28.07623863220215,solid,water_floor
A5-03,Section 3,3,-3.0,112.0,-36.88036346435547,solid,water_floor
A5-03,Section 3,3,-3.0,113.0,-34.30091857910156,solid,water_floor
A5-03,Section 3,3,-3.0,114.0,-33.863487243652344,solid,water_floor
A5-03,Section 3,3,-3.0,115.0,-34.12913513183594,solid,water_floor
A5-03,Section 3,3,-3.0,116.0,-35.163665771484375,solid,water_floor
A5-03,Section 3,3,-3.0,117.0,-36.013179779052734,solid,water_floor
A5-03,Section 3,3,-3.0,118.0,-34.37759017944336,solid,water_floor
A5-03,Section 3,3,-3.0,119.0,-36.05509567260742,solid,water_floor
A5-03,Section 3,3,-3.0,120.0,-35.15705108642578,solid,water_floor
A5-03,Section 3,3,-3.0,121.0,-36.374847412109375,solid,water_floor
A5-03,Section 3,3,-3.0,122.0,-33.10061264038086,solid,water_floor
A5-03,Section 3,3,-3.0,123.0,-41.15424728393555,solid,water_floor
A5-03,Section 3,3,-3.0,124.0,-39.75084686279297,solid,water_floor
A5-03,Section 3,3,-3.0,125.0,-42.20478439331055,solid,water_floor
A5-03,Section 3,3,-3.0,126.0,-42.40714645385742,solid,water_floor
A5-03,Section 3,3,-3.0,127.0,-44.776588439941406,solid,water_floor
A5-03,Section 3,3,-3.0,128.0,-46.60625457763672,solid,water_floor
A5-03,Section 3,3,-3.0,129.0,-49.885833740234375,solid,water_floor
A5-03,Section 3,3,-3.0,130.0,-49.38029479980469,solid,water_floor
A5-03,Section 3,3,-3.0,131.0,-45.15800094604492,solid,water_floor
A5-03,Section 3,3,-3.0,132.0,-43.71387481689453,solid,water_floor
A5-03,Section 3,3,-3.0,133.0,-46.150657653808594,solid,water_floor
A5-03,Section 3,3,-3.0,134.0,-47.98719024658203,solid,water_floor
A5-03,Section 3,3,-3.0,135.0,-52.618350982666016,solid,water_floor
A5-03,Section 3,3,-3.0,136.0,-48.31629943847656,solid,water_floor
A5-03,Section 3,3,-3.0,137.0,-49.09423065185547,solid,water_floor
A5-03,Section 3,3,-3.0,138.0,-55.27293395996094,solid,water_floor
A5-03,Section 3,3,-3.0,139.0,-47.4725456237793,solid,water_floor
A5-03,Section 3,3,-3.0,140.0,-50.26690673828125,solid,water_floor
A5-03,Section 3,3,-3.0,141.0,-46.48853302001953,solid,water_floor
A5-03,Section 3,3,-3.0,142.0,-54.21708679199219,solid,water_floor
A5-03,Section 3,3,-3.0,143.0,-49.13135528564453,solid,water_floor
A5-03,Section 3,3,-3.0,144.0,-55.301815032958984,solid,water_floor
A5-03,Section 3,3,-3.0,145.0,-51.09430694580078,solid,water_floor
A5-03,Section 3,3,-3.0,146.0,-51.012367248535156,solid,water_floor
A5-03,Section 3,3,-3.0,147.0,-47.99245071411133,solid,water_floor
A5-03,Section 3,3,-3.0,148.0,-41.94609832763672,solid,water_floor
A5-03,Section 3,3,-3.0,149.0,-43.98149490356445,solid,water_floor
A5-03,Section 3,3,-3.0,150.0,-39.30485534667969,solid,water_floor
A5-03,Section 3,3,-3.0,151.0,-47.050148010253906,solid,water_floor
A5-03,Section 3,3,-3.0,152.0,-44.562625885009766,solid,water_floor
A5-03,Section 3,3,-3.0,153.0,-46.378379821777344,solid,water_floor
A5-03,Section 3,3,-3.0,154.0,-48.915069580078125,solid,water_floor
A5-03,Section 3,3,-3.0,155.0,-49.57150650024414,solid,water_floor
A5-03,Section 3,3,-3.0,156.0,-47.898223876953125,solid,water_floor
A5-03,Section 3,3,-3.0,157.0,-44.430118560791016,solid,water_floor
A5-03,Section 3,3,-3.0,158.0,-47.86719512939453,solid,water_floor
A5-03,Section 3,3,-3.0,159.0,-47.448577880859375,solid,water_floor
A5-03,Section 3,3,-3.0,160.0,-33.85814666748047,solid,water_floor
A5-03,Section 3,3,-3.0,161.0,-30.898578643798828,solid,water_floor
A5-03,Section 3,3,-3.0,162.0,-34.21736145019531,solid,water_floor
A5-03,Section 3,3,-3.0,163.0,-32.798805236816406,solid,water_floor
A5-03,Section 3,3,-3.0,164.0,-37.431983947753906,solid,water_floor
A5-03,Section 3,3,-3.0,165.0,-19.746551513671875,solid,water_floor
A5-03,Section 3,3,-3.0,166.0,-22.836030960083008,solid,water_floor
A5-03,Section 3,3,-3.0,167.0,-13.97507381439209,solid,water_floor
A5-03,Section 3,3,-3.0,168.0,-4.194561004638672,solid,water_floor
A5-03,Section 3,3,-2.2445831298828125,169.0,-2.2445831298828125,solid,sampled
A5-03,Section 3,3,-1.7474926710128784,170.0,-1.7474926710128784,solid,sampled
A5-03,Section 3,3,-1.5947389602661133,171.0,-1.5947389602661133,solid,sampled
A5-03,Section 3,3,-1.4666898250579834,172.0,-1.4666898250579834,solid,sampled
A5-03,Section 3,3,-1.3849363327026367,173.0,-1.3849363327026367,solid,sampled
A5-03,Section 3,3,-1.2700395584106445,174.0,-1.2700395584106445,solid,sampled
A5-03,Section 3,3,-1.1455272436141968,175.0,-1.1455272436141968,solid,sampled
A5-03,Section 3,3,-0.976794421672821,176.0,-0.976794421672821,solid,sampled
A5-03,Section 3,3,-0.8656200766563416,177.0,-0.8656200766563416,solid,sampled
A5-03,Section 3,3,-0.892798662185669,178.0,-0.892798662185669,solid,sampled
A5-03,Section 3,3,-0.8528956770896912,179.0,-0.8528956770896912,solid,sampled
A5-03,Section 3,3,-0.7965685725212097,180.0,-0.7965685725212097,solid,sampled
A5-03,Section 3,3,-0.7912980318069458,181.0,-0.7912980318069458,solid,sampled
A5-03,Section 3,3,-0.8491470813751221,182.0,-0.8491470813751221,solid,sampled
A5-03,Section 3,3,-0.8735446929931641,183.0,-0.8735446929931641,solid,sampled
A5-03,Section 3,3,-0.8473322987556458,184.0,-0.8473322987556458,solid,sampled
A5-03,Section 3,3,-0.7814200520515442,185.0,-0.7814200520515442,solid,sampled
A5-03,Section 3,3,-0.7593778371810913,186.0,-0.7593778371810913,solid,sampled
A5-03,Section 3,3,-0.7880475521087646,187.0,-0.7880475521087646,solid,sampled
A5-03,Section 3,3,-0.8336125612258911,188.0,-0.8336125612258911,solid,sampled
A5-03,Section 3,3,-0.8534196019172668,189.0,-0.8534196019172668,solid,sampled
A5-03,Section 3,3,-0.8074555397033691,190.0,-0.8074555397033691,solid,sampled
A5-03,Section 3,3,-0.7354459762573242,191.0,-0.7354459762573242,solid,sampled
A5-03,Section 3,3,-0.7905091047286987,192.0,-0.7905091047286987,solid,sampled
A5-03,Section 3,3,-0.8379577398300171,193.0,-0.8379577398300171,solid,sampled
A5-03,Section 3,3,-0.8655782341957092,194.0,-0.8655782341957092,solid,sampled
A5-03,Section 3,3,-0.8806436657905579,195.0,-0.8806436657905579,solid,sampled
A5-03,Section 3,3,-0.8438445329666138,196.0,-0.8438445329666138,solid,sampled
A5-03,Section 3,3,-0.8255144953727722,197.0,-0.8255144953727722,solid,sampled
A5-03,Section 3,3,-0.8142397403717041,198.0,-0.8142397403717041,solid,sampled
A5-03,Section 3,3,-0.777646541595459,199.0,-0.777646541595459,solid,sampled
A5-03,Section 3,3,-0.7469037771224976,200.0,-0.7469037771224976,solid,sampled
A5-03,Section 3,3,-0.8007694482803345,201.0,-0.8007694482803345,solid,sampled
A5-03,Section 3,3,-0.8452951908111572,202.0,-0.8452951908111572,solid,sampled
A5-03,Section 3,3,-0.8730645179748535,203.0,-0.8730645179748535,solid,sampled
A5-03,Section 3,3,-0.9067243337631226,204.0,-0.9067243337631226,solid,sampled
A5-03,Section 3,3,-0.9140216112136841,205.0,-0.9140216112136841,solid,sampled
A5-03,Section 3,3,-0.8442362546920776,206.0,-0.8442362546920776,solid,sampled
A5-03,Section 3,3,-0.7763989567756653,207.0,-0.7763989567756653,solid,sampled
A5-03,Section 3,3,-0.7792021036148071,208.0,-0.7792021036148071,solid,sampled
A5-03,Section 3,3,-0.8022850751876831,209.0,-0.8022850751876831,solid,sampled
A5-03,Section 3,3,-0.825829029083252,210.0,-0.825829029083252,solid,sampled
A5-03,Section 3,3,-0.8878464102745056,211.0,-0.8878464102745056,solid,sampled
A5-03,Section 3,3,-0.9208802580833435,212.0,-0.9208802580833435,solid,sampled
A5-03,Section 3,3,-0.9501281976699829,213.0,-0.9501281976699829,solid,sampled
A5-03,Section 3,3,-0.9628273844718933,214.0,-0.9628273844718933,solid,sampled
A5-03,Section 3,3,-0.8825242519378662,215.0,-0.8825242519378662,solid,sampled
A5-03,Section 3,3,-0.8671639561653137,216.0,-0.8671639561653137,solid,sampled
A5-03,Section 3,3,-0.9193161129951477,217.0,-0.9193161129951477,solid,sampled
A5-03,Section 3,3,-0.9544211030006409,218.0,-0.9544211030006409,solid,sampled
A5-03,Section 3,3,-0.971564531326294,219.0,-0.971564531326294,solid,sampled
A5-03,Section 3,3,-0.9738714098930359,220.0,-0.9738714098930359,solid,sampled
A5-03,Section 3,3,-0.9732213020324707,221.0,-0.9732213020324707,solid,sampled
A5-03,Section 3,3,-0.8916628360748291,222.0,-0.8916628360748291,solid,sampled
A5-03,Section 3,3,-0.7882733345031738,223.0,-0.7882733345031738,solid,sampled
A5-03,Section 3,3,-0.7312347888946533,224.0,-0.7312347888946533,solid,sampled
A5-03,Section 3,3,-0.6777694821357727,225.0,-0.6777694821357727,solid,sampled
A5-03,Section 3,3,-0.6829218864440918,226.0,-0.6829218864440918,solid,sampled
A5-03,Section 3,3,-0.7124298810958862,227.0,-0.7124298810958862,solid,sampled
A5-03,Section 3,3,-0.7560339570045471,228.0,-0.7560339570045471,solid,sampled
A5-03,Section 3,3,-0.7766690254211426,229.0,-0.7766690254211426,solid,sampled
A5-03,Section 3,3,-0.8105341792106628,230.0,-0.8105341792106628,solid,sampled
A5-03,Section 3,3,-0.8489157557487488,231.0,-0.8489157557487488,solid,sampled
A5-03,Section 3,3,-0.8460500836372375,232.0,-0.8460500836372375,solid,sampled
A5-03,Section 3,3,-0.86753910779953,233.0,-0.86753910779953,solid,sampled
A5-03,Section 3,3,-0.8885636925697327,234.0,-0.8885636925697327,solid,sampled
A5-03,Section 3,3,-0.8746765851974487,235.0,-0.8746765851974487,solid,sampled
A5-03,Section 3,3,-0.9058104753494263,236.0,-0.9058104753494263,solid,sampled
A5-03,Section 3,3,-0.9511922597885132,237.0,-0.9511922597885132,solid,sampled
A5-03,Section 3,3,-0.9869990348815918,238.0,-0.9869990348815918,solid,sampled
A5-03,Section 3,3,-1.067305326461792,239.0,-1.067305326461792,solid,sampled
A5-03,Section 3,3,-1.0147994756698608,240.0,-1.0147994756698608,solid,sampled
A5-03,Section 3,3,-0.8774672746658325,241.0,-0.8774672746658325,solid,sampled
A5-03,Section 3,3,-0.8653586506843567,242.0,-0.8653586506843567,solid,sampled
A5-03,Section 3,3,-0.8996138572692871,243.0,-0.8996138572692871,solid,sampled
A5-03,Section 3,3,-0.9740062952041626,244.0,-0.9740062952041626,solid,sampled
A5-03,Section 3,3,-1.0609887838363647,245.0,-1.0609887838363647,solid,sampled
A5-03,Section 3,3,-1.147489070892334,246.0,-1.147489070892334,solid,sampled
A5-03,Section 3,3,-1.147974967956543,247.0,-1.147974967956543,solid,sampled
A5-03,Section 3,3,-0.9546213150024414,248.0,-0.9546213150024414,solid,sampled
A5-03,Section 3,3,-0.8924657106399536,249.0,-0.8924657106399536,solid,sampled
A5-03,Section 3,3,-0.9082822203636169,250.0,-0.9082822203636169,solid,sampled
A5-03,Section 3,3,-0.9759429693222046,251.0,-0.9759429693222046,solid,sampled
A5-03,Section 3,3,-1.0605566501617432,252.0,-1.0605566501617432,solid,sampled
A5-03,Section 3,3,-1.1856858730316162,253.0,-1.1856858730316162,solid,sampled
A5-03,Section 3,3,-1.2929985523223877,254.0,-1.2929985523223877,solid,sampled
A5-03,Section 3,3,-1.3315186500549316,255.0,-1.3315186500549316,solid,sampled
A5-03,Section 3,3,-1.2330806255340576,256.0,-1.2330806255340576,solid,sampled
A5-03,Section 3,3,-1.0344398021697998,257.0,-1.0344398021697998,solid,sampled
A5-03,Section 3,3,-0.9652144312858582,258.0,-0.9652144312858582,solid,sampled
A5-03,Section 3,3,-0.9570030570030212,259.0,-0.9570030570030212,solid,sampled
A5-03,Section 3,3,-0.9678398370742798,260.0,-0.9678398370742798,solid,sampled
A5-03,Section 3,3,-1.0271360874176025,261.0,-1.0271360874176025,solid,sampled
A5-03,Section 3,3,-1.1069302558898926,262.0,-1.1069302558898926,solid,sampled
A5-03,Section 3,3,-1.2228214740753174,263.0,-1.2228214740753174,solid,sampled
A5-03,Section 3,3,-1.3314290046691895,264.0,-1.3314290046691895,solid,sampled
A5-03,Section 3,3,-1.3820409774780273,265.0,-1.3820409774780273,solid,sampled
A5-03,Section 3,3,-1.399709939956665,266.0,-1.399709939956665,solid,sampled
A5-03,Section 3,3,-1.450241208076477,267.0,-1.450241208076477,solid,sampled
A5-03,Section 3,3,-1.5155830383300781,268.0,-1.5155830383300781,solid,sampled
A5-03,Section 3,3,-1.533699870109558,269.0,-1.533699870109558,solid,sampled
A5-03,Section 3,3,-1.557990312576294,270.0,-1.557990312576294,solid,sampled
A5-03,Section 3,3,-1.4919097423553467,271.0,-1.4919097423553467,solid,sampled
A5-03,Section 3,3,-1.4031431674957275,272.0,-1.4031431674957275,solid,sampled
A5-03,Section 3,3,-1.4280530214309692,273.0,-1.4280530214309692,solid,sampled
A5-03,Section 3,3,-1.5393128395080566,274.0,-1.5393128395080566,solid,sampled
A5-03,Section 3,3,-1.5923091173171997,275.0,-1.5923091173171997,solid,sampled
A5-03,Section 3,3,-1.6019775867462158,276.0,-1.6019775867462158,solid,sampled
A5-03,Section 3,3,-1.5851006507873535,277.0,-1.5851006507873535,solid,sampled
A5-03,Section 3,3,-1.3809270858764648,278.0,-1.3809270858764648,solid,sampled
A5-03,Section 3,3,-1.3344604969024658,279.0,-1.3344604969024658,solid,sampled
A5-03,Section 3,3,-1.1922378540039062,280.0,-1.1922378540039062,solid,sampled
A5-03,Section 3,3,-1.1128227710723877,281.0,-1.1128227710723877,solid,sampled
A5-03,Section 3,3,-1.0799992084503174,282.0,-1.0799992084503174,solid,sampled
A5-03,Section 3,3,-1.0888891220092773,283.0,-1.0888891220092773,solid,sampled
A5-03,Section 3,3,-1.1449675559997559,284.0,-1.1449675559997559,solid,sampled
A5-03,Section 3,3,-1.251207947731018,285.0,-1.251207947731018,solid,sampled
A5-03,Section 3,3,-1.352076768875122,286.0,-1.352076768875122,solid,sampled
A5-03,Section 3,3,-1.4278485774993896,287.0,-1.4278485774993896,solid,sampled
A5-03,Section 3,3,-1.4737051725387573,288.0,-1.4737051725387573,solid,sampled
A5-03,Section 3,3,-1.4238873720169067,289.0,-1.4238873720169067,solid,sampled
A5-03,Section 3,3,-1.3325062990188599,290.0,-1.3325062990188599,solid,sampled
A5-03,Section 3,3,-1.369630217552185,291.0,-1.369630217552185,solid,sampled
A5-03,Section 3,3,-1.3375630378723145,292.0,-1.3375630378723145,solid,sampled
A5-03,Section 3,3,-1.3804466724395752,293.0,-1.3804466724395752,solid,sampled
A5-03,Section 3,3,-1.4267222881317139,294.0,-1.4267222881317139,solid,sampled
A5-03,Section 3,3,-1.4258065223693848,295.0,-1.4258065223693848,solid,sampled
A5-03,Section 3,3,-1.4004490375518799,296.0,-1.4004490375518799,solid,sampled
A5-03,Section 3,3,-1.4513003826141357,297.0,-1.4513003826141357,solid,sampled
A5-03,Section 3,3,-1.44901704788208,298.0,-1.44901704788208,solid,sampled
A5-03,Section 3,3,-1.4386496543884277,299.0,-1.4386496543884277,solid,sampled
A5-03,Section 3,3,-1.469604253768921,300.0,-1.469604253768921,solid,sampled
A5-03,Section 3,3,-1.4232125282287598,301.0,-1.4232125282287598,solid,sampled
A5-03,Section 3,3,-1.3771305084228516,302.0,-1.3771305084228516,solid,sampled
A5-03,Section 3,3,-1.3419981002807617,303.0,-1.3419981002807617,solid,sampled
A5-03,Section 3,3,-1.2994883060455322,304.0,-1.2994883060455322,solid,sampled
A5-03,Section 3,3,-1.2972021102905273,305.0,-1.2972021102905273,solid,sampled
A5-03,Section 3,3,-1.3058013916015625,306.0,-1.3058013916015625,solid,sampled
A5-03,Section 3,3,-1.3069732189178467,307.0,-1.3069732189178467,solid,sampled
A5-03,Section 3,3,-1.328269124031067,308.0,-1.328269124031067,solid,sampled
A5-03,Section 3,3,-1.3507094383239746,309.0,-1.3507094383239746,solid,sampled
A5-03,Section 3,3,-1.3670417070388794,310.0,-1.3670417070388794,solid,sampled
A5-03,Section 3,3,-1.3839149475097656,311.0,-1.3839149475097656,solid,sampled
A5-03,Section 3,3,-1.342423439025879,312.0,-1.342423439025879,solid,sampled
A5-03,Section 3,3,-1.3678624629974365,313.0,-1.3678624629974365,solid,sampled
A5-03,Section 3,3,-1.4429113864898682,314.0,-1.4429113864898682,solid,sampled
A5-03,Section 3,3,-1.559885025024414,315.0,-1.559885025024414,solid,sampled
A5-03,Section 3,3,-1.689546823501587,316.0,-1.689546823501587,solid,sampled
A5-03,Section 3,3,-1.8020848035812378,317.0,-1.8020848035812378,solid,sampled
A5-03,Section 3,3,-1.9587070941925049,318.0,-1.9587070941925049,solid,sampled
A5-03,Section 3,3,-1.9335521459579468,319.0,-1.9335521459579468,solid,sampled
A5-03,Section 3,3,-1.9298261404037476,320.0,-1.9298261404037476,solid,sampled
A5-03,Section 3,3,-1.591484785079956,321.0,-1.591484785079956,solid,sampled
A5-03,Section 3,3,-1.246002435684204,322.0,-1.246002435684204,solid,sampled
A5-03,Section 3,3,-1.162109136581421,323.0,-1.162109136581421,solid,sampled
A5-03,Section 3,3,-1.1524180173873901,324.0,-1.1524180173873901,solid,sampled
A5-03,Section 3,3,-1.1512091159820557,325.0,-1.1512091159820557,solid,sampled
A5-03,Section 3,3,-1.1855958700180054,326.0,-1.1855958700180054,solid,sampled
A5-03,Section 3,3,-1.2355766296386719,327.0,-1.2355766296386719,solid,sampled
A5-03,Section 3,3,-1.3309694528579712,328.0,-1.3309694528579712,solid,sampled
A5-03,Section 3,3,-1.3948428630828857,329.0,-1.3948428630828857,solid,sampled
A5-03,Section 3,3,-1.4712127447128296,330.0,-1.4712127447128296,solid,sampled
A5-03,Section 3,3,-1.5825560092926025,331.0,-1.5825560092926025,solid,sampled
A5-03,Section 3,3,-1.371476173400879,332.0,-1.371476173400879,solid,sampled
A5-03,Section 3,3,-1.2504924535751343,333.0,-1.2504924535751343,solid,sampled
A5-03,Section 3,3,-1.2094534635543823,334.0,-1.2094534635543823,solid,sampled
A5-03,Section 3,3,-1.209281086921692,335.0,-1.209281086921692,solid,sampled
A5-03,Section 3,3,-1.2250269651412964,336.0,-1.2250269651412964,solid,sampled
A5-03,Section 3,3,-1.2280614376068115,337.0,-1.2280614376068115,solid,sampled
A5-03,Section 3,3,-1.2665727138519287,338.0,-1.2665727138519287,solid,sampled
A5-03,Section 3,3,-1.3069355487823486,339.0,-1.3069355487823486,solid,sampled
A5-03,Section 3,3,-1.3221797943115234,340.0,-1.3221797943115234,solid,sampled
A5-03,Section 3,3,-1.3631337881088257,341.0,-1.3631337881088257,solid,sampled
A5-03,Section 3,3,-1.3937900066375732,342.0,-1.3937900066375732,solid,sampled
A5-03,Section 3,3,-1.3900748491287231,343.0,-1.3900748491287231,solid,sampled
A5-03,Section 3,3,-1.4037894010543823,344.0,-1.4037894010543823,solid,sampled
A5-03,Section 3,3,-1.3764392137527466,345.0,-1.3764392137527466,solid,sampled
A5-03,Section 3,3,-1.3935216665267944,346.0,-1.3935216665267944,solid,sampled
A5-03,Section 3,3,-1.3906515836715698,347.0,-1.3906515836715698,solid,sampled
A5-03,Section 3,3,-1.4076366424560547,348.0,-1.4076366424560547,solid,sampled
A5-03,Section 3,3,-1.4193311929702759,349.0,-1.4193311929702759,solid,sampled
A5-03,Section 3,3,-1.3747353553771973,350.0,-1.3747353553771973,solid,sampled
A5-03,Section 3,3,-1.3534327745437622,351.0,-1.3534327745437622,solid,sampled
A5-03,Section 3,3,-1.351975440979004,352.0,-1.351975440979004,solid,sampled
A5-03,Section 3,3,-1.3383054733276367,353.0,-1.3383054733276367,solid,sampled
A5-03,Section 3,3,-1.3548165559768677,354.0,-1.3548165559768677,solid,sampled
A5-03,Section 3,3,-1.3583259582519531,355.0,-1.3583259582519531,solid,sampled
A5-03,Section 3,3,-1.3518290519714355,356.0,-1.3518290519714355,solid,sampled
A5-03,Section 3,3,-1.3395872116088867,357.0,-1.3395872116088867,solid,sampled
A5-03,Section 3,3,-1.350725769996643,358.0,-1.350725769996643,solid,sampled
A5-03,Section 3,3,-1.3297475576400757,359.0,-1.3297475576400757,solid,sampled
A5-03,Section 3,3,-1.307084321975708,360.0,-1.307084321975708,solid,sampled
A5-03,Section 3,3,-1.302074909210205,361.0,-1.302074909210205,solid,sampled
A5-03,Section 3,3,-1.2809069156646729,362.0,-1.2809069156646729,solid,sampled
A5-03,Section 3,3,-1.2916772365570068,363.0,-1.2916772365570068,solid,sampled
A5-03,Section 3,3,-1.302034616470337,364.0,-1.302034616470337,solid,sampled
A5-03,Section 3,3,-1.3078486919403076,365.0,-1.3078486919403076,solid,sampled
A5-03,Section 3,3,-1.3251416683197021,366.0,-1.3251416683197021,solid,sampled
A5-03,Section 3,3,-1.3123979568481445,367.0,-1.3123979568481445,solid,sampled
A5-03,Section 3,3,-1.3083574771881104,368.0,-1.3083574771881104,solid,sampled
A5-03,Section 3,3,-1.3216525316238403,369.0,-1.3216525316238403,solid,sampled
A5-03,Section 3,3,-1.312793493270874,370.0,-1.312793493270874,solid,sampled
A5-03,Section 3,3,-1.2870455980300903,371.0,-1.2870455980300903,solid,sampled
A5-03,Section 3,3,-1.2438172101974487,372.0,-1.2438172101974487,solid,sampled
A5-03,Section 3,3,-1.2194552421569824,373.0,-1.2194552421569824,solid,sampled
A5-03,Section 3,3,-1.190985918045044,374.0,-1.190985918045044,solid,sampled
A5-03,Section 3,3,-1.1830627918243408,375.0,-1.1830627918243408,solid,sampled
A5-03,Section 3,3,-1.19694983959198,376.0,-1.19694983959198,solid,sampled
A5-03,Section 3,3,-1.195803165435791,377.0,-1.195803165435791,solid,sampled
A5-03,Section 3,3,-1.210866928100586,378.0,-1.210866928100586,solid,sampled
A5-03,Section 3,3,-1.2009625434875488,379.0,-1.2009625434875488,solid,sampled
A5-03,Section 3,3,-1.2118456363677979,380.0,-1.2118456363677979,solid,sampled
A5-03,Section 3,3,-1.2212610244750977,381.0,-1.2212610244750977,solid,sampled
A5-03,Section 3,3,-1.2180956602096558,382.0,-1.2180956602096558,solid,sampled
A5-03,Section 3,3,-1.2225756645202637,383.0,-1.2225756645202637,solid,sampled
A5-03,Section 3,3,-1.2359795570373535,384.0,-1.2359795570373535,solid,sampled
A5-03,Section 3,3,-1.2423439025878906,385.0,-1.2423439025878906,solid,sampled
A5-03,Section 3,3,-1.229263424873352,386.0,-1.229263424873352,solid,sampled
A5-03,Section 3,3,-1.2440509796142578,387.0,-1.2440509796142578,solid,sampled
A5-03,Section 3,3,-1.243468999862671,388.0,-1.243468999862671,solid,sampled
A5-03,Section 3,3,-1.2522625923156738,389.0,-1.2522625923156738,solid,sampled
A5-03,Section 3,3,-1.262641429901123,390.0,-1.262641429901123,solid,sampled
A5-03,Section 3,3,-1.2606360912322998,391.0,-1.2606360912322998,solid,sampled
A5-03,Section 3,3,-1.2651785612106323,392.0,-1.2651785612106323,solid,sampled
A5-03,Section 3,3,-1.2824947834014893,393.0,-1.2824947834014893,solid,sampled
A5-03,Section 3,3,-1.3023792505264282,394.0,-1.3023792505264282,solid,sampled
A5-03,Section 3,3,-1.28533136844635,395.0,-1.28533136844635,solid,sampled
A5-03,Section 3,3,-1.2923860549926758,396.0,-1.2923860549926758,solid,sampled
A5-03,Section 3,3,-1.2829372882843018,397.0,-1.2829372882843018,solid,sampled
A5-03,Section 3,3,-1.29456627368927,398.0,-1.29456627368927,solid,sampled
A5-03,Section 3,3,-1.3147425651550293,399.0,-1.3147425651550293,solid,sampled
A5-03,Section 3,3,-1.3063156604766846,400.0,-1.3063156604766846,solid,sampled
A5-03,Section 3,3,-1.2984178066253662,401.0,-1.2984178066253662,solid,sampled
A5-03,Section 3,3,-1.312699317932129,402.0,-1.312699317932129,solid,sampled
A5-03,Section 3,3,-1.3100544214248657,403.0,-1.3100544214248657,solid,sampled
A5-03,Section 3,3,-1.334351897239685,404.0,-1.334351897239685,solid,sampled
A5-03,Section 3,3,-1.325993299484253,405.0,-1.325993299484253,solid,sampled
A5-03,Section 3,3,-1.320798635482788,406.0,-1.320798635482788,solid,sampled
A5-03,Section 3,3,-1.3327789306640625,407.0,-1.3327789306640625,solid,sampled
A5-03,Section 3,3,-1.3420408964157104,408.0,-1.3420408964157104,solid,sampled
A5-03,Section 3,3,-1.312905192375183,409.0,-1.312905192375183,solid,sampled
A5-03,Section 3,3,-1.3134710788726807,410.0,-1.3134710788726807,solid,sampled
A5-03,Section 3,3,-1.3081984519958496,411.0,-1.3081984519958496,solid,sampled
A5-03,Section 3,3,-1.299117922782898,412.0,-1.299117922782898,solid,sampled
A5-03,Section 3,3,-1.2950773239135742,413.0,-1.2950773239135742,solid,sampled
A5-03,Section 3,3,-1.3022208213806152,414.0,-1.3022208213806152,solid,sampled
A5-03,Section 3,3,-1.2899430990219116,415.0,-1.2899430990219116,solid,sampled
A5-03,Section 3,3,-1.3092422485351562,416.0,-1.3092422485351562,solid,sampled
A5-03,Section 3,3,-1.2957468032836914,417.0,-1.2957468032836914,solid,sampled
A5-03,Section 3,3,-1.289486050605774,418.0,-1.289486050605774,solid,sampled
A5-03,Section 3,3,-1.2980718612670898,419.0,-1.2980718612670898,solid,sampled
A5-03,Section 3,3,-1.2944461107254028,420.0,-1.2944461107254028,solid,sampled
A5-03,Section 3,3,-1.2924163341522217,421.0,-1.2924163341522217,solid,sampled
A5-03,Section 3,3,-1.2951109409332275,422.0,-1.2951109409332275,solid,sampled
A5-03,Section 3,3,-1.298034429550171,423.0,-1.298034429550171,solid,sampled
A5-03,Section 3,3,-1.2838249206542969,424.0,-1.2838249206542969,solid,sampled
A5-03,Section 3,3,-1.2882344722747803,425.0,-1.2882344722747803,solid,sampled
A5-03,Section 3,3,-1.2754216194152832,426.0,-1.2754216194152832,solid,sampled
A5-03,Section 3,3,-1.289492130279541,427.0,-1.289492130279541,solid,sampled
A5-03,Section 3,3,-1.2852997779846191,428.0,-1.2852997779846191,solid,sampled
A5-03,Section 3,3,-1.2931017875671387,429.0,-1.2931017875671387,solid,sampled
A5-03,Section 3,3,-1.2939019203186035,430.0,-1.2939019203186035,solid,sampled
A5-03,Section 3,3,-1.2900390625,431.0,-1.2900390625,solid,sampled
A5-03,Section 3,3,-1.2942694425582886,432.0,-1.2942694425582886,solid,sampled
A5-03,Section 3,3,-1.3006360530853271,433.0,-1.3006360530853271,solid,sampled
A5-03,Section 3,3,-1.3094570636749268,434.0,-1.3094570636749268,solid,sampled
A5-03,Section 3,3,-1.3042486906051636,435.0,-1.3042486906051636,solid,sampled
A5-03,Section 3,3,-1.3090473413467407,436.0,-1.3090473413467407,solid,sampled
A5-03,Section 3,3,-1.3048354387283325,437.0,-1.3048354387283325,solid,sampled
A5-03,Section 3,3,-1.3034061193466187,438.0,-1.3034061193466187,solid,sampled
A5-03,Section 3,3,-1.3147845268249512,439.0,-1.3147845268249512,solid,sampled
A5-03,Section 3,3,-1.3057881593704224,440.0,-1.3057881593704224,solid,sampled
A5-03,Section 3,3,-1.311776876449585,441.0,-1.311776876449585,solid,sampled
A5-03,Section 3,3,-1.3018405437469482,442.0,-1.3018405437469482,solid,sampled
A5-03,Section 3,3,-1.3037941455841064,443.0,-1.3037941455841064,solid,sampled
A5-03,Section 3,3,-1.3093029260635376,444.0,-1.3093029260635376,solid,sampled
A5-03,Section 3,3,-1.3125219345092773,445.0,-1.3125219345092773,solid,sampled
A5-03,Section 3,3,-1.3168652057647705,446.0,-1.3168652057647705,solid,sampled
A5-03,Section 3,3,-1.3247623443603516,447.0,-1.3247623443603516,solid,sampled
A5-03,Section 3,3,-1.3265094757080078,448.0,-1.3265094757080078,solid,sampled
A5-03,Section 3,3,-1.3205074071884155,449.0,-1.3205074071884155,solid,sampled
A5-03,Section 3,3,-1.3139958381652832,450.0,-1.3139958381652832,solid,sampled
A5-03,Section 3,3,-1.3308861255645752,451.0,-1.3308861255645752,solid,sampled
A5-03,Section 3,3,-1.3356376886367798,452.0,-1.3356376886367798,solid,sampled
A5-03,Section 3,3,-1.337910532951355,453.0,-1.337910532951355,solid,sampled
A5-03,Section 3,3,-1.3449100255966187,454.0,-1.3449100255966187,solid,sampled
A5-03,Section 3,3,-1.3551017045974731,455.0,-1.3551017045974731,solid,sampled
A5-03,Section 3,3,-1.3673443794250488,456.0,-1.3673443794250488,solid,sampled
A5-03,Section 3,3,-1.3740805387496948,457.0,-1.3740805387496948,solid,sampled
A5-03,Section 3,3,-1.390995979309082,458.0,-1.390995979309082,solid,sampled
A5-03,Section 3,3,-1.3902814388275146,459.0,-1.3902814388275146,solid,sampled
A5-03,Section 3,3,-1.3850200176239014,460.0,-1.3850200176239014,solid,sampled
A5-03,Section 3,3,-1.3865635395050049,461.0,-1.3865635395050049,solid,sampled
A5-03,Section 3,3,-1.4042361974716187,462.0,-1.4042361974716187,solid,sampled
A5-03,Section 3,3,-1.395230770111084,463.0,-1.395230770111084,solid,sampled
A5-03,Section 3,3,-1.389439582824707,464.0,-1.389439582824707,solid,sampled
A5-03,Section 3,3,-1.4058316946029663,465.0,-1.4058316946029663,solid,sampled
A5-03,Section 3,3,-1.4157480001449585,466.0,-1.4157480001449585,solid,sampled
A5-03,Section 3,3,-1.4499914646148682,467.0,-1.4499914646148682,solid,sampled
A5-03,Section 3,3,-1.4120069742202759,468.0,-1.4120069742202759,solid,sampled
A5-03,Section 3,3,-1.3728171586990356,469.0,-1.3728171586990356,solid,sampled
A5-03,Section 3,3,-1.3678982257843018,470.0,-1.3678982257843018,solid,sampled
A5-03,Section 3,3,-1.3801546096801758,471.0,-1.3801546096801758,solid,sampled
A5-03,Section 3,3,-1.3834755420684814,472.0,-1.3834755420684814,solid,sampled
A5-03,Section 3,3,-1.3887672424316406,473.0,-1.3887672424316406,solid,sampled
A5-03,Section 3,3,-1.396583080291748,474.0,-1.396583080291748,solid,sampled
A5-03,Section 3,3,-1.400335431098938,475.0,-1.400335431098938,solid,sampled
A5-03,Section 3,3,-1.4234280586242676,476.0,-1.4234280586242676,solid,sampled
A5-03,Section 3,3,-1.427567481994629,477.0,-1.427567481994629,solid,sampled
A5-03,Section 3,3,-1.425119400024414,478.0,-1.425119400024414,solid,sampled
A5-03,Section 3,3,-1.4382095336914062,479.0,-1.4382095336914062,solid,sampled
A5-03,Section 3,3,-1.4295241832733154,480.0,-1.4295241832733154,solid,sampled
A5-03,Section 3,3,-1.4420467615127563,481.0,-1.4420467615127563,solid,sampled
A5-03,Section 3,3,-1.4360147714614868,482.0,-1.4360147714614868,solid,sampled
A5-03,Section 3,3,-1.4348671436309814,483.0,-1.4348671436309814,solid,sampled
A5-03,Section 3,3,-1.4215651750564575,484.0,-1.4215651750564575,solid,sampled
A5-03,Section 3,3,-1.4201581478118896,485.0,-1.4201581478118896,solid,sampled
A5-03,Section 3,3,-1.4212758541107178,486.0,-1.4212758541107178,solid,sampled
A5-03,Section 3,3,-1.416879653930664,487.0,-1.416879653930664,solid,sampled
A5-03,Section 3,3,-1.4134087562561035,488.0,-1.4134087562561035,solid,sampled
A5-03,Section 3,3,-1.4035247564315796,489.0,-1.4035247564315796,solid,sampled
A5-03,Section 3,3,-1.4006547927856445,490.0,-1.4006547927856445,solid,sampled
A5-03,Section 3,3,-1.3911402225494385,491.0,-1.3911402225494385,solid,sampled
A5-03,Section 3,3,-1.3780032396316528,492.0,-1.3780032396316528,solid,sampled
A5-03,Section 3,3,-1.3715358972549438,493.0,-1.3715358972549438,solid,sampled
A5-03,Section 3,3,-1.3787117004394531,494.0,-1.3787117004394531,solid,sampled
A5-03,Section 3,3,-1.3709774017333984,495.0,-1.3709774017333984,solid,sampled
A5-03,Section 3,3,-1.3664708137512207,496.0,-1.3664708137512207,solid,sampled
A5-03,Section 3,3,-1.3577651977539062,497.0,-1.3577651977539062,solid,sampled
A5-03,Section 3,3,-1.3635709285736084,498.0,-1.3635709285736084,solid,sampled
A5-03,Section 3,3,-1.36260187625885,499.0,-1.36260187625885,solid,sampled
A5-03,Section 3,3,-1.3601239919662476,500.0,-1.3601239919662476,solid,sampled
A5-03,Section 3,3,-1.373047947883606,501.0,-1.373047947883606,solid,sampled
A5-03,Section 3,3,-1.3641637563705444,502.0,-1.3641637563705444,solid,sampled
A5-03,Section 3,3,-1.3577885627746582,503.0,-1.3577885627746582,solid,sampled
A5-03,Section 3,3,-1.3574199676513672,504.0,-1.3574199676513672,solid,sampled
A5-03,Section 3,3,-1.3529400825500488,505.0,-1.3529400825500488,solid,sampled
A5-03,Section 3,3,-1.349043846130371,506.0,-1.349043846130371,solid,sampled
A5-03,Section 3,3,-1.352876901626587,507.0,-1.352876901626587,solid,sampled
A5-03,Section 3,3,-1.3611220121383667,508.0,-1.3611220121383667,solid,sampled
A5-03,Section 3,3,-1.34981369972229,509.0,-1.34981369972229,solid,sampled
A5-03,Section 3,3,-1.3563181161880493,510.0,-1.3563181161880493,solid,sampled
A5-03,Section 3,3,-1.355057716369629,511.0,-1.355057716369629,solid,sampled
A5-03,Section 3,3,-1.3605461120605469,512.0,-1.3605461120605469,solid,sampled
A5-03,Section 3,3,-1.3628225326538086,513.0,-1.3628225326538086,solid,sampled
A5-03,Section 3,3,-1.3671879768371582,514.0,-1.3671879768371582,solid,sampled
A5-03,Section 3,3,-1.372344732284546,515.0,-1.372344732284546,solid,sampled
A5-03,Section 3,3,-1.3736989498138428,516.0,-1.3736989498138428,solid,sampled
A5-03,Section 3,3,-1.3844058513641357,517.0,-1.3844058513641357,solid,sampled
A5-03,Section 3,3,-1.395582914352417,518.0,-1.395582914352417,solid,sampled
A5-03,Section 3,3,-1.4068500995635986,519.0,-1.4068500995635986,solid,sampled
A5-03,Section 3,3,-1.4157919883728027,520.0,-1.4157919883728027,solid,sampled
A5-03,Section 3,3,-1.4296693801879883,521.0,-1.4296693801879883,solid,sampled
A5-03,Section 3,3,-1.43529212474823,522.0,-1.43529212474823,solid,sampled
A5-03,Section 3,3,-1.452410340309143,523.0,-1.452410340309143,solid,sampled
A5-03,Section 3,3,-1.460846185684204,524.0,-1.460846185684204,solid,sampled
A5-03,Section 3,3,-1.4620616436004639,525.0,-1.4620616436004639,solid,sampled
A5-03,Section 3,3,-1.470286250114441,526.0,-1.470286250114441,solid,sampled
A5-03,Section 3,3,-1.4503166675567627,527.0,-1.4503166675567627,solid,sampled
A5-03,Section 3,3,-1.4706441164016724,528.0,-1.4706441164016724,solid,sampled
A5-03,Section 3,3,-1.4591929912567139,529.0,-1.4591929912567139,solid,sampled
A5-03,Section 3,3,-1.4685852527618408,530.0,-1.4685852527618408,solid,sampled
A5-03,Section 3,3,-1.4678701162338257,531.0,-1.4678701162338257,solid,sampled
A5-03,Section 3,3,-1.4726067781448364,532.0,-1.4726067781448364,solid,sampled
A5-03,Section 3,3,-1.4774764776229858,533.0,-1.4774764776229858,solid,sampled
A5-03,Section 3,3,-1.4801790714263916,534.0,-1.4801790714263916,solid,sampled
A5-03,Section 3,3,-1.4751781225204468,535.0,-1.4751781225204468,solid,sampled
A5-03,Section 3,3,-1.4817219972610474,536.0,-1.4817219972610474,solid,sampled
A5-03,Section 3,3,-1.469881534576416,537.0,-1.469881534576416,solid,sampled
A5-03,Section 3,3,-1.4700108766555786,538.0,-1.4700108766555786,solid,sampled
A5-03,Section 3,3,-1.4916945695877075,539.0,-1.4916945695877075,solid,sampled
A5-03,Section 3,3,-1.5141494274139404,540.0,-1.5141494274139404,solid,sampled
A5-03,Section 3,3,-1.4989235401153564,541.0,-1.4989235401153564,solid,sampled
A5-03,Section 3,3,-1.5131535530090332,542.0,-1.5131535530090332,solid,sampled
A5-03,Section 3,3,-1.5181385278701782,543.0,-1.5181385278701782,solid,sampled
A5-03,Section 3,3,-1.5232601165771484,544.0,-1.5232601165771484,solid,sampled
A5-03,Section 3,3,-1.5447498559951782,545.0,-1.5447498559951782,solid,sampled
A5-03,Section 3,3,-1.5791202783584595,546.0,-1.5791202783584595,solid,sampled
A5-03,Section 3,3,-1.560149908065796,547.0,-1.560149908065796,solid,sampled
A5-03,Section 3,3,-1.5800790786743164,548.0,-1.5800790786743164,solid,sampled
A5-03,Section 3,3,-1.5965988636016846,549.0,-1.5965988636016846,solid,sampled
A5-03,Section 3,3,-1.6205620765686035,550.0,-1.6205620765686035,solid,sampled
A5-03,Section 3,3,-1.6426266431808472,551.0,-1.6426266431808472,solid,sampled
A5-03,Section 3,3,-1.6909862756729126,552.0,-1.6909862756729126,solid,sampled
A5-03,Section 3,3,-1.6841788291931152,553.0,-1.6841788291931152,solid,sampled
A5-03,Section 3,3,-1.677540898323059,554.0,-1.677540898323059,solid,sampled
A5-03,Section 3,3,-1.6717485189437866,555.0,-1.6717485189437866,solid,sampled
A5-03,Section 3,3,-1.8519558906555176,556.0,-1.8519558906555176,solid,sampled
A5-03,Section 3,3,-1.842535138130188,557.0,-1.842535138130188,solid,sampled
A5-03,Section 3,3,-1.8377759456634521,558.0,-1.8377759456634521,solid,sampled
A5-03,Section 3,3,-1.884429693222046,559.0,-1.884429693222046,solid,sampled
A5-03,Section 3,3,-1.9755823612213135,560.0,-1.9755823612213135,solid,sampled
A5-03,Section 3,3,-1.8604586124420166,561.0,-1.8604586124420166,solid,sampled
A5-03,Section 3,3,-1.7949984073638916,562.0,-1.7949984073638916,solid,sampled
A5-03,Section 3,3,-1.788291335105896,563.0,-1.788291335105896,solid,sampled
A5-03,Section 3,3,-1.7811799049377441,564.0,-1.7811799049377441,solid,sampled
A5-03,Section 3,3,-1.734593152999878,565.0,-1.734593152999878,solid,sampled
A5-03,Section 3,3,-1.770590901374817,566.0,-1.770590901374817,solid,sampled
A5-03,Section 3,3,-1.6994524002075195,567.0,-1.6994524002075195,solid,sampled
A5-03,Section 3,3,-1.6695729494094849,568.0,-1.6695729494094849,solid,sampled
A5-03,Section 3,3,-1.6428455114364624,569.0,-1.6428455114364624,solid,sampled
A5-03,Section 3,3,-1.6265027523040771,570.0,-1.6265027523040771,solid,sampled
A5-03,Section 3,3,-1.6201848983764648,571.0,-1.6201848983764648,solid,sampled
A5-03,Section 3,3,-1.6134307384490967,572.0,-1.6134307384490967,solid,sampled
A5-03,Section 3,3,-1.6011807918548584,573.0,-1.6011807918548584,solid,sampled
A5-03,Section 3,3,-1.6160838603973389,574.0,-1.6160838603973389,solid,sampled
A5-03,Section 3,3,-1.6218702793121338,575.0,-1.6218702793121338,solid,sampled
A5-03,Section 3,3,-1.593271255493164,576.0,-1.593271255493164,solid,sampled
A5-03,Section 3,3,-1.5851330757141113,577.0,-1.5851330757141113,solid,sampled
A5-03,Section 3,3,-1.5745712518692017,578.0,-1.5745712518692017,solid,sampled
A5-03,Section 3,3,-1.5615849494934082,579.0,-1.5615849494934082,solid,sampled
A5-03,Section 3,3,-1.4999582767486572,580.0,-1.4999582767486572,solid,sampled
A5-03,Section 3,3,-1.4659172296524048,581.0,-1.4659172296524048,solid,sampled
A5-03,Section 3,3,-1.4441709518432617,582.0,-1.4441709518432617,solid,sampled
A5-03,Section 3,3,-1.4417983293533325,583.0,-1.4417983293533325,solid,sampled
A5-03,Section 3,3,-1.4410901069641113,584.0,-1.4410901069641113,solid,sampled
A5-03,Section 3,3,-1.4319252967834473,585.0,-1.4319252967834473,solid,sampled
A5-03,Section 3,3,-1.4203925132751465,586.0,-1.4203925132751465,solid,sampled
A5-03,Section 3,3,-1.4170565605163574,587.0,-1.4170565605163574,solid,sampled
A5-03,Section 3,3,-1.4029970169067383,588.0,-1.4029970169067383,solid,sampled
A5-03,Section 3,3,-1.4042493104934692,589.0,-1.4042493104934692,solid,sampled
A5-03,Section 3,3,-1.4055562019348145,590.0,-1.4055562019348145,solid,sampled
A5-03,Section 3,3,-1.415881633758545,591.0,-1.415881633758545,solid,sampled
A5-03,Section 3,3,-1.4105732440948486,592.0,-1.4105732440948486,solid,sampled
A5-03,Section 3,3,-1.4089782238006592,593.0,-1.4089782238006592,solid,sampled
A5-03,Section 3,3,-1.4160220623016357,594.0,-1.4160220623016357,solid,sampled
A5-03,Section 3,3,-1.4180850982666016,595.0,-1.4180850982666016,solid,sampled
A5-03,Section 3,3,-1.4205251932144165,596.0,-1.4205251932144165,solid,sampled
A5-03,Section 3,3,-1.4376335144042969,597.0,-1.4376335144042969,solid,sampled
A5-03,Section 3,3,-1.4502545595169067,598.0,-1.4502545595169067,solid,sampled
A5-03,Section 3,3,-1.4759912490844727,599.0,-1.4759912490844727,solid,sampled
A5-03,Section 3,3,-1.493810772895813,600.0,-1.493810772895813,solid,sampled
A5-03,Section 3,3,-1.5108020305633545,601.0,-1.5108020305633545,solid,sampled
A5-03,Section 3,3,-1.530834674835205,602.0,-1.530834674835205,solid,sampled
A5-03,Section 3,3,-1.5328744649887085,603.0,-1.5328744649887085,solid,sampled
A5-03,Section 3,3,-1.5555680990219116,604.0,-1.5555680990219116,solid,sampled
A5-03,Section 3,3,-1.5629353523254395,605.0,-1.5629353523254395,solid,sampled
A5-03,Section 3,3,-1.5703814029693604,606.0,-1.5703814029693604,solid,sampled
A5-03,Section 3,3,-1.606675624847412,607.0,-1.606675624847412,solid,sampled
A5-03,Section 3,3,-1.6178035736083984,608.0,-1.6178035736083984,solid,sampled
A5-03,Section 3,3,-1.675365924835205,609.0,-1.675365924835205,solid,sampled
A5-03,Section 3,3,-1.6891822814941406,610.0,-1.6891822814941406,solid,sampled
A5-03,Section 3,3,-1.7064412832260132,611.0,-1.7064412832260132,solid,sampled
A5-03,Section 3,3,-1.853991985321045,612.0,-1.853991985321045,solid,sampled
A5-03,Section 3,3,-2.1706011295318604,613.0,-2.1706011295318604,solid,sampled
A5-03,Section 3,3,-2.1657662391662598,614.0,-2.1657662391662598,solid,sampled
A5-03,Section 3,3,-1.710277795791626,615.0,-1.710277795791626,solid,sampled
A5-03,Section 3,3,-2.2426066398620605,616.0,-2.2426066398620605,solid,sampled
A5-03,Section 3,3,-1.8435615301132202,617.0,-1.8435615301132202,solid,sampled
A5-03,Section 3,3,-1.9473093748092651,618.0,-1.9473093748092651,solid,sampled
A5-03,Section 3,3,-3.0,619.0,-8.649741172790527,solid,water_floor
A5-03,Section 3,3,-3.0,620.0,-3.804886817932129,solid,water_floor
A5-03,Section 3,3,-3.0,621.0,-11.910160064697266,solid,water_floor
A5-03,Section 3,3,-3.0,622.0,-12.467183113098145,solid,water_floor
A5-03,Section 3,3,-3.0,623.0,-13.600379943847656,solid,water_floor
A5-03,Section 3,3,-3.0,624.0,-15.095439910888672,solid,water_floor
A5-03,Section 3,3,-3.0,625.0,-18.071231842041016,solid,water_floor
A5-03,Section 3,3,-3.0,626.0,-15.65139389038086,solid,water_floor
A5-03,Section 3,3,-3.0,627.0,-18.440093994140625,solid,water_floor
A5-03,Section 3,3,-3.0,628.0,-17.2818546295166,solid,water_floor
A5-03,Section 3,3,-3.0,629.0,-21.478296279907227,solid,water_floor
A5-03,Section 3,3,-3.0,630.0,-20.474843978881836,solid,water_floor
A5-03,Section 3,3,-3.0,631.0,-22.414413452148438,solid,water_floor
A5-03,Section 3,3,-3.0,632.0,-27.852859497070312,solid,water_floor
A5-03,Section 3,3,-3.0,633.0,-22.632104873657227,solid,water_floor
A5-03,Section 3,3,-3.0,634.0,-32.120880126953125,solid,water_floor
A5-03,Section 3,3,-3.0,635.0,-32.152130126953125,solid,water_floor
A5-03,Section 3,3,-3.0,636.0,-34.289794921875,solid,water_floor
A5-03,Section 3,3,-3.0,637.0,-34.31753921508789,solid,water_floor
A5-03,Section 3,3,-3.0,638.0,-36.690914154052734,solid,water_floor
A5-03,Section 3,3,-3.0,639.0,-28.705047607421875,solid,water_floor
A5-03,Section 3,3,-3.0,640.0,-31.318098068237305,solid,water_floor
A5-03,Section 3,3,-3.0,641.0,-40.4256477355957,solid,water_floor
A5-03,Section 3,3,-3.0,642.0,-36.097129821777344,solid,water_floor
A5-03,Section 3,3,-3.0,643.0,-44.86051559448242,solid,water_floor
A5-03,Section 3,3,-3.0,644.0,-36.00782012939453,solid,water_floor
A5-03,Section 3,3,-3.0,645.0,-45.35568618774414,solid,water_floor
A5-03,Section 3,3,-3.0,646.0,-53.97476577758789,solid,water_floor
A5-03,Section 3,3,-3.0,647.0,-46.07209777832031,solid,water_floor
A5-03,Section 3,3,-3.0,648.0,-37.21693801879883,solid,water_floor
A5-03,Section 3,3,-3.0,649.0,-42.68210983276367,solid,water_floor
A5-03,Section 3,3,-3.0,650.0,-43.57225036621094,solid,water_floor
A5-03,Section 3,3,-3.0,651.0,-47.41037368774414,solid,water_floor
A5-03,Section 3,3,-3.0,652.0,-38.026023864746094,solid,water_floor
A5-03,Section 3,3,-3.0,653.0,-43.63249206542969,solid,water_floor
A5-03,Section 3,3,-3.0,654.0,-48.51213836669922,solid,water_floor
A5-03,Section 3,3,-3.0,655.0,-50.64543533325195,solid,water_floor
A5-03,Section 3,3,-3.0,656.0,-54.28169250488281,solid,water_floor
A5-03,Section 3,3,-3.0,657.0,-54.5418586730957,solid,water_floor
A5-03,Section 3,3,-3.0,658.0,-53.1880989074707,solid,water_floor
A5-03,Section 3,3,-3.0,659.0,-55.523780822753906,solid,water_floor
A5-03,Section 3,3,-3.0,660.0,-58.53336715698242,solid,water_floor
A5-03,Section 3,3,-3.0,661.0,-55.847373962402344,solid,water_floor
A5-03,Section 3,3,-3.0,662.0,-60.9071044921875,solid,water_floor
A5-03,Section 3,3,-3.0,663.0,-58.251216888427734,solid,water_floor
A5-03,Section 3,3,-3.0,664.0,-59.71751403808594,solid,water_floor
A5-03,Section 3,3,-3.0,665.0,-59.69647216796875,solid,water_floor
A5-03,Section 3,3,-3.0,666.0,-58.08796691894531,solid,water_floor
A5-03,Section 3,3,-3.0,667.0,-58.70029830932617,solid,water_floor
A5-03,Section 3,3,-3.0,668.0,-60.097469329833984,solid,water_floor
A5-03,Section 3,3,-3.0,669.0,-60.74057388305664,solid,water_floor
A5-03,Section 3,3,-3.0,670.0,-57.01629638671875,solid,water_floor
A5-03,Section 3,3,-3.0,671.0,-58.68085479736328,solid,water_floor
A5-03,Section 3,3,-3.0,672.0,-60.851531982421875,solid,water_floor
A5-03,Section 3,3,-3.0,673.0,-61.28767395019531,solid,water_floor
A5-03,Section 3,3,-3.0,674.0,-61.99619674682617,solid,water_floor
A5-03,Section 3,3,-3.0,675.0,-61.93031311035156,solid,water_floor
A5-03,Section 3,3,-3.0,676.0,-61.620399475097656,solid,water_floor
A5-03,Section 3,3,-3.0,677.0,-60.448177337646484,solid,water_floor
A5-03,Section 3,3,-3.0,678.0,-64.67521667480469,solid,water_floor
A5-03,Section 3,3,-3.0,679.0,-63.027099609375,solid,water_floor
A5-03,Section 3,3,-3.0,680.0,-56.5787467956543,solid,water_floor
A5-03,Section 3,3,-3.0,681.0,-62.826072692871094,solid,water_floor
A5-03,Section 3,3,-3.0,682.0,-57.598243713378906,solid,water_floor
A5-03,Section 3,3,-3.0,683.0,-57.19342041015625,solid,water_floor
A5-03,Section 3,3,-3.0,684.0,-58.83848571777344,solid,water_floor
A5-03,Section 3,3,-3.0,685.0,-58.921417236328125,solid,water_floor
A5-03,Section 3,3,-3.0,686.0,-60.51650619506836,solid,water_floor
A5-03,Section 3,3,-3.0,687.0,-57.61210250854492,solid,water_floor
A5-03,Section 3,3,-3.0,688.0,-57.45889663696289,solid,water_floor
A5-03,Section 3,3,-3.0,689.0,-57.397605895996094,solid,water_floor
A5-03,Section 3,3,-3.0,690.0,-57.48748779296875,solid,water_floor
A5-03,Section 3,3,-3.0,691.0,-55.3795166015625,solid,water_floor
A5-03,Section 3,3,-3.0,692.0,-56.52647399902344,solid,water_floor
A5-03,Section 3,3,-3.0,693.0,-54.771697998046875,solid,water_floor
A5-03,Section 3,3,-3.0,694.0,-64.45072937011719,solid,water_floor
A5-03,Section 3,3,-3.0,695.0,-52.84531021118164,solid,water_floor
A5-03,Section 3,3,-3.0,696.0,-54.594337463378906,solid,water_floor
A5-03,Section 3,3,-3.0,697.0,-47.36482238769531,solid,water_floor
A5-03,Section 3,3,-3.0,698.0,-53.650604248046875,solid,water_floor
A5-03,Section 3,3,-3.0,699.0,-57.26731491088867,solid,water_floor
A5-03,Section 3,3,-3.0,700.0,-61.147972106933594,solid,water_floor
A5-03,Section 3,3,-3.0,701.0,-51.27294158935547,solid,water_floor
A5-03,Section 3,3,-3.0,702.0,-51.245506286621094,solid,water_floor
A5-03,Section 3,3,-3.0,703.0,-45.1772575378418,solid,water_floor
A5-03,Section 3,3,-3.0,704.0,-55.09203338623047,solid,water_floor
A5-03,Section 3,3,-3.0,705.0,-58.246429443359375,solid,water_floor
A5-03,Section 3,3,-3.0,706.0,-58.43413543701172,solid,water_floor
A5-03,Section 3,3,-3.0,707.0,-55.27438735961914,solid,water_floor
A5-03,Section 3,3,-3.0,708.0,-53.77488708496094,solid,water_floor
A5-03,Section 3,3,-3.0,709.0,-53.460174560546875,solid,water_floor
A5-03,Section 3,3,-3.0,710.0,-59.600364685058594,solid,water_floor
A5-03,Section 3,3,-3.0,711.0,-55.3689079284668,solid,water_floor
A5-03,Section 3,3,-3.0,712.0,-54.90089797973633,solid,water_floor
A5-03,Section 3,3,-3.0,713.0,-53.41261672973633,solid,water_floor
A5-03,Section 3,3,-3.0,714.0,-57.19633483886719,solid,water_floor
A5-03,Section 3,3,-3.0,715.0,-56.19294738769531,solid,water_floor
A5-03,Section 3,3,-3.0,716.0,-59.40015411376953,solid,water_floor
A5-03,Section 3,3,-3.0,717.0,-55.04497528076172,solid,water_floor
A5-03,Section 3,3,-3.0,718.0,-58.222373962402344,solid,water_floor
A5-03,Section 3,3,-3.0,719.0,-58.724365234375,solid,water_floor
A5-03,Section 3,3,-3.0,720.0,-53.861366271972656,solid,water_floor
A5-03,Section 3,3,-3.0,721.0,-51.78300476074219,solid,water_floor
A5-03,Section 3,3,-3.0,722.0,-49.59369659423828,solid,water_floor
A5-03,Section 3,3,-3.0,723.0,-54.16191101074219,solid,water_floor
A5-03,Section 3,3,-3.0,724.0,-51.20520782470703,solid,water_floor
A5-03,Section 3,3,-3.0,725.0,-51.691009521484375,solid,water_floor
A5-03,Section 3,3,-3.0,726.0,-45.14710998535156,solid,water_floor
A5-03,Section 3,3,-3.0,727.0,-48.34950256347656,solid,water_floor
A5-03,Section 3,3,-3.0,728.0,-44.28848648071289,solid,water_floor
A5-03,Section 3,3,-3.0,729.0,-44.68225860595703,solid,water_floor
A5-03,Section 3,3,-3.0,730.0,-44.9494743347168,solid,water_floor
A5-03,Section 3,3,-3.0,731.0,-42.97248840332031,solid,water_floor
A5-03,Section 3,3,-3.0,732.0,-39.980201721191406,solid,water_floor
A5-03,Section 3,3,-3.0,733.0,-41.26939010620117,solid,water_floor
A5-03,Section 3,3,-3.0,734.0,-35.18230438232422,solid,water_floor
A5-03,Section 3,3,-3.0,735.0,-39.389766693115234,solid,water_floor
A5-03,Section 3,3,-3.0,736.0,-37.27906799316406,solid,water_floor
A5-03,Section 3,3,-3.0,737.0,-32.67719268798828,solid,water_floor
A5-03,Section 3,3,-3.0,738.0,-28.731481552124023,solid,water_floor
A5-03,Section 3,3,-3.0,739.0,-23.797758102416992,solid,water_floor
A5-03,Section 3,3,-3.0,740.0,-24.10453987121582,solid,water_floor
A5-03,Section 3,3,-3.0,741.0,-25.41961669921875,solid,water_floor
A5-03,Section 3,3,-3.0,742.0,-14.197263717651367,solid,water_floor
A5-03,Section 3,3,-3.0,743.0,-14.017885208129883,solid,water_floor
A5-03,Section 3,3,-3.0,744.0,-16.261497497558594,solid,water_floor
A5-03,Section 3,3,-3.0,745.0,-13.367103576660156,solid,water_floor
A5-03,Section 3,3,-3.0,746.0,-14.701512336730957,solid,water_floor
A5-03,Section 3,3,-3.0,747.0,-8.584854125976562,solid,water_floor
A5-03,Section 3,3,-3.0,748.0,-8.500242233276367,solid,water_floor
A5-03,Section 3,3,-3.0,749.0,-12.044641494750977,solid,water_floor
A5-03,Section 3,3,-3.0,750.0,-5.148942947387695,solid,water_floor
A5-03,Section 3,3,-3.0,751.0,-5.309493064880371,solid,water_floor
A5-03,Section 3,3,-3.0,752.0,-3.0093021392822266,solid,water_floor
A5-03,Section 3,3,-2.3069026470184326,753.0,-2.3069026470184326,solid,sampled
A5-03,Section 3,3,-2.5316197872161865,754.0,-2.5316197872161865,solid,sampled
A5-03,Section 3,3,-2.3229870796203613,755.0,-2.3229870796203613,solid,sampled
A5-03,Section 3,3,-2.4687235355377197,756.0,-2.4687235355377197,solid,sampled
A5-03,Section 3,3,-2.460615396499634,757.0,-2.460615396499634,solid,sampled
A5-03,Section 3,3,-2.323761463165283,758.0,-2.323761463165283,solid,sampled
A5-03,Section 3,3,-2.0631089210510254,759.0,-2.0631089210510254,solid,sampled
A5-03,Section 3,3,-2.2365336418151855,760.0,-2.2365336418151855,solid,sampled
A5-03,Section 3,3,-1.9774651527404785,761.0,-1.9774651527404785,solid,sampled
A5-03,Section 3,3,-1.9486480951309204,762.0,-1.9486480951309204,solid,sampled
A5-03,Section 3,3,-1.9127109050750732,763.0,-1.9127109050750732,solid,sampled
A5-03,Section 3,3,-1.7822436094284058,764.0,-1.7822436094284058,solid,sampled
A5-03,Section 3,3,-1.8473740816116333,765.0,-1.8473740816116333,solid,sampled
A5-03,Section 3,3,-1.8719139099121094,766.0,-1.8719139099121094,solid,sampled
A5-03,Section 3,3,-1.8330590724945068,767.0,-1.8330590724945068,solid,sampled
A5-03,Section 3,3,-1.7505667209625244,768.0,-1.7505667209625244,solid,sampled
A5-03,Section 3,3,-1.739180088043213,769.0,-1.739180088043213,solid,sampled
A5-03,Section 3,3,-1.7168118953704834,770.0,-1.7168118953704834,solid,sampled
A5-03,Section 3,3,-1.726776361465454,771.0,-1.726776361465454,solid,sampled
A5-03,Section 3,3,-1.6983299255371094,772.0,-1.6983299255371094,solid,sampled
A5-03,Section 3,3,-1.6693865060806274,773.0,-1.6693865060806274,solid,sampled
A5-03,Section 3,3,-1.6981849670410156,774.0,-1.6981849670410156,solid,sampled
A5-03,Section 3,3,-1.6762170791625977,775.0,-1.6762170791625977,solid,sampled
A5-03,Section 3,3,-1.6671725511550903,776.0,-1.6671725511550903,solid,sampled
A5-03,Section 3,3,-1.6439685821533203,777.0,-1.6439685821533203,solid,sampled
A5-03,Section 3,3,-1.6514246463775635,778.0,-1.6514246463775635,solid,sampled
A5-03,Section 3,3,-1.6468247175216675,779.0,-1.6468247175216675,solid,sampled
A5-03,Section 3,3,-1.6767736673355103,780.0,-1.6767736673355103,solid,sampled
A5-03,Section 3,3,-1.6837515830993652,781.0,-1.6837515830993652,solid,sampled
A5-03,Section 3,3,-1.6778311729431152,782.0,-1.6778311729431152,solid,sampled
A5-03,Section 3,3,-1.6738218069076538,783.0,-1.6738218069076538,solid,sampled
A5-03,Section 3,3,-1.6874208450317383,784.0,-1.6874208450317383,solid,sampled
A5-03,Section 3,3,-1.6885260343551636,785.0,-1.6885260343551636,solid,sampled
A5-03,Section 3,3,-1.6694247722625732,786.0,-1.6694247722625732,solid,sampled
A5-03,Section 3,3,-1.6660939455032349,787.0,-1.6660939455032349,solid,sampled
A5-03,Section 3,3,-1.696608066558838,788.0,-1.696608066558838,solid,sampled
A5-03,Section 3,3,-1.647416353225708,789.0,-1.647416353225708,solid,sampled
A5-03,Section 3,3,-1.5784084796905518,790.0,-1.5784084796905518,solid,sampled
A5-03,Section 3,3,-1.5412681102752686,791.0,-1.5412681102752686,solid,sampled
A5-03,Section 3,3,-1.4918084144592285,792.0,-1.4918084144592285,solid,sampled
A5-03,Section 3,3,-1.4660835266113281,793.0,-1.4660835266113281,solid,sampled
A5-03,Section 3,3,-1.4170469045639038,794.0,-1.4170469045639038,solid,sampled
A5-03,Section 3,3,-1.3501862287521362,795.0,-1.3501862287521362,solid,sampled
A5-03,Section 3,3,-1.332167387008667,796.0,-1.332167387008667,solid,sampled
A5-03,Section 3,3,-1.2846429347991943,797.0,-1.2846429347991943,solid,sampled
A5-03,Section 3,3,-1.2650251388549805,798.0,-1.2650251388549805,solid,sampled
A5-03,Section 3,3,-1.1954948902130127,799.0,-1.1954948902130127,solid,sampled
A5-03,Section 3,3,-1.140601396560669,800.0,-1.140601396560669,solid,sampled
A5-03,Section 3,3,-1.0963678359985352,801.0,-1.0963678359985352,solid,sampled
A5-03,Section 3,3,-1.037470817565918,802.0,-1.037470817565918,solid,sampled
A5-03,Section 3,3,-0.9795972108840942,803.0,-0.9795972108840942,solid,sampled
A5-03,Section 3,3,-0.91914963722229,804.0,-0.91914963722229,solid,sampled
A5-03,Section 3,3,-0.8544553518295288,805.0,-0.8544553518295288,solid,sampled
A5-03,Section 3,3,-0.7398213744163513,806.0,-0.7398213744163513,solid,sampled
A5-03,Section 3,3,-0.6378053426742554,807.0,-0.6378053426742554,solid,sampled
A5-03,Section 3,3,-0.579127311706543,808.0,-0.579127311706543,solid,sampled
A5-03,Section 3,3,-0.22547666728496552,809.0,-0.22547666728496552,solid,sampled
A5-03,Section 3,3,-0.10320714116096497,810.0,-0.10320714116096497,solid,sampled
A5-03,Section 3,3,-0.031483545899391174,811.0,-0.031483545899391174,solid,sampled
A5-03,Section 3,3,0.21632087230682373,812.0,0.21632087230682373,solid,sampled
A5-03,Section 3,3,0.35512009263038635,813.0,0.35512009263038635,solid,sampled
A5-03,Section 3,3,0.4982496500015259,814.0,0.4982496500015259,solid,sampled
A5-03,Section 3,3,0.39840495586395264,815.0,0.39840495586395264,solid,sampled
A5-03,Section 3,3,-0.03849425166845322,816.0,-0.03849425166845322,solid,sampled
A5-03,Section 3,3,0.025669783353805542,817.0,0.025669783353805542,solid,sampled
A5-03,Section 3,3,0.05661175400018692,818.0,0.05661175400018692,solid,sampled
A5-03,Section 3,3,0.13148057460784912,819.0,0.13148057460784912,solid,sampled
A5-03,Section 3,3,0.28058913350105286,820.0,0.28058913350105286,solid,sampled
A5-03,Section 3,3,0.3139705955982208,821.0,0.3139705955982208,solid,sampled
A5-03,Section 3,3,0.42260080575942993,822.0,0.42260080575942993,solid,sampled
A5-03,Section 3,3,0.47046443819999695,823.0,0.47046443819999695,solid,sampled
A5-03,Section 3,3,0.5617947578430176,824.0,0.5617947578430176,solid,sampled
A5-03,Section 3,3,0.5277730226516724,825.0,0.5277730226516724,solid,sampled
A5-03,Section 3,3,0.634734034538269,826.0,0.634734034538269,solid,sampled
A5-03,Section 3,3,0.8667483329772949,827.0,0.8667483329772949,solid,sampled
A5-03,Section 3,3,1.0281707048416138,828.0,1.0281707048416138,solid,sampled
A5-03,Section 3,3,1.218658447265625,829.0,1.218658447265625,solid,sampled
A5-03,Section 3,3,1.256642460823059,830.0,1.256642460823059,solid,sampled
A5-03,Section 3,3,1.3987345695495605,831.0,1.3987345695495605,solid,sampled
A5-03,Section 3,3,1.4682419300079346,832.0,1.4682419300079346,solid,sampled
A5-03,Section 3,3,1.3739748001098633,833.0,1.3739748001098633,solid,sampled
A5-03,Section 3,3,1.3629401922225952,834.0,1.3629401922225952,solid,sampled
A5-03,Section 3,3,1.3156489133834839,835.0,1.3156489133834839,solid,sampled
A5-03,Section 3,3,1.2849678993225098,836.0,1.2849678993225098,solid,sampled
A5-03,Section 3,3,1.4730772972106934,837.0,1.4730772972106934,solid,sampled
A5-03,Section 3,3,1.5116791725158691,838.0,1.5116791725158691,solid,sampled
A5-03,Section 3,3,1.509536862373352,839.0,1.509536862373352,solid,sampled
A5-03,Section 3,3,1.5856423377990723,840.0,1.5856423377990723,solid,sampled
A5-03,Section 3,3,2.0210041999816895,841.0,2.0210041999816895,solid,sampled
A5-03,Section 3,3,1.99257230758667,842.0,1.99257230758667,solid,sampled
A5-03,Section 3,3,1.7478818893432617,843.0,1.7478818893432617,solid,sampled
A5-03,Section 3,3,1.621407389640808,844.0,1.621407389640808,solid,sampled
A5-03,Section 3,3,1.6125613451004028,845.0,1.6125613451004028,solid,sampled
A5-03,Section 3,3,1.6135708093643188,846.0,1.6135708093643188,solid,sampled
A5-03,Section 3,3,1.6332921981811523,847.0,1.6332921981811523,solid,sampled
A5-03,Section 3,3,1.6715381145477295,848.0,1.6715381145477295,solid,sampled
A5-03,Section 3,3,0.0,849.0,,dotted,null_fill
A5-03,Section 3,3,0.0,850.0,,dotted,null_fill
A5-03,Section 3,3,0.0,851.0,,dotted,null_fill
A5-03,Section 3,3,0.0,852.0,,dotted,null_fill
A5-03,Section 3,3,0.0,853.0,,dotted,null_fill
A5-03,Section 3,3,0.0,854.0,,dotted,null_fill
A5-03,Section 3,3,0.0,855.0,,dotted,null_fill
A5-03,Section 3,3,0.0,856.0,,dotted,null_fill
