section_id,label,sort_order,height_m,distance_m,raw_height_m,line_style,value_state
A2-01,Section 1,1,0.0,0.0,,dotted,null_fill
A2-01,Section 1,1,0.0,1.0,,dotted,null_fill
A2-01,Section 1,1,0.0,2.0,,dotted,null_fill
A2-01,Section 1,1,0.0,3.0,,dotted,null_fill
A2-01,Section 1,1,0.0,4.0,,dotted,null_fill
A2-01,Section 1,1,0.0,5.0,,dotted,null_fill
A2-01,Section 1,1,0.0,6.0,,dotted,null_fill
A2-01,Section 1,1,0.0,7.0,,dotted,null_fill
A2-01,Section 1,1,0.0,8.0,,dotted,null_fill
A2-01,Section 1,1,0.0,9.0,,dotted,null_fill
A2-01,Section 1,1,0.0,10.0,,dotted,null_fill
A2-01,Section 1,1,0.0,11.0,,dotted,null_fill
A2-01,Section 1,1,0.0,12.0,,dotted,null_fill
A2-01,Section 1,1,0.0,13.0,,dotted,null_fill
A2-01,Section 1,1,0.0,14.0,,dotted,null_fill
A2-01,Section 1,1,0.0,15.0,,dotted,null_fill
A2-01,Section 1,1,0.0,16.0,,dotted,null_fill
A2-01,Section 1,1,0.0,17.0,,dotted,null_fill
A2-01,Section 1,1,0.0,18.0,,dotted,null_fill
A2-01,Section 1,1,0.0,19.0,,dotted,null_fill
A2-01,Section 1,1,0.0,20.0,,dotted,null_fill
A2-01,Section 1,1,0.0,21.0,,dotted,null_fill
A2-01,Section 1,1,0.0,22.0,,dotted,null_fill
A2-01,Section 1,1,0.0,23.0,,dotted,null_fill
A2-01,Section 1,1,0.0,24.0,,dotted,null_fill
A2-01,Section 1,1,13.939821243286133,25.0,13.939821243286133,solid,sampled
A2-01,Section 1,1,13.961992263793945,26.0,13.961992263793945,solid,sampled
A2-01,Section 1,1,13.85728645324707,27.0,13.85728645324707,solid,sampled
A2-01,Section 1,1,13.779930114746094,28.0,13.779930114746094,solid,sampled
A2-01,Section 1,1,13.602325439453125,29.0,13.602325439453125,solid,sampled
A2-01,Section 1,1,13.395450592041016,30.0,13.395450592041016,solid,sampled
A2-01,Section 1,1,13.378620147705078,31.0,13.378620147705078,solid,sampled
A2-01,Section 1,1,13.46593952178955,32.0,13.46593952178955,solid,sampled
A2-01,Section 1,1,13.376996994018555,33.0,13.376996994018555,solid,sampled
A2-01,Section 1,1,13.199413299560547,34.0,13.199413299560547,solid,sampled
A2-01,Section 1,1,13.121161460876465,35.0,13.121161460876465,solid,sampled
A2-01,Section 1,1,13.119428634643555,36.0,13.119428634643555,solid,sampled
A2-01,Section 1,1,12.880413055419922,37.0,12.880413055419922,solid,sampled
A2-01,Section 1,1,12.773784637451172,38.0,12.773784637451172,solid,sampled
A2-01,Section 1,1,12.558523178100586,39.0,12.558523178100586,solid,sampled
A2-01,Section 1,1,12.449257850646973,40.0,12.449257850646973,solid,sampled
A2-01,Section 1,1,12.350509643554688,41.0,12.350509643554688,solid,sampled
A2-01,Section 1,1,12.22778034210205,42.0,12.22778034210205,solid,sampled
A2-01,Section 1,1,12.151861190795898,43.0,12.151861190795898,solid,sampled
A2-01,Section 1,1,12.09814739227295,44.0,12.09814739227295,solid,sampled
A2-01,Section 1,1,11.999773979187012,45.0,11.999773979187012,solid,sampled
A2-01,Section 1,1,11.675090789794922,46.0,11.675090789794922,solid,sampled
A2-01,Section 1,1,11.474472045898438,47.0,11.474472045898438,solid,sampled
A2-01,Section 1,1,11.44430160522461,48.0,11.44430160522461,solid,sampled
A2-01,Section 1,1,11.359661102294922,49.0,11.359661102294922,solid,sampled
A2-01,Section 1,1,11.213065147399902,50.0,11.213065147399902,solid,sampled
A2-01,Section 1,1,11.086118698120117,51.0,11.086118698120117,solid,sampled
A2-01,Section 1,1,11.003800392150879,52.0,11.003800392150879,solid,sampled
A2-01,Section 1,1,10.885902404785156,53.0,10.885902404785156,solid,sampled
A2-01,Section 1,1,10.845050811767578,54.0,10.845050811767578,solid,sampled
A2-01,Section 1,1,9.687989234924316,55.0,9.687989234924316,solid,sampled
A2-01,Section 1,1,9.036508560180664,56.0,9.036508560180664,solid,sampled
A2-01,Section 1,1,9.166008949279785,57.0,9.166008949279785,solid,sampled
A2-01,Section 1,1,8.772751808166504,58.0,8.772751808166504,solid,sampled
A2-01,Section 1,1,7.973136901855469,59.0,7.973136901855469,solid,sampled
A2-01,Section 1,1,7.612125873565674,60.0,7.612125873565674,solid,sampled
A2-01,Section 1,1,6.787469387054443,61.0,6.787469387054443,solid,sampled
A2-01,Section 1,1,6.282068252563477,62.0,6.282068252563477,solid,sampled
A2-01,Section 1,1,6.106095790863037,63.0,6.106095790863037,solid,sampled
A2-01,Section 1,1,5.80078125,64.0,5.80078125,solid,sampled
A2-01,Section 1,1,5.281887054443359,65.0,5.281887054443359,solid,sampled
A2-01,Section 1,1,4.014833450317383,66.0,4.014833450317383,solid,sampled
A2-01,Section 1,1,3.290987491607666,67.0,3.290987491607666,solid,sampled
A2-01,Section 1,1,3.3261091709136963,68.0,3.3261091709136963,solid,sampled
A2-01,Section 1,1,3.3606271743774414,69.0,3.3606271743774414,solid,sampled
A2-01,Section 1,1,3.631166934967041,70.0,3.631166934967041,solid,sampled
A2-01,Section 1,1,3.7487127780914307,71.0,3.7487127780914307,solid,sampled
A2-01,Section 1,1,3.5984816551208496,72.0,3.5984816551208496,solid,sampled
A2-01,Section 1,1,3.253612518310547,73.0,3.253612518310547,solid,sampled
A2-01,Section 1,1,2.9757304191589355,74.0,2.9757304191589355,solid,sampled
A2-01,Section 1,1,2.945500135421753,75.0,2.945500135421753,solid,sampled
A2-01,Section 1,1,3.0839076042175293,76.0,3.0839076042175293,solid,sampled
A2-01,Section 1,1,3.1484546661376953,77.0,3.1484546661376953,solid,sampled
A2-01,Section 1,1,3.0808181762695312,78.0,3.0808181762695312,solid,sampled
A2-01,Section 1,1,3.5574541091918945,79.0,3.5574541091918945,solid,sampled
A2-01,Section 1,1,3.895718574523926,80.0,3.895718574523926,solid,sampled
A2-01,Section 1,1,3.6039974689483643,81.0,3.6039974689483643,solid,sampled
A2-01,Section 1,1,3.3895998001098633,82.0,3.3895998001098633,solid,sampled
A2-01,Section 1,1,2.951641321182251,83.0,2.951641321182251,solid,sampled
A2-01,Section 1,1,2.674384117126465,84.0,2.674384117126465,solid,sampled
A2-01,Section 1,1,2.132847785949707,85.0,2.132847785949707,solid,sampled
A2-01,Section 1,1,1.7702771425247192,86.0,1.7702771425247192,solid,sampled
A2-01,Section 1,1,0.7525458931922913,87.0,0.7525458931922913,solid,sampled
A2-01,Section 1,1,0.6783518195152283,88.0,0.6783518195152283,solid,sampled
A2-01,Section 1,1,0.6647276282310486,89.0,0.6647276282310486,solid,sampled
A2-01,Section 1,1,0.5722037553787231,90.0,0.5722037553787231,solid,sampled
A2-01,Section 1,1,0.5620741248130798,91.0,0.5620741248130798,solid,sampled
A2-01,Section 1,1,0.5264778137207031,92.0,0.5264778137207031,solid,sampled
A2-01,Section 1,1,0.49179524183273315,93.0,0.49179524183273315,solid,sampled
A2-01,Section 1,1,0.4569699764251709,94.0,0.4569699764251709,solid,sampled
A2-01,Section 1,1,0.42901360988616943,95.0,0.42901360988616943,solid,sampled
A2-01,Section 1,1,0.3971688747406006,96.0,0.3971688747406006,solid,sampled
A2-01,Section 1,1,0.35835790634155273,97.0,0.35835790634155273,solid,sampled
A2-01,Section 1,1,0.2993173599243164,98.0,0.2993173599243164,solid,sampled
A2-01,Section 1,1,0.24882377684116364,99.0,0.24882377684116364,solid,sampled
A2-01,Section 1,1,0.1983129382133484,100.0,0.1983129382133484,solid,sampled
A2-01,Section 1,1,0.16102313995361328,101.0,0.16102313995361328,solid,sampled
A2-01,Section 1,1,0.12661707401275635,102.0,0.12661707401275635,solid,sampled
A2-01,Section 1,1,0.07940173149108887,103.0,0.07940173149108887,solid,sampled
A2-01,Section 1,1,0.04476058483123779,104.0,0.04476058483123779,solid,sampled
A2-01,Section 1,1,0.007355593144893646,105.0,0.007355593144893646,solid,sampled
A2-01,Section 1,1,-0.02469174563884735,106.0,-0.02469174563884735,solid,sampled
A2-01,Section 1,1,-0.05685001611709595,107.0,-0.05685001611709595,solid,sampled
A2-01,Section 1,1,-0.09400606155395508,108.0,-0.09400606155395508,solid,sampled
A2-01,Section 1,1,-0.11722686886787415,109.0,-0.11722686886787415,solid,sampled
A2-01,Section 1,1,-0.1445125937461853,110.0,-0.1445125937461853,solid,sampled
A2-01,Section 1,1,-0.1692200005054474,111.0,-0.1692200005054474,solid,sampled
A2-01,Section 1,1,-0.19063377380371094,112.0,-0.19063377380371094,solid,sampled
A2-01,Section 1,1,-0.2382236123085022,113.0,-0.2382236123085022,solid,sampled
A2-01,Section 1,1,-0.2800941467285156,114.0,-0.2800941467285156,solid,sampled
A2-01,Section 1,1,-0.3355560898780823,115.0,-0.3355560898780823,solid,sampled
A2-01,Section 1,1,-0.361616313457489,116.0,-0.361616313457489,solid,sampled
A2-01,Section 1,1,-0.380865216255188,117.0,-0.380865216255188,solid,sampled
A2-01,Section 1,1,-0.39583688974380493,118.0,-0.39583688974380493,solid,sampled
A2-01,Section 1,1,-0.4257533550262451,119.0,-0.4257533550262451,solid,sampled
A2-01,Section 1,1,-0.42600980401039124,120.0,-0.42600980401039124,solid,sampled
A2-01,Section 1,1,-0.4430409073829651,121.0,-0.4430409073829651,solid,sampled
A2-01,Section 1,1,-0.45779943466186523,122.0,-0.45779943466186523,solid,sampled
A2-01,Section 1,1,-0.4640805423259735,123.0,-0.4640805423259735,solid,sampled
A2-01,Section 1,1,-0.48098024725914,124.0,-0.48098024725914,solid,sampled
A2-01,Section 1,1,-0.4982755780220032,125.0,-0.4982755780220032,solid,sampled
A2-01,Section 1,1,-0.5148993730545044,126.0,-0.5148993730545044,solid,sampled
A2-01,Section 1,1,-0.5313034057617188,127.0,-0.5313034057617188,solid,sampled
A2-01,Section 1,1,-0.5516737699508667,128.0,-0.5516737699508667,solid,sampled
A2-01,Section 1,1,-0.5740723013877869,129.0,-0.5740723013877869,solid,sampled
A2-01,Section 1,1,-0.6102004647254944,130.0,-0.6102004647254944,solid,sampled
A2-01,Section 1,1,-0.6290175914764404,131.0,-0.6290175914764404,solid,sampled
A2-01,Section 1,1,-0.6562215089797974,132.0,-0.6562215089797974,solid,sampled
A2-01,Section 1,1,-0.6891544461250305,133.0,-0.6891544461250305,solid,sampled
A2-01,Section 1,1,-0.7125667333602905,134.0,-0.7125667333602905,solid,sampled
A2-01,Section 1,1,-0.7362104058265686,135.0,-0.7362104058265686,solid,sampled
A2-01,Section 1,1,-0.7687709331512451,136.0,-0.7687709331512451,solid,sampled
A2-01,Section 1,1,-0.7972805500030518,137.0,-0.7972805500030518,solid,sampled
A2-01,Section 1,1,-0.8252012729644775,138.0,-0.8252012729644775,solid,sampled
A2-01,Section 1,1,-0.8476921319961548,139.0,-0.8476921319961548,solid,sampled
A2-01,Section 1,1,-0.8716861009597778,140.0,-0.8716861009597778,solid,sampled
A2-01,Section 1,1,-0.8946789503097534,141.0,-0.8946789503097534,solid,sampled
A2-01,Section 1,1,-0.9035292267799377,142.0,-0.9035292267799377,solid,sampled
A2-01,Section 1,1,-0.9193682670593262,143.0,-0.9193682670593262,solid,sampled
A2-01,Section 1,1,-0.9338040351867676,144.0,-0.9338040351867676,solid,sampled
A2-01,Section 1,1,-0.9511489868164062,145.0,-0.9511489868164062,solid,sampled
A2-01,Section 1,1,-0.9641231894493103,146.0,-0.9641231894493103,solid,sampled
A2-01,Section 1,1,-0.977378249168396,147.0,-0.977378249168396,solid,sampled
A2-01,Section 1,1,-1.006420373916626,148.0,-1.006420373916626,solid,sampled
A2-01,Section 1,1,-1.0339183807373047,149.0,-1.0339183807373047,solid,sampled
A2-01,Section 1,1,-1.0497535467147827,150.0,-1.0497535467147827,solid,sampled
A2-01,Section 1,1,-1.06248140335083,151.0,-1.06248140335083,solid,sampled
A2-01,Section 1,1,-1.079907774925232,152.0,-1.079907774925232,solid,sampled
A2-01,Section 1,1,-1.0878541469573975,153.0,-1.0878541469573975,solid,sampled
A2-01,Section 1,1,-1.131263017654419,154.0,-1.131263017654419,solid,sampled
A2-01,Section 1,1,-1.0797899961471558,155.0,-1.0797899961471558,solid,sampled
A2-01,Section 1,1,-0.9108549356460571,156.0,-0.9108549356460571,solid,sampled
A2-01,Section 1,1,-0.9394311904907227,157.0,-0.9394311904907227,solid,sampled
A2-01,Section 1,1,-1.045348048210144,158.0,-1.045348048210144,solid,sampled
A2-01,Section 1,1,-0.9240105748176575,159.0,-0.9240105748176575,solid,sampled
A2-01,Section 1,1,-0.9703222513198853,160.0,-0.9703222513198853,solid,sampled
A2-01,Section 1,1,-1.0732907056808472,161.0,-1.0732907056808472,solid,sampled
A2-01,Section 1,1,-1.021321415901184,162.0,-1.021321415901184,solid,sampled
A2-01,Section 1,1,-0.98622065782547,163.0,-0.98622065782547,solid,sampled
A2-01,Section 1,1,-1.0371310710906982,164.0,-1.0371310710906982,solid,sampled
A2-01,Section 1,1,-1.0202715396881104,165.0,-1.0202715396881104,solid,sampled
A2-01,Section 1,1,-1.0970691442489624,166.0,-1.0970691442489624,solid,sampled
A2-01,Section 1,1,-1.1861393451690674,167.0,-1.1861393451690674,solid,sampled
A2-01,Section 1,1,-1.2770533561706543,168.0,-1.2770533561706543,solid,sampled
A2-01,Section 1,1,-1.3154921531677246,169.0,-1.3154921531677246,solid,sampled
A2-01,Section 1,1,-1.2910737991333008,170.0,-1.2910737991333008,solid,sampled
A2-01,Section 1,1,-1.264944076538086,171.0,-1.264944076538086,solid,sampled
A2-01,Section 1,1,-1.2971010208129883,172.0,-1.2971010208129883,solid,sampled
A2-01,Section 1,1,-1.2444612979888916,173.0,-1.2444612979888916,solid,sampled
A2-01,Section 1,1,-1.2887964248657227,174.0,-1.2887964248657227,solid,sampled
A2-01,Section 1,1,-1.258849859237671,175.0,-1.258849859237671,solid,sampled
A2-01,Section 1,1,-1.2917159795761108,176.0,-1.2917159795761108,solid,sampled
A2-01,Section 1,1,-1.2731223106384277,177.0,-1.2731223106384277,solid,sampled
A2-01,Section 1,1,-1.331533670425415,178.0,-1.331533670425415,solid,sampled
A2-01,Section 1,1,-1.3280153274536133,179.0,-1.3280153274536133,solid,sampled
A2-01,Section 1,1,-1.411301612854004,180.0,-1.411301612854004,solid,sampled
A2-01,Section 1,1,-1.4092421531677246,181.0,-1.4092421531677246,solid,sampled
A2-01,Section 1,1,-1.3611347675323486,182.0,-1.3611347675323486,solid,sampled
A2-01,Section 1,1,-1.3461809158325195,183.0,-1.3461809158325195,solid,sampled
A2-01,Section 1,1,-1.40018630027771,184.0,-1.40018630027771,solid,sampled
A2-01,Section 1,1,-1.4644712209701538,185.0,-1.4644712209701538,solid,sampled
A2-01,Section 1,1,-1.4981412887573242,186.0,-1.4981412887573242,solid,sampled
A2-01,Section 1,1,-1.4985647201538086,187.0,-1.4985647201538086,solid,sampled
A2-01,Section 1,1,-1.5185825824737549,188.0,-1.5185825824737549,solid,sampled
A2-01,Section 1,1,-1.51222825050354,189.0,-1.51222825050354,solid,sampled
A2-01,Section 1,1,-1.5171923637390137,190.0,-1.5171923637390137,solid,sampled
A2-01,Section 1,1,-1.4929016828536987,191.0,-1.4929016828536987,solid,sampled
A2-01,Section 1,1,-1.5120500326156616,192.0,-1.5120500326156616,solid,sampled
A2-01,Section 1,1,-1.5086092948913574,193.0,-1.5086092948913574,solid,sampled
A2-01,Section 1,1,-1.4671688079833984,194.0,-1.4671688079833984,solid,sampled
A2-01,Section 1,1,-1.55080246925354,195.0,-1.55080246925354,solid,sampled
A2-01,Section 1,1,-1.620396375656128,196.0,-1.620396375656128,solid,sampled
A2-01,Section 1,1,-1.6212114095687866,197.0,-1.6212114095687866,solid,sampled
A2-01,Section 1,1,-1.5860852003097534,198.0,-1.5860852003097534,solid,sampled
A2-01,Section 1,1,-1.6067134141921997,199.0,-1.6067134141921997,solid,sampled
A2-01,Section 1,1,-1.6103018522262573,200.0,-1.6103018522262573,solid,sampled
A2-01,Section 1,1,-1.632128119468689,201.0,-1.632128119468689,solid,sampled
A2-01,Section 1,1,-1.659142255783081,202.0,-1.659142255783081,solid,sampled
A2-01,Section 1,1,-1.6941802501678467,203.0,-1.6941802501678467,solid,sampled
A2-01,Section 1,1,-1.6549158096313477,204.0,-1.6549158096313477,solid,sampled
A2-01,Section 1,1,-1.6474368572235107,205.0,-1.6474368572235107,solid,sampled
A2-01,Section 1,1,-1.6990753412246704,206.0,-1.6990753412246704,solid,sampled
A2-01,Section 1,1,-1.7991002798080444,207.0,-1.7991002798080444,solid,sampled
A2-01,Section 1,1,-1.7941194772720337,208.0,-1.7941194772720337,solid,sampled
A2-01,Section 1,1,-1.7292661666870117,209.0,-1.7292661666870117,solid,sampled
A2-01,Section 1,1,-1.7372292280197144,210.0,-1.7372292280197144,solid,sampled
A2-01,Section 1,1,-1.8510534763336182,211.0,-1.8510534763336182,solid,sampled
A2-01,Section 1,1,-1.903113842010498,212.0,-1.903113842010498,solid,sampled
A2-01,Section 1,1,-1.792471170425415,213.0,-1.792471170425415,solid,sampled
A2-01,Section 1,1,-1.8197466135025024,214.0,-1.8197466135025024,solid,sampled
A2-01,Section 1,1,-1.855446457862854,215.0,-1.855446457862854,solid,sampled
A2-01,Section 1,1,-1.923838496208191,216.0,-1.923838496208191,solid,sampled
A2-01,Section 1,1,-1.8523409366607666,217.0,-1.8523409366607666,solid,sampled
A2-01,Section 1,1,-1.9479681253433228,218.0,-1.9479681253433228,solid,sampled
A2-01,Section 1,1,-1.9620256423950195,219.0,-1.9620256423950195,solid,sampled
A2-01,Section 1,1,-1.975177526473999,220.0,-1.975177526473999,solid,sampled
A2-01,Section 1,1,-1.9966171979904175,221.0,-1.9966171979904175,solid,sampled
A2-01,Section 1,1,-1.9904141426086426,222.0,-1.9904141426086426,solid,sampled
A2-01,Section 1,1,-2.0143775939941406,223.0,-2.0143775939941406,solid,sampled
A2-01,Section 1,1,-2.101471424102783,224.0,-2.101471424102783,solid,sampled
A2-01,Section 1,1,-2.1162312030792236,225.0,-2.1162312030792236,solid,sampled
A2-01,Section 1,1,-2.1000242233276367,226.0,-2.1000242233276367,solid,sampled
A2-01,Section 1,1,-2.032221794128418,227.0,-2.032221794128418,solid,sampled
A2-01,Section 1,1,-1.986498475074768,228.0,-1.986498475074768,solid,sampled
A2-01,Section 1,1,-1.962202548980713,229.0,-1.962202548980713,solid,sampled
A2-01,Section 1,1,-2.119180202484131,230.0,-2.119180202484131,solid,sampled
A2-01,Section 1,1,-2.14955997467041,231.0,-2.14955997467041,solid,sampled
A2-01,Section 1,1,-2.1044578552246094,232.0,-2.1044578552246094,solid,sampled
A2-01,Section 1,1,-2.096968650817871,233.0,-2.096968650817871,solid,sampled
A2-01,Section 1,1,-2.1368913650512695,234.0,-2.1368913650512695,solid,sampled
A2-01,Section 1,1,-2.102109909057617,235.0,-2.102109909057617,solid,sampled
A2-01,Section 1,1,-2.0340328216552734,236.0,-2.0340328216552734,solid,sampled
A2-01,Section 1,1,-2.087921142578125,237.0,-2.087921142578125,solid,sampled
A2-01,Section 1,1,-2.174020290374756,238.0,-2.174020290374756,solid,sampled
A2-01,Section 1,1,-2.234635353088379,239.0,-2.234635353088379,solid,sampled
A2-01,Section 1,1,-2.2561140060424805,240.0,-2.2561140060424805,solid,sampled
A2-01,Section 1,1,-2.461836099624634,241.0,-2.461836099624634,solid,sampled
A2-01,Section 1,1,-2.4105093479156494,242.0,-2.4105093479156494,solid,sampled
A2-01,Section 1,1,-2.256974458694458,243.0,-2.256974458694458,solid,sampled
A2-01,Section 1,1,-2.2508010864257812,244.0,-2.2508010864257812,solid,sampled
A2-01,Section 1,1,-2.290663242340088,245.0,-2.290663242340088,solid,sampled
A2-01,Section 1,1,-2.295060873031616,246.0,-2.295060873031616,solid,sampled
A2-01,Section 1,1,-2.315005302429199,247.0,-2.315005302429199,solid,sampled
A2-01,Section 1,1,-2.3155322074890137,248.0,-2.3155322074890137,solid,sampled
A2-01,Section 1,1,-2.357670307159424,249.0,-2.357670307159424,solid,sampled
A2-01,Section 1,1,-2.3201332092285156,250.0,-2.3201332092285156,solid,sampled
A2-01,Section 1,1,-2.303485631942749,251.0,-2.303485631942749,solid,sampled
A2-01,Section 1,1,-2.3220834732055664,252.0,-2.3220834732055664,solid,sampled
A2-01,Section 1,1,-2.2908782958984375,253.0,-2.2908782958984375,solid,sampled
A2-01,Section 1,1,-2.332019567489624,254.0,-2.332019567489624,solid,sampled
A2-01,Section 1,1,-2.383329391479492,255.0,-2.383329391479492,solid,sampled
A2-01,Section 1,1,-2.5164544582366943,256.0,-2.5164544582366943,solid,sampled
A2-01,Section 1,1,-2.458012819290161,257.0,-2.458012819290161,solid,sampled
A2-01,Section 1,1,-2.4426727294921875,258.0,-2.4426727294921875,solid,sampled
A2-01,Section 1,1,-2.507122278213501,259.0,-2.507122278213501,solid,sampled
A2-01,Section 1,1,-2.5402991771698,260.0,-2.5402991771698,solid,sampled
A2-01,Section 1,1,-2.5952301025390625,261.0,-2.5952301025390625,solid,sampled
A2-01,Section 1,1,-2.631962299346924,262.0,-2.631962299346924,solid,sampled
A2-01,Section 1,1,-2.565157890319824,263.0,-2.565157890319824,solid,sampled
A2-01,Section 1,1,-2.6255531311035156,264.0,-2.6255531311035156,solid,sampled
A2-01,Section 1,1,-2.5758843421936035,265.0,-2.5758843421936035,solid,sampled
A2-01,Section 1,1,-2.6083121299743652,266.0,-2.6083121299743652,solid,sampled
A2-01,Section 1,1,-2.6252222061157227,267.0,-2.6252222061157227,solid,sampled
A2-01,Section 1,1,-2.6355669498443604,268.0,-2.6355669498443604,solid,sampled
A2-01,Section 1,1,-2.6033096313476562,269.0,-2.6033096313476562,solid,sampled
A2-01,Section 1,1,-2.691192626953125,270.0,-2.691192626953125,solid,sampled
A2-01,Section 1,1,-2.627305030822754,271.0,-2.627305030822754,solid,sampled
A2-01,Section 1,1,-2.68389892578125,272.0,-2.68389892578125,solid,sampled
A2-01,Section 1,1,-2.829648494720459,273.0,-2.829648494720459,solid,sampled
A2-01,Section 1,1,-2.822946548461914,274.0,-2.822946548461914,solid,sampled
A2-01,Section 1,1,-2.7869391441345215,275.0,-2.7869391441345215,solid,sampled
A2-01,Section 1,1,-2.896358013153076,276.0,-2.896358013153076,solid,sampled
A2-01,Section 1,1,-2.907528877258301,277.0,-2.907528877258301,solid,sampled
A2-01,Section 1,1,-2.8044700622558594,278.0,-2.8044700622558594,solid,sampled
A2-01,Section 1,1,-2.8484487533569336,279.0,-2.8484487533569336,solid,sampled
A2-01,Section 1,1,-2.867053747177124,280.0,-2.867053747177124,solid,sampled
A2-01,Section 1,1,-2.911116600036621,281.0,-2.911116600036621,solid,sampled
A2-01,Section 1,1,-2.933750629425049,282.0,-2.933750629425049,solid,sampled
A2-01,Section 1,1,-2.9891655445098877,283.0,-2.9891655445098877,solid,sampled
A2-01,Section 1,1,-2.970634937286377,284.0,-2.970634937286377,solid,sampled
A2-01,Section 1,1,-2.9394824504852295,285.0,-2.9394824504852295,solid,sampled
A2-01,Section 1,1,-2.9916062355041504,286.0,-2.9916062355041504,solid,sampled
A2-01,Section 1,1,-3.0,287.0,-3.0645053386688232,solid,water_floor
A2-01,Section 1,1,-3.0,288.0,-3.0826210975646973,solid,water_floor
A2-01,Section 1,1,-3.0,289.0,-3.061967372894287,solid,water_floor
A2-01,Section 1,1,-3.0,290.0,-3.0716452598571777,solid,water_floor
A2-01,Section 1,1,-3.0,291.0,-3.1292190551757812,solid,water_floor
A2-01,Section 1,1,-3.0,292.0,-3.210075855255127,solid,water_floor
A2-01,Section 1,1,-3.0,293.0,-3.2465553283691406,solid,water_floor
A2-01,Section 1,1,-3.0,294.0,-3.267876386642456,solid,water_floor
A2-01,Section 1,1,-3.0,295.0,-3.2278895378112793,solid,water_floor
A2-01,Section 1,1,-3.0,296.0,-3.290499687194824,solid,water_floor
A2-01,Section 1,1,-3.0,297.0,-3.5471019744873047,solid,water_floor
A2-01,Section 1,1,-3.0,298.0,-3.726315975189209,solid,water_floor
A2-01,Section 1,1,-3.0,299.0,-3.43925404548645,solid,water_floor
A2-01,Section 1,1,-3.0,300.0,-3.4622743129730225,solid,water_floor
A2-01,Section 1,1,-3.0,301.0,-3.7124757766723633,solid,water_floor
A2-01,Section 1,1,-3.0,302.0,-3.858971118927002,solid,water_floor
A2-01,Section 1,1,-3.0,303.0,-3.970954179763794,solid,water_floor
A2-01,Section 1,1,-3.0,304.0,-3.899221181869507,solid,water_floor
A2-01,Section 1,1,-3.0,305.0,-4.549091815948486,solid,water_floor
A2-01,Section 1,1,-3.0,306.0,-4.287179470062256,solid,water_floor
A2-01,Section 1,1,-3.0,307.0,-4.212793827056885,solid,water_floor
A2-01,Section 1,1,-3.0,308.0,-4.404951095581055,solid,water_floor
A2-01,Section 1,1,-3.0,309.0,-4.438381671905518,solid,water_floor
A2-01,Section 1,1,-3.0,310.0,-4.058926105499268,solid,water_floor
A2-01,Section 1,1,-3.0,311.0,-4.0664896965026855,solid,water_floor
A2-01,Section 1,1,-3.0,312.0,-4.000736713409424,solid,water_floor
A2-01,Section 1,1,-3.0,313.0,-4.296417236328125,solid,water_floor
A2-01,Section 1,1,-3.0,314.0,-4.419065475463867,solid,water_floor
A2-01,Section 1,1,-3.0,315.0,-4.374222755432129,solid,water_floor
A2-01,Section 1,1,-3.0,316.0,-4.250905513763428,solid,water_floor
A2-01,Section 1,1,-3.0,317.0,-4.459318161010742,solid,water_floor
A2-01,Section 1,1,-3.0,318.0,-4.398892879486084,solid,water_floor
A2-01,Section 1,1,-3.0,319.0,-4.362520694732666,solid,water_floor
A2-01,Section 1,1,-3.0,320.0,-4.348551273345947,solid,water_floor
A2-01,Section 1,1,-3.0,321.0,-4.424805641174316,solid,water_floor
A2-01,Section 1,1,-3.0,322.0,-4.888057708740234,solid,water_floor
A2-01,Section 1,1,-3.0,323.0,-6.16070556640625,solid,water_floor
A2-01,Section 1,1,-3.0,324.0,-6.836153030395508,solid,water_floor
A2-01,Section 1,1,-3.0,325.0,-7.154768943786621,solid,water_floor
A2-01,Section 1,1,-3.0,326.0,-12.938264846801758,solid,water_floor
A2-01,Section 1,1,-3.0,327.0,-30.01439666748047,solid,water_floor
A2-01,Section 1,1,-3.0,328.0,-20.570621490478516,solid,water_floor
A2-01,Section 1,1,-3.0,329.0,-33.314605712890625,solid,water_floor
A2-01,Section 1,1,-3.0,330.0,-40.349464416503906,solid,water_floor
A2-01,Section 1,1,-3.0,331.0,-40.541709899902344,solid,water_floor
A2-01,Section 1,1,-3.0,332.0,-37.62079620361328,solid,water_floor
A2-01,Section 1,1,-3.0,333.0,-28.463151931762695,solid,water_floor
A2-01,Section 1,1,-3.0,334.0,-41.216575622558594,solid,water_floor
A2-01,Section 1,1,-3.0,335.0,-34.366050720214844,solid,water_floor
A2-01,Section 1,1,-3.0,336.0,-47.32822036743164,solid,water_floor
A2-01,Section 1,1,-3.0,337.0,-46.503875732421875,solid,water_floor
A2-01,Section 1,1,-3.0,338.0,-48.575740814208984,solid,water_floor
A2-01,Section 1,1,-3.0,339.0,-47.04538345336914,solid,water_floor
A2-01,Section 1,1,-3.0,340.0,-45.44146728515625,solid,water_floor
A2-01,Section 1,1,-3.0,341.0,-46.74258041381836,solid,water_floor
A2-01,Section 1,1,-3.0,342.0,-49.67232894897461,solid,water_floor
A2-01,Section 1,1,-3.0,343.0,-36.434688568115234,solid,water_floor
A2-01,Section 1,1,-3.0,344.0,-54.35169982910156,solid,water_floor
A2-01,Section 1,1,-3.0,345.0,-54.20892333984375,solid,water_floor
A2-01,Section 1,1,-3.0,346.0,-47.51869201660156,solid,water_floor
A2-01,Section 1,1,-3.0,347.0,-48.60932922363281,solid,water_floor
A2-01,Section 1,1,-3.0,348.0,-47.39436721801758,solid,water_floor
A2-01,Section 1,1,-3.0,349.0,-46.298248291015625,solid,water_floor
A2-01,Section 1,1,-3.0,350.0,-46.2467041015625,solid,water_floor
A2-01,Section 1,1,-3.0,351.0,-56.687801361083984,solid,water_floor
A2-01,Section 1,1,-3.0,352.0,-57.71089553833008,solid,water_floor
A2-01,Section 1,1,-3.0,353.0,-59.385101318359375,solid,water_floor
A2-01,Section 1,1,-3.0,354.0,-51.84803771972656,solid,water_floor
A2-01,Section 1,1,-3.0,355.0,-45.38759994506836,solid,water_floor
A2-01,Section 1,1,-3.0,356.0,-53.459571838378906,solid,water_floor
A2-01,Section 1,1,-3.0,357.0,-54.24409103393555,solid,water_floor
A2-01,Section 1,1,-3.0,358.0,-54.41338348388672,solid,water_floor
A2-01,Section 1,1,-3.0,359.0,-58.21489715576172,solid,water_floor
A2-01,Section 1,1,-3.0,360.0,-59.49774932861328,solid,water_floor
A2-01,Section 1,1,-3.0,361.0,-53.667564392089844,solid,water_floor
A2-01,Section 1,1,-3.0,362.0,-50.90484619140625,solid,water_floor
A2-01,Section 1,1,-3.0,363.0,-63.3130989074707,solid,water_floor
A2-01,Section 1,1,-3.0,364.0,-61.96934509277344,solid,water_floor
A2-01,Section 1,1,-3.0,365.0,-67.44302368164062,solid,water_floor
A2-01,Section 1,1,-3.0,366.0,-48.08391571044922,solid,water_floor
A2-01,Section 1,1,-3.0,367.0,-56.98684310913086,solid,water_floor
A2-01,Section 1,1,-3.0,368.0,-43.69913101196289,solid,water_floor
A2-01,Section 1,1,-3.0,369.0,-50.97531509399414,solid,water_floor
A2-01,Section 1,1,-3.0,370.0,-68.0222396850586,solid,water_floor
A2-01,Section 1,1,-3.0,371.0,-60.08353805541992,solid,water_floor
A2-01,Section 1,1,-3.0,372.0,-67.82601165771484,solid,water_floor
A2-01,Section 1,1,-3.0,373.0,-62.373924255371094,solid,water_floor
A2-01,Section 1,1,-3.0,374.0,-66.4363784790039,solid,water_floor
A2-01,Section 1,1,-3.0,375.0,-70.3548355102539,solid,water_floor
A2-01,Section 1,1,-3.0,376.0,-61.7157096862793,solid,water_floor
A2-01,Section 1,1,-3.0,377.0,-59.17766189575195,solid,water_floor
A2-01,Section 1,1,-3.0,378.0,-70.38692474365234,solid,water_floor
A2-01,Section 1,1,-3.0,379.0,-66.87178039550781,solid,water_floor
A2-01,Section 1,1,-3.0,380.0,-68.42463684082031,solid,water_floor
A2-01,Section 1,1,-3.0,381.0,-64.74989318847656,solid,water_floor
A2-01,Section 1,1,-3.0,382.0,-70.89375305175781,solid,water_floor
A2-01,Section 1,1,-3.0,383.0,-67.80611419677734,solid,water_floor
A2-01,Section 1,1,-3.0,384.0,-70.4905776977539,solid,water_floor
A2-01,Section 1,1,-3.0,385.0,-70.51319885253906,solid,water_floor
A2-01,Section 1,1,-3.0,386.0,-67.0054702758789,solid,water_floor
A2-01,Section 1,1,-3.0,387.0,-66.47332763671875,solid,water_floor
A2-01,Section 1,1,-3.0,388.0,-63.49013137817383,solid,water_floor
A2-01,Section 1,1,-3.0,389.0,-69.300537109375,solid,water_floor
A2-01,Section 1,1,-3.0,390.0,-65.02217864990234,solid,water_floor
A2-01,Section 1,1,-3.0,391.0,-63.77214813232422,solid,water_floor
A2-01,Section 1,1,-3.0,392.0,-62.745174407958984,solid,water_floor
A2-01,Section 1,1,0.0,393.0,,dotted,null_fill
A2-01,Section 1,1,0.0,394.0,,dotted,null_fill
A2-01,Section 1,1,0.0,395.0,,dotted,null_fill
A2-01,Section 1,1,0.0,396.0,,dotted,null_fill
A2-01,Section 1,1,0.0,397.0,,dotted,null_fill
A2-01,Section 1,1,0.0,398.0,,dotted,null_fill
A2-01,Section 1,1,0.0,399.0,,dotted,null_fill
A2-01,Section 1,1,0.0,400.0,,dotted,null_fill
A2-01,Section 1,1,0.0,401.0,,dotted,null_fill
A2-01,Section 1,1,0.0,402.0,,dotted,null_fill
A2-01,Section 1,1,0.0,403.0,,dotted,null_fill
A2-01,Section 1,1,0.0,404.0,,dotted,null_fill
A2-01,Section 1,1,0.0,405.0,,dotted,null_fill
A2-01,Section 1,1,0.0,406.0,,dotted,null_fill
A2-01,Section 1,1,0.0,407.0,,dotted,null_fill
A2-01,Section 1,1,0.0,408.0,,dotted,null_fill
A2-01,Section 1,1,0.0,409.0,,dotted,null_fill
A2-01,Section 1,1,0.0,410.0,,dotted,null_fill
A2-01,Section 1,1,0.0,411.0,,dotted,null_fill
A2-01,Section 1,1,0.0,412.0,,dotted,null_fill
A2-01,Section 1,1,0.0,413.0,,dotted,null_fill
A2-01,Section 1,1,0.0,414.0,,dotted,null_fill
A2-01,Section 1,1,0.0,415.0,,dotted,null_fill
A2-01,Section 1,1,0.0,416.0,,dotted,null_fill
A2-01,Section 1,1,0.0,417.0,,dotted,null_fill
A2-01,Section 1,1,0.0,418.0,,dotted,null_fill
A2-01,Section 1,1,0.0,419.0,,dotted,null_fill
A2-01,Section 1,1,0.0,420.0,,dotted,null_fill
A2-01,Section 1,1,0.0,421.0,,dotted,null_fill
A2-01,Section 1,1,0.0,422.0,,dotted,null_fill
A2-01,Section 1,1,0.0,423.0,,dotted,null_fill
A2-01,Section 1,1,0.0,424.0,,dotted,null_fill
A2-01,Section 1,1,0.0,425.0,,dotted,null_fill
A2-01,Section 1,1,0.0,426.0,,dotted,null_fill
A2-01,Section 1,1,0.0,427.0,,dotted,null_fill
A2-01,Section 1,1,0.0,428.0,,dotted,null_fill
A2-01,Section 1,1,0.0,429.0,,dotted,null_fill
A2-01,Section 1,1,0.0,430.0,,dotted,null_fill
A2-01,Section 1,1,0.0,431.0,,dotted,null_fill
A2-01,Section 1,1,0.0,432.0,,dotted,null_fill
A2-01,Section 1,1,0.0,433.0,,dotted,null_fill
A2-01,Section 1,1,0.0,434.0,,dotted,null_fill
A2-01,Section 1,1,0.0,435.0,,dotted,null_fill
A2-01,Section 1,1,0.0,436.0,,dotted,null_fill
A2-01,Section 1,1,0.0,437.0,,dotted,null_fill
A2-01,Section 1,1,0.0,438.0,,dotted,null_fill
A2-01,Section 1,1,0.0,439.0,,dotted,null_fill
A2-01,Section 1,1,0.0,440.0,,dotted,null_fill
A2-01,Section 1,1,0.0,441.0,,dotted,null_fill
A2-01,Section 1,1,0.0,442.0,,dotted,null_fill
A2-01,Section 1,1,0.0,443.0,,dotted,null_fill
A2-01,Section 1,1,0.0,444.0,,dotted,null_fill
A2-01,Section 1,1,0.0,445.0,,dotted,null_fill
A2-01,Section 1,1,0.0,446.0,,dotted,null_fill
A2-01,Section 1,1,0.0,447.0,,dotted,null_fill
A2-01,Section 1,1,0.0,448.0,,dotted,null_fill
A2-01,Section 1,1,0.0,449.0,,dotted,null_fill
A2-01,Section 1,1,0.0,450.0,,dotted,null_fill
A2-01,Section 1,1,0.0,451.0,,dotted,null_fill
A2-01,Section 1,1,0.0,452.0,,dotted,null_fill
A2-01,Section 1,1,0.0,453.0,,dotted,null_fill
A2-01,Section 1,1,0.0,454.0,,dotted,null_fill
A2-01,Section 1,1,0.0,455.0,,dotted,null_fill
A2-01,Section 1,1,0.0,456.0,,dotted,null_fill
A2-01,Section 1,1,0.0,457.0,,dotted,null_fill
A2-01,Section 1,1,0.0,458.0,,dotted,null_fill
A2-01,Section 1,1,0.0,459.0,,dotted,null_fill
A2-01,Section 1,1,0.0,460.0,,dotted,null_fill
A2-01,Section 1,1,0.0,461.0,,dotted,null_fill
A2-01,Section 1,1,0.0,462.0,,dotted,null_fill
A2-01,Section 1,1,0.0,463.0,,dotted,null_fill
A2-01,Section 1,1,0.0,464.0,,dotted,null_fill
A2-01,Section 1,1,0.0,465.0,,dotted,null_fill
A2-01,Section 1,1,0.0,466.0,,dotted,null_fill
A2-01,Section 1,1,0.0,467.0,,dotted,null_fill
A2-01,Section 1,1,0.0,468.0,,dotted,null_fill
A2-01,Section 1,1,0.0,469.0,,dotted,null_fill
A2-01,Section 1,1,0.0,470.0,,dotted,null_fill
A2-01,Section 1,1,0.0,471.0,,dotted,null_fill
A2-01,Section 1,1,0.0,472.0,,dotted,null_fill
A2-01,Section 1,1,0.0,473.0,,dotted,null_fill
A2-01,Section 1,1,0.0,474.0,,dotted,null_fill
A2-01,Section 1,1,0.0,475.0,,dotted,null_fill
A2-01,Section 1,1,0.0,476.0,,dotted,null_fill
A2-01,Section 1,1,0.0,477.0,,dotted,null_fill
A2-01,Section 1,1,0.0,478.0,,dotted,null_fill
A2-01,Section 1,1,0.0,479.0,,dotted,null_fill
A2-01,Section 1,1,0.0,480.0,,dotted,null_fill
A2-01,Section 1,1,0.0,481.0,,dotted,null_fill
A2-01,Section 1,1,0.0,482.0,,dotted,null_fill
A2-01,Section 1,1,0.0,483.0,,dotted,null_fill
A2-01,Section 1,1,0.0,484.0,,dotted,null_fill
A2-01,Section 1,1,0.0,485.0,,dotted,null_fill
A2-01,Section 1,1,0.0,486.0,,dotted,null_fill
A2-01,Section 1,1,0.0,487.0,,dotted,null_fill
A2-01,Section 1,1,0.0,488.0,,dotted,null_fill
A2-01,Section 1,1,0.0,489.0,,dotted,null_fill
A2-01,Section 1,1,0.0,490.0,,dotted,null_fill
A2-01,Section 1,1,0.0,491.0,,dotted,null_fill
A2-01,Section 1,1,0.0,492.0,,dotted,null_fill
A2-01,Section 1,1,0.0,493.0,,dotted,null_fill
A2-01,Section 1,1,0.0,494.0,,dotted,null_fill
A2-01,Section 1,1,0.0,495.0,,dotted,null_fill
A2-01,Section 1,1,0.0,496.0,,dotted,null_fill
A2-01,Section 1,1,0.0,497.0,,dotted,null_fill
A2-01,Section 1,1,0.0,498.0,,dotted,null_fill
A2-01,Section 1,1,0.0,499.0,,dotted,null_fill
A2-01,Section 1,1,0.0,500.0,,dotted,null_fill
A2-01,Section 1,1,0.0,501.0,,dotted,null_fill
A2-01,Section 1,1,0.0,502.0,,dotted,null_fill
A2-01,Section 1,1,0.0,503.0,,dotted,null_fill
A2-01,Section 1,1,0.0,504.0,,dotted,null_fill
A2-01,Section 1,1,0.0,505.0,,dotted,null_fill
A2-01,Section 1,1,0.0,506.0,,dotted,null_fill
A2-01,Section 1,1,0.0,507.0,,dotted,null_fill
A2-01,Section 1,1,0.0,508.0,,dotted,null_fill
A2-01,Section 1,1,0.0,509.0,,dotted,null_fill
A2-01,Section 1,1,0.0,510.0,,dotted,null_fill
A2-01,Section 1,1,0.0,511.0,,dotted,null_fill
A2-01,Section 1,1,0.0,512.0,,dotted,null_fill
A2-01,Section 1,1,0.0,513.0,,dotted,null_fill
A2-01,Section 1,1,0.0,514.0,,dotted,null_fill
A2-01,Section 1,1,0.0,515.0,,dotted,null_fill
A2-01,Section 1,1,0.0,516.0,,dotted,null_fill
A2-01,Section 1,1,0.0,517.0,,dotted,null_fill
A2-01,Section 1,1,0.0,518.0,,dotted,null_fill
A2-01,Section 1,1,0.0,519.0,,dotted,null_fill
A2-01,Section 1,1,0.0,520.0,,dotted,null_fill
A2-01,Section 1,1,0.0,521.0,,dotted,null_fill
A2-01,Section 1,1,0.0,522.0,,dotted,null_fill
A2-01,Section 1,1,0.0,523.0,,dotted,null_fill
A2-01,Section 1,1,0.0,524.0,,dotted,null_fill
A2-01,Section 1,1,0.0,525.0,,dotted,null_fill
A2-01,Section 1,1,0.0,526.0,,dotted,null_fill
A2-01,Section 1,1,0.0,527.0,,dotted,null_fill
A2-01,Section 1,1,0.0,528.0,,dotted,null_fill
A2-01,Section 1,1,0.0,529.0,,dotted,null_fill
A2-01,Section 1,1,0.0,530.0,,dotted,null_fill
A2-01,Section 1,1,0.0,531.0,,dotted,null_fill
A2-01,Section 1,1,0.0,532.0,,dotted,null_fill
A2-01,Section 1,1,0.0,533.0,,dotted,null_fill
A2-01,Section 1,1,0.0,534.0,,dotted,null_fill
A2-01,Section 1,1,0.0,535.0,,dotted,null_fill
A2-01,Section 1,1,0.0,536.0,,dotted,null_fill
A2-01,Section 1,1,0.0,537.0,,dotted,null_fill
A2-01,Section 1,1,0.0,538.0,,dotted,null_fill
A2-01,Section 1,1,0.0,539.0,,dotted,null_fill
A2-01,Section 1,1,0.0,540.0,,dotted,null_fill
A2-01,Section 1,1,0.0,541.0,,dotted,null_fill
A2-01,Section 1,1,0.0,542.0,,dotted,null_fill
A2-01,Section 1,1,0.0,543.0,,dotted,null_fill
A2-01,Section 1,1,0.0,544.0,,dotted,null_fill
A2-01,Section 1,1,0.0,545.0,,dotted,null_fill
A2-01,Section 1,1,0.0,546.0,,dotted,null_fill
A2-01,Section 1,1,0.0,547.0,,dotted,null_fill
A2-01,Section 1,1,0.0,548.0,,dotted,null_fill
A2-01,Section 1,1,0.0,549.0,,dotted,null_fill
A2-01,Section 1,1,0.0,550.0,,dotted,null_fill
A2-01,Section 1,1,0.0,551.0,,dotted,null_fill
A2-01,Section 1,1,0.0,552.0,,dotted,null_fill
A2-01,Section 1,1,0.0,553.0,,dotted,null_fill
A2-01,Section 1,1,0.0,554.0,,dotted,null_fill
A2-01,Section 1,1,0.0,555.0,,dotted,null_fill
A2-01,Section 1,1,0.0,556.0,,dotted,null_fill
A2-01,Section 1,1,0.0,557.0,,dotted,null_fill
A2-01,Section 1,1,0.0,558.0,,dotted,null_fill
A2-01,Section 1,1,0.0,559.0,,dotted,null_fill
A2-01,Section 1,1,0.0,560.0,,dotted,null_fill
A2-01,Section 1,1,0.0,561.0,,dotted,null_fill
A2-01,Section 1,1,0.0,562.0,,dotted,null_fill
A2-01,Section 1,1,0.0,563.0,,dotted,null_fill
A2-01,Section 1,1,0.0,564.0,,dotted,null_fill
A2-01,Section 1,1,0.0,565.0,,dotted,null_fill
A2-01,Section 1,1,0.0,566.0,,dotted,null_fill
A2-01,Section 1,1,0.0,567.0,,dotted,null_fill
A2-01,Section 1,1,0.0,568.0,,dotted,null_fill
A2-01,Section 1,1,0.0,569.0,,dotted,null_fill
A2-01,Section 1,1,0.0,570.0,,dotted,null_fill
A2-01,Section 1,1,0.0,571.0,,dotted,null_fill
A2-01,Section 1,1,0.0,572.0,,dotted,null_fill
A2-01,Section 1,1,0.0,573.0,,dotted,null_fill
A2-01,Section 1,1,0.0,574.0,,dotted,null_fill
A2-01,Section 1,1,0.0,575.0,,dotted,null_fill
A2-01,Section 1,1,0.0,576.0,,dotted,null_fill
A2-01,Section 1,1,0.0,577.0,,dotted,null_fill
A2-01,Section 1,1,0.0,578.0,,dotted,null_fill
A2-01,Section 1,1,0.0,579.0,,dotted,null_fill
A2-01,Section 1,1,0.0,580.0,,dotted,null_fill
A2-01,Section 1,1,0.0,581.0,,dotted,null_fill
A2-01,Section 1,1,0.0,582.0,,dotted,null_fill
A2-01,Section 1,1,0.0,583.0,,dotted,null_fill
A2-01,Section 1,1,0.0,584.0,,dotted,null_fill
A2-01,Section 1,1,0.0,585.0,,dotted,null_fill
A2-01,Section 1,1,0.0,586.0,,dotted,null_fill
A2-01,Section 1,1,0.0,587.0,,dotted,null_fill
A2-01,Section 1,1,0.0,588.0,,dotted,null_fill
A2-01,Section 1,1,0.0,589.0,,dotted,null_fill
A2-01,Section 1,1,0.0,590.0,,dotted,null_fill
A2-01,Section 1,1,0.0,591.0,,dotted,null_fill
A2-01,Section 1,1,0.0,592.0,,dotted,null_fill
A2-01,Section 1,1,0.0,593.0,,dotted,null_fill
A2-01,Section 1,1,0.0,594.0,,dotted,null_fill
A2-01,Section 1,1,0.0,595.0,,dotted,null_fill
A2-01,Section 1,1,0.0,596.0,,dotted,null_fill
A2-01,Section 1,1,0.0,597.0,,dotted,null_fill
A2-01,Section 1,1,0.0,598.0,,dotted,null_fill
A2-01,Section 1,1,0.0,599.0,,dotted,null_fill
A2-01,Section 1,1,0.0,600.0,,dotted,null_fill
A2-01,Section 1,1,0.0,601.0,,dotted,null_fill
A2-01,Section 1,1,0.0,602.0,,dotted,null_fill
A2-01,Section 1,1,0.0,603.0,,dotted,null_fill
A2-01,Section 1,1,0.0,604.0,,dotted,null_fill
A2-01,Section 1,1,0.0,605.0,,dotted,null_fill
A2-01,Section 1,1,0.0,606.0,,dotted,null_fill
A2-01,Section 1,1,0.0,607.0,,dotted,null_fill
A2-01,Section 1,1,0.0,608.0,,dotted,null_fill
A2-01,Section 1,1,0.0,609.0,,dotted,null_fill
A2-01,Section 1,1,0.0,610.0,,dotted,null_fill
A2-01,Section 1,1,0.0,611.0,,dotted,null_fill
A2-01,Section 1,1,0.0,612.0,,dotted,null_fill
A2-01,Section 1,1,0.0,613.0,,dotted,null_fill
A2-01,Section 1,1,0.0,614.0,,dotted,null_fill
A2-01,Section 1,1,0.0,615.0,,dotted,null_fill
A2-01,Section 1,1,0.0,616.0,,dotted,null_fill
A2-01,Section 1,1,0.0,617.0,,dotted,null_fill
A2-01,Section 1,1,0.0,618.0,,dotted,null_fill
A2-01,Section 1,1,0.0,619.0,,dotted,null_fill
A2-01,Section 1,1,0.0,620.0,,dotted,null_fill
A2-01,Section 1,1,0.0,621.0,,dotted,null_fill
A2-01,Section 1,1,0.0,622.0,,dotted,null_fill
A2-01,Section 1,1,0.0,623.0,,dotted,null_fill
A2-01,Section 1,1,0.0,624.0,,dotted,null_fill
A2-01,Section 1,1,0.0,625.0,,dotted,null_fill
A2-01,Section 1,1,0.0,626.0,,dotted,null_fill
A2-01,Section 1,1,0.0,627.0,,dotted,null_fill
A2-01,Section 1,1,0.0,628.0,,dotted,null_fill
A2-01,Section 1,1,0.0,629.0,,dotted,null_fill
A2-01,Section 1,1,0.0,630.0,,dotted,null_fill
A2-01,Section 1,1,0.0,631.0,,dotted,null_fill
A2-01,Section 1,1,0.0,632.0,,dotted,null_fill
A2-01,Section 1,1,0.0,633.0,,dotted,null_fill
A2-01,Section 1,1,0.0,634.0,,dotted,null_fill
A2-01,Section 1,1,0.0,635.0,,dotted,null_fill
A2-01,Section 1,1,0.0,636.0,,dotted,null_fill
A2-01,Section 1,1,0.0,637.0,,dotted,null_fill
A2-01,Section 1,1,0.0,638.0,,dotted,null_fill
A2-01,Section 1,1,0.0,639.0,,dotted,null_fill
A2-01,Section 1,1,0.0,640.0,,dotted,null_fill
A2-01,Section 1,1,0.0,641.0,,dotted,null_fill
A2-01,Section 1,1,0.0,642.0,,dotted,null_fill
A2-01,Section 1,1,0.0,643.0,,dotted,null_fill
A2-01,Section 1,1,0.0,644.0,,dotted,null_fill
A2-01,Section 1,1,0.0,645.0,,dotted,null_fill
A2-01,Section 1,1,0.0,646.0,,dotted,null_fill
A2-01,Section 1,1,0.0,647.0,,dotted,null_fill
A2-01,Section 1,1,0.0,648.0,,dotted,null_fill
A2-01,Section 1,1,0.0,649.0,,dotted,null_fill
A2-01,Section 1,1,0.0,650.0,,dotted,null_fill
A2-01,Section 1,1,0.0,651.0,,dotted,null_fill
A2-01,Section 1,1,0.0,652.0,,dotted,null_fill
A2-01,Section 1,1,0.0,653.0,,dotted,null_fill
A2-01,Section 1,1,0.0,654.0,,dotted,null_fill
A2-01,Section 1,1,0.0,655.0,,dotted,null_fill
A2-01,Section 1,1,0.0,656.0,,dotted,null_fill
A2-01,Section 1,1,0.0,657.0,,dotted,null_fill
A2-01,Section 1,1,0.0,658.0,,dotted,null_fill
A2-01,Section 1,1,0.0,659.0,,dotted,null_fill
A2-01,Section 1,1,0.0,660.0,,dotted,null_fill
A2-01,Section 1,1,0.0,661.0,,dotted,null_fill
A2-02,Section 2,2,0.0,0.0,,dotted,null_fill
A2-02,Section 2,2,0.0,1.0,,dotted,null_fill
A2-02,Section 2,2,0.0,2.0,,dotted,null_fill
A2-02,Section 2,2,0.0,3.0,,dotted,null_fill
A2-02,Section 2,2,0.0,4.0,,dotted,null_fill
A2-02,Section 2,2,0.0,5.0,,dotted,null_fill
A2-02,Section 2,2,0.0,6.0,,dotted,null_fill
A2-02,Section 2,2,0.0,7.0,,dotted,null_fill
A2-02,Section 2,2,0.0,8.0,,dotted,null_fill
A2-02,Section 2,2,0.0,9.0,,dotted,null_fill
A2-02,Section 2,2,0.0,10.0,,dotted,null_fill
A2-02,Section 2,2,0.0,11.0,,dotted,null_fill
A2-02,Section 2,2,0.0,12.0,,dotted,null_fill
A2-02,Section 2,2,0.0,13.0,,dotted,null_fill
A2-02,Section 2,2,0.0,14.0,,dotted,null_fill
A2-02,Section 2,2,0.0,15.0,,dotted,null_fill
A2-02,Section 2,2,0.0,16.0,,dotted,null_fill
A2-02,Section 2,2,0.0,17.0,,dotted,null_fill
A2-02,Section 2,2,0.0,18.0,,dotted,null_fill
A2-02,Section 2,2,0.0,19.0,,dotted,null_fill
A2-02,Section 2,2,0.0,20.0,,dotted,null_fill
A2-02,Section 2,2,0.0,21.0,,dotted,null_fill
A2-02,Section 2,2,0.0,22.0,,dotted,null_fill
A2-02,Section 2,2,0.0,23.0,,dotted,null_fill
A2-02,Section 2,2,0.0,24.0,,dotted,null_fill
A2-02,Section 2,2,0.0,25.0,,dotted,null_fill
A2-02,Section 2,2,0.0,26.0,,dotted,null_fill
A2-02,Section 2,2,0.0,27.0,,dotted,null_fill
A2-02,Section 2,2,0.0,28.0,,dotted,null_fill
A2-02,Section 2,2,0.0,29.0,,dotted,null_fill
A2-02,Section 2,2,0.0,30.0,,dotted,null_fill
A2-02,Section 2,2,0.0,31.0,,dotted,null_fill
A2-02,Section 2,2,0.0,32.0,,dotted,null_fill
A2-02,Section 2,2,0.0,33.0,,dotted,null_fill
A2-02,Section 2,2,0.0,34.0,,dotted,null_fill
A2-02,Section 2,2,0.0,35.0,,dotted,null_fill
A2-02,Section 2,2,0.0,36.0,,dotted,null_fill
A2-02,Section 2,2,0.0,37.0,,dotted,null_fill
A2-02,Section 2,2,0.0,38.0,,dotted,null_fill
A2-02,Section 2,2,0.0,39.0,,dotted,null_fill
A2-02,Section 2,2,0.0,40.0,,dotted,null_fill
A2-02,Section 2,2,8.827369689941406,41.0,8.827369689941406,solid,sampled
A2-02,Section 2,2,8.747573852539062,42.0,8.747573852539062,solid,sampled
A2-02,Section 2,2,8.581433296203613,43.0,8.581433296203613,solid,sampled
A2-02,Section 2,2,8.239031791687012,44.0,8.239031791687012,solid,sampled
A2-02,Section 2,2,7.672405242919922,45.0,7.672405242919922,solid,sampled
A2-02,Section 2,2,7.3731231689453125,46.0,7.3731231689453125,solid,sampled
A2-02,Section 2,2,7.124619007110596,47.0,7.124619007110596,solid,sampled
A2-02,Section 2,2,6.940075397491455,48.0,6.940075397491455,solid,sampled
A2-02,Section 2,2,6.79106330871582,49.0,6.79106330871582,solid,sampled
A2-02,Section 2,2,6.574540138244629,50.0,6.574540138244629,solid,sampled
A2-02,Section 2,2,6.737656116485596,51.0,6.737656116485596,solid,sampled
A2-02,Section 2,2,6.837262153625488,52.0,6.837262153625488,solid,sampled
A2-02,Section 2,2,7.061714172363281,53.0,7.061714172363281,solid,sampled
A2-02,Section 2,2,6.421270370483398,54.0,6.421270370483398,solid,sampled
A2-02,Section 2,2,6.141767978668213,55.0,6.141767978668213,solid,sampled
A2-02,Section 2,2,5.501197814941406,56.0,5.501197814941406,solid,sampled
A2-02,Section 2,2,4.868826389312744,57.0,4.868826389312744,solid,sampled
A2-02,Section 2,2,4.827469348907471,58.0,4.827469348907471,solid,sampled
A2-02,Section 2,2,4.632203578948975,59.0,4.632203578948975,solid,sampled
A2-02,Section 2,2,4.580563068389893,60.0,4.580563068389893,solid,sampled
A2-02,Section 2,2,4.4979963302612305,61.0,4.4979963302612305,solid,sampled
A2-02,Section 2,2,4.424010753631592,62.0,4.424010753631592,solid,sampled
A2-02,Section 2,2,4.358785152435303,63.0,4.358785152435303,solid,sampled
A2-02,Section 2,2,4.265164852142334,64.0,4.265164852142334,solid,sampled
A2-02,Section 2,2,4.206454753875732,65.0,4.206454753875732,solid,sampled
A2-02,Section 2,2,4.120684623718262,66.0,4.120684623718262,solid,sampled
A2-02,Section 2,2,4.052228927612305,67.0,4.052228927612305,solid,sampled
A2-02,Section 2,2,3.9891984462738037,68.0,3.9891984462738037,solid,sampled
A2-02,Section 2,2,3.9286317825317383,69.0,3.9286317825317383,solid,sampled
A2-02,Section 2,2,3.8390822410583496,70.0,3.8390822410583496,solid,sampled
A2-02,Section 2,2,3.8013343811035156,71.0,3.8013343811035156,solid,sampled
A2-02,Section 2,2,3.7458462715148926,72.0,3.7458462715148926,solid,sampled
A2-02,Section 2,2,3.6991868019104004,73.0,3.6991868019104004,solid,sampled
A2-02,Section 2,2,3.6314334869384766,74.0,3.6314334869384766,solid,sampled
A2-02,Section 2,2,3.572303295135498,75.0,3.572303295135498,solid,sampled
A2-02,Section 2,2,3.502030611038208,76.0,3.502030611038208,solid,sampled
A2-02,Section 2,2,3.4514715671539307,77.0,3.4514715671539307,solid,sampled
A2-02,Section 2,2,3.3676469326019287,78.0,3.3676469326019287,solid,sampled
A2-02,Section 2,2,3.2610859870910645,79.0,3.2610859870910645,solid,sampled
A2-02,Section 2,2,3.156768798828125,80.0,3.156768798828125,solid,sampled
A2-02,Section 2,2,3.0673022270202637,81.0,3.0673022270202637,solid,sampled
A2-02,Section 2,2,2.996023654937744,82.0,2.996023654937744,solid,sampled
A2-02,Section 2,2,2.9209704399108887,83.0,2.9209704399108887,solid,sampled
A2-02,Section 2,2,2.838362216949463,84.0,2.838362216949463,solid,sampled
A2-02,Section 2,2,2.7743608951568604,85.0,2.7743608951568604,solid,sampled
A2-02,Section 2,2,2.709190607070923,86.0,2.709190607070923,solid,sampled
A2-02,Section 2,2,2.6419918537139893,87.0,2.6419918537139893,solid,sampled
A2-02,Section 2,2,2.5719988346099854,88.0,2.5719988346099854,solid,sampled
A2-02,Section 2,2,2.503894567489624,89.0,2.503894567489624,solid,sampled
A2-02,Section 2,2,2.433685779571533,90.0,2.433685779571533,solid,sampled
A2-02,Section 2,2,2.3852713108062744,91.0,2.3852713108062744,solid,sampled
A2-02,Section 2,2,2.352229356765747,92.0,2.352229356765747,solid,sampled
A2-02,Section 2,2,2.3131885528564453,93.0,2.3131885528564453,solid,sampled
A2-02,Section 2,2,2.274301052093506,94.0,2.274301052093506,solid,sampled
A2-02,Section 2,2,2.250401258468628,95.0,2.250401258468628,solid,sampled
A2-02,Section 2,2,2.2118067741394043,96.0,2.2118067741394043,solid,sampled
A2-02,Section 2,2,2.178365707397461,97.0,2.178365707397461,solid,sampled
A2-02,Section 2,2,2.1721034049987793,98.0,2.1721034049987793,solid,sampled
A2-02,Section 2,2,2.1406776905059814,99.0,2.1406776905059814,solid,sampled
A2-02,Section 2,2,2.1369025707244873,100.0,2.1369025707244873,solid,sampled
A2-02,Section 2,2,2.108912467956543,101.0,2.108912467956543,solid,sampled
A2-02,Section 2,2,2.062838554382324,102.0,2.062838554382324,solid,sampled
A2-02,Section 2,2,2.0367918014526367,103.0,2.0367918014526367,solid,sampled
A2-02,Section 2,2,2.0088672637939453,104.0,2.0088672637939453,solid,sampled
A2-02,Section 2,2,1.9734017848968506,105.0,1.9734017848968506,solid,sampled
A2-02,Section 2,2,1.9466105699539185,106.0,1.9466105699539185,solid,sampled
A2-02,Section 2,2,1.9374498128890991,107.0,1.9374498128890991,solid,sampled
A2-02,Section 2,2,1.9215891361236572,108.0,1.9215891361236572,solid,sampled
A2-02,Section 2,2,1.9023391008377075,109.0,1.9023391008377075,solid,sampled
A2-02,Section 2,2,1.8720382452011108,110.0,1.8720382452011108,solid,sampled
A2-02,Section 2,2,1.8528742790222168,111.0,1.8528742790222168,solid,sampled
A2-02,Section 2,2,1.8468750715255737,112.0,1.8468750715255737,solid,sampled
A2-02,Section 2,2,1.8186371326446533,113.0,1.8186371326446533,solid,sampled
A2-02,Section 2,2,1.8038864135742188,114.0,1.8038864135742188,solid,sampled
A2-02,Section 2,2,1.7969163656234741,115.0,1.7969163656234741,solid,sampled
A2-02,Section 2,2,1.7811444997787476,116.0,1.7811444997787476,solid,sampled
A2-02,Section 2,2,1.7733051776885986,117.0,1.7733051776885986,solid,sampled
A2-02,Section 2,2,1.7521954774856567,118.0,1.7521954774856567,solid,sampled
A2-02,Section 2,2,1.7500827312469482,119.0,1.7500827312469482,solid,sampled
A2-02,Section 2,2,1.724396824836731,120.0,1.724396824836731,solid,sampled
A2-02,Section 2,2,1.7066726684570312,121.0,1.7066726684570312,solid,sampled
A2-02,Section 2,2,1.7000161409378052,122.0,1.7000161409378052,solid,sampled
A2-02,Section 2,2,1.6881096363067627,123.0,1.6881096363067627,solid,sampled
A2-02,Section 2,2,1.6614477634429932,124.0,1.6614477634429932,solid,sampled
A2-02,Section 2,2,1.653253197669983,125.0,1.653253197669983,solid,sampled
A2-02,Section 2,2,1.6406497955322266,126.0,1.6406497955322266,solid,sampled
A2-02,Section 2,2,1.6211475133895874,127.0,1.6211475133895874,solid,sampled
A2-02,Section 2,2,1.6006942987442017,128.0,1.6006942987442017,solid,sampled
A2-02,Section 2,2,1.560882806777954,129.0,1.560882806777954,solid,sampled
A2-02,Section 2,2,1.5548131465911865,130.0,1.5548131465911865,solid,sampled
A2-02,Section 2,2,1.5437157154083252,131.0,1.5437157154083252,solid,sampled
A2-02,Section 2,2,1.5185813903808594,132.0,1.5185813903808594,solid,sampled
A2-02,Section 2,2,1.4924534559249878,133.0,1.4924534559249878,solid,sampled
A2-02,Section 2,2,1.46250319480896,134.0,1.46250319480896,solid,sampled
A2-02,Section 2,2,1.4472732543945312,135.0,1.4472732543945312,solid,sampled
A2-02,Section 2,2,1.4283373355865479,136.0,1.4283373355865479,solid,sampled
A2-02,Section 2,2,1.4119884967803955,137.0,1.4119884967803955,solid,sampled
A2-02,Section 2,2,1.4025949239730835,138.0,1.4025949239730835,solid,sampled
A2-02,Section 2,2,1.3822554349899292,139.0,1.3822554349899292,solid,sampled
A2-02,Section 2,2,1.363032341003418,140.0,1.363032341003418,solid,sampled
A2-02,Section 2,2,1.342595100402832,141.0,1.342595100402832,solid,sampled
A2-02,Section 2,2,1.324650764465332,142.0,1.324650764465332,solid,sampled
A2-02,Section 2,2,1.3048758506774902,143.0,1.3048758506774902,solid,sampled
A2-02,Section 2,2,1.284307599067688,144.0,1.284307599067688,solid,sampled
A2-02,Section 2,2,1.2654680013656616,145.0,1.2654680013656616,solid,sampled
A2-02,Section 2,2,1.2474781274795532,146.0,1.2474781274795532,solid,sampled
A2-02,Section 2,2,1.2309520244598389,147.0,1.2309520244598389,solid,sampled
A2-02,Section 2,2,1.2190955877304077,148.0,1.2190955877304077,solid,sampled
A2-02,Section 2,2,1.201828956604004,149.0,1.201828956604004,solid,sampled
A2-02,Section 2,2,1.1816165447235107,150.0,1.1816165447235107,solid,sampled
A2-02,Section 2,2,1.169527530670166,151.0,1.169527530670166,solid,sampled
A2-02,Section 2,2,1.1502348184585571,152.0,1.1502348184585571,solid,sampled
A2-02,Section 2,2,1.1384962797164917,153.0,1.1384962797164917,solid,sampled
A2-02,Section 2,2,1.1121869087219238,154.0,1.1121869087219238,solid,sampled
A2-02,Section 2,2,1.0982589721679688,155.0,1.0982589721679688,solid,sampled
A2-02,Section 2,2,1.0748809576034546,156.0,1.0748809576034546,solid,sampled
A2-02,Section 2,2,1.0608878135681152,157.0,1.0608878135681152,solid,sampled
A2-02,Section 2,2,1.0420645475387573,158.0,1.0420645475387573,solid,sampled
A2-02,Section 2,2,1.0371431112289429,159.0,1.0371431112289429,solid,sampled
A2-02,Section 2,2,1.011864185333252,160.0,1.011864185333252,solid,sampled
A2-02,Section 2,2,0.9883384704589844,161.0,0.9883384704589844,solid,sampled
A2-02,Section 2,2,0.9757706522941589,162.0,0.9757706522941589,solid,sampled
A2-02,Section 2,2,0.9564181566238403,163.0,0.9564181566238403,solid,sampled
A2-02,Section 2,2,0.9355133771896362,164.0,0.9355133771896362,solid,sampled
A2-02,Section 2,2,0.9232208728790283,165.0,0.9232208728790283,solid,sampled
A2-02,Section 2,2,0.8890389204025269,166.0,0.8890389204025269,solid,sampled
A2-02,Section 2,2,0.907622218132019,167.0,0.907622218132019,solid,sampled
A2-02,Section 2,2,0.9066225290298462,168.0,0.9066225290298462,solid,sampled
A2-02,Section 2,2,0.8861045837402344,169.0,0.8861045837402344,solid,sampled
A2-02,Section 2,2,0.8693430423736572,170.0,0.8693430423736572,solid,sampled
A2-02,Section 2,2,0.8405925631523132,171.0,0.8405925631523132,solid,sampled
A2-02,Section 2,2,0.8390102386474609,172.0,0.8390102386474609,solid,sampled
A2-02,Section 2,2,0.8245459794998169,173.0,0.8245459794998169,solid,sampled
A2-02,Section 2,2,0.8114203214645386,174.0,0.8114203214645386,solid,sampled
A2-02,Section 2,2,0.7906792163848877,175.0,0.7906792163848877,solid,sampled
A2-02,Section 2,2,0.7720683217048645,176.0,0.7720683217048645,solid,sampled
A2-02,Section 2,2,0.756661593914032,177.0,0.756661593914032,solid,sampled
A2-02,Section 2,2,0.7473451495170593,178.0,0.7473451495170593,solid,sampled
A2-02,Section 2,2,0.7235040664672852,179.0,0.7235040664672852,solid,sampled
A2-02,Section 2,2,0.7098900079727173,180.0,0.7098900079727173,solid,sampled
A2-02,Section 2,2,0.702201247215271,181.0,0.702201247215271,solid,sampled
A2-02,Section 2,2,0.6796223521232605,182.0,0.6796223521232605,solid,sampled
A2-02,Section 2,2,0.6506912708282471,183.0,0.6506912708282471,solid,sampled
A2-02,Section 2,2,0.6368345022201538,184.0,0.6368345022201538,solid,sampled
A2-02,Section 2,2,0.6088639497756958,185.0,0.6088639497756958,solid,sampled
A2-02,Section 2,2,0.6042400598526001,186.0,0.6042400598526001,solid,sampled
A2-02,Section 2,2,0.5820143818855286,187.0,0.5820143818855286,solid,sampled
A2-02,Section 2,2,0.5667139291763306,188.0,0.5667139291763306,solid,sampled
A2-02,Section 2,2,0.5402405858039856,189.0,0.5402405858039856,solid,sampled
A2-02,Section 2,2,0.5369242429733276,190.0,0.5369242429733276,solid,sampled
A2-02,Section 2,2,0.5187549591064453,191.0,0.5187549591064453,solid,sampled
A2-02,Section 2,2,0.4949502944946289,192.0,0.4949502944946289,solid,sampled
A2-02,Section 2,2,0.48761212825775146,193.0,0.48761212825775146,solid,sampled
A2-02,Section 2,2,0.470599889755249,194.0,0.470599889755249,solid,sampled
A2-02,Section 2,2,0.4488798975944519,195.0,0.4488798975944519,solid,sampled
A2-02,Section 2,2,0.4317115545272827,196.0,0.4317115545272827,solid,sampled
A2-02,Section 2,2,0.41578084230422974,197.0,0.41578084230422974,solid,sampled
A2-02,Section 2,2,0.40281790494918823,198.0,0.40281790494918823,solid,sampled
A2-02,Section 2,2,0.3860166072845459,199.0,0.3860166072845459,solid,sampled
A2-02,Section 2,2,0.38470888137817383,200.0,0.38470888137817383,solid,sampled
A2-02,Section 2,2,0.3692917823791504,201.0,0.3692917823791504,solid,sampled
A2-02,Section 2,2,0.3527946174144745,202.0,0.3527946174144745,solid,sampled
A2-02,Section 2,2,0.3357425034046173,203.0,0.3357425034046173,solid,sampled
A2-02,Section 2,2,0.3113268315792084,204.0,0.3113268315792084,solid,sampled
A2-02,Section 2,2,0.3070502281188965,205.0,0.3070502281188965,solid,sampled
A2-02,Section 2,2,0.28160423040390015,206.0,0.28160423040390015,solid,sampled
A2-02,Section 2,2,0.2709827423095703,207.0,0.2709827423095703,solid,sampled
A2-02,Section 2,2,0.2717015743255615,208.0,0.2717015743255615,solid,sampled
A2-02,Section 2,2,0.2378470003604889,209.0,0.2378470003604889,solid,sampled
A2-02,Section 2,2,0.22697557508945465,210.0,0.22697557508945465,solid,sampled
A2-02,Section 2,2,0.22295735776424408,211.0,0.22295735776424408,solid,sampled
A2-02,Section 2,2,0.19400370121002197,212.0,0.19400370121002197,solid,sampled
A2-02,Section 2,2,0.17441099882125854,213.0,0.17441099882125854,solid,sampled
A2-02,Section 2,2,0.17388105392456055,214.0,0.17388105392456055,solid,sampled
A2-02,Section 2,2,0.15150195360183716,215.0,0.15150195360183716,solid,sampled
A2-02,Section 2,2,0.1343967616558075,216.0,0.1343967616558075,solid,sampled
A2-02,Section 2,2,0.11053776741027832,217.0,0.11053776741027832,solid,sampled
A2-02,Section 2,2,0.09883645176887512,218.0,0.09883645176887512,solid,sampled
A2-02,Section 2,2,0.07914139330387115,219.0,0.07914139330387115,solid,sampled
A2-02,Section 2,2,0.06853005290031433,220.0,0.06853005290031433,solid,sampled
A2-02,Section 2,2,0.053580522537231445,221.0,0.053580522537231445,solid,sampled
A2-02,Section 2,2,0.03106570988893509,222.0,0.03106570988893509,solid,sampled
A2-02,Section 2,2,0.017966754734516144,223.0,0.017966754734516144,solid,sampled
A2-02,Section 2,2,-0.009188145399093628,224.0,-0.009188145399093628,solid,sampled
A2-02,Section 2,2,-0.039171457290649414,225.0,-0.039171457290649414,solid,sampled
A2-02,Section 2,2,-0.03544878959655762,226.0,-0.03544878959655762,solid,sampled
A2-02,Section 2,2,-0.07081558555364609,227.0,-0.07081558555364609,solid,sampled
A2-02,Section 2,2,-0.07126709818840027,228.0,-0.07126709818840027,solid,sampled
A2-02,Section 2,2,-0.1073451042175293,229.0,-0.1073451042175293,solid,sampled
A2-02,Section 2,2,-0.12011599540710449,230.0,-0.12011599540710449,solid,sampled
A2-02,Section 2,2,-0.14133259654045105,231.0,-0.14133259654045105,solid,sampled
A2-02,Section 2,2,-0.16588115692138672,232.0,-0.16588115692138672,solid,sampled
A2-02,Section 2,2,-0.18297195434570312,233.0,-0.18297195434570312,solid,sampled
A2-02,Section 2,2,-0.20019760727882385,234.0,-0.20019760727882385,solid,sampled
A2-02,Section 2,2,-0.21971407532691956,235.0,-0.21971407532691956,solid,sampled
A2-02,Section 2,2,-0.22587621212005615,236.0,-0.22587621212005615,solid,sampled
A2-02,Section 2,2,-0.23678362369537354,237.0,-0.23678362369537354,solid,sampled
A2-02,Section 2,2,-0.2687014937400818,238.0,-0.2687014937400818,solid,sampled
A2-02,Section 2,2,-0.29180896282196045,239.0,-0.29180896282196045,solid,sampled
A2-02,Section 2,2,-0.31419745087623596,240.0,-0.31419745087623596,solid,sampled
A2-02,Section 2,2,-0.330152690410614,241.0,-0.330152690410614,solid,sampled
A2-02,Section 2,2,-0.3421396017074585,242.0,-0.3421396017074585,solid,sampled
A2-02,Section 2,2,-0.3618685007095337,243.0,-0.3618685007095337,solid,sampled
A2-02,Section 2,2,-0.38254761695861816,244.0,-0.38254761695861816,solid,sampled
A2-02,Section 2,2,-0.3930625915527344,245.0,-0.3930625915527344,solid,sampled
A2-02,Section 2,2,-0.3943977952003479,246.0,-0.3943977952003479,solid,sampled
A2-02,Section 2,2,-0.4230012893676758,247.0,-0.4230012893676758,solid,sampled
A2-02,Section 2,2,-0.4293639659881592,248.0,-0.4293639659881592,solid,sampled
A2-02,Section 2,2,-0.45458897948265076,249.0,-0.45458897948265076,solid,sampled
A2-02,Section 2,2,-0.48327112197875977,250.0,-0.48327112197875977,solid,sampled
A2-02,Section 2,2,-0.4886176288127899,251.0,-0.4886176288127899,solid,sampled
A2-02,Section 2,2,-0.496840238571167,252.0,-0.496840238571167,solid,sampled
A2-02,Section 2,2,-0.5305740237236023,253.0,-0.5305740237236023,solid,sampled
A2-02,Section 2,2,-0.524065375328064,254.0,-0.524065375328064,solid,sampled
A2-02,Section 2,2,-0.5368655323982239,255.0,-0.5368655323982239,solid,sampled
A2-02,Section 2,2,-0.5455222129821777,256.0,-0.5455222129821777,solid,sampled
A2-02,Section 2,2,-0.5616438984870911,257.0,-0.5616438984870911,solid,sampled
A2-02,Section 2,2,-0.5699096918106079,258.0,-0.5699096918106079,solid,sampled
A2-02,Section 2,2,-0.5814609527587891,259.0,-0.5814609527587891,solid,sampled
A2-02,Section 2,2,-0.6136412024497986,260.0,-0.6136412024497986,solid,sampled
A2-02,Section 2,2,-0.6177756190299988,261.0,-0.6177756190299988,solid,sampled
A2-02,Section 2,2,-0.6349749565124512,262.0,-0.6349749565124512,solid,sampled
A2-02,Section 2,2,-0.6470996141433716,263.0,-0.6470996141433716,solid,sampled
A2-02,Section 2,2,-0.671988844871521,264.0,-0.671988844871521,solid,sampled
A2-02,Section 2,2,-0.6912322640419006,265.0,-0.6912322640419006,solid,sampled
A2-02,Section 2,2,-0.7084261178970337,266.0,-0.7084261178970337,solid,sampled
A2-02,Section 2,2,-0.7366149425506592,267.0,-0.7366149425506592,solid,sampled
A2-02,Section 2,2,-0.7586994171142578,268.0,-0.7586994171142578,solid,sampled
A2-02,Section 2,2,-0.7901755571365356,269.0,-0.7901755571365356,solid,sampled
A2-02,Section 2,2,-0.8121793270111084,270.0,-0.8121793270111084,solid,sampled
A2-02,Section 2,2,-0.8211017847061157,271.0,-0.8211017847061157,solid,sampled
A2-02,Section 2,2,-0.8427281379699707,272.0,-0.8427281379699707,solid,sampled
A2-02,Section 2,2,-0.8742661476135254,273.0,-0.8742661476135254,solid,sampled
A2-02,Section 2,2,-0.8757307529449463,274.0,-0.8757307529449463,solid,sampled
A2-02,Section 2,2,-0.9049468040466309,275.0,-0.9049468040466309,solid,sampled
A2-02,Section 2,2,-0.9179021716117859,276.0,-0.9179021716117859,solid,sampled
A2-02,Section 2,2,-0.9175201654434204,277.0,-0.9175201654434204,solid,sampled
A2-02,Section 2,2,-0.950345516204834,278.0,-0.950345516204834,solid,sampled
A2-02,Section 2,2,-0.9451032876968384,279.0,-0.9451032876968384,solid,sampled
A2-02,Section 2,2,-0.988614559173584,280.0,-0.988614559173584,solid,sampled
A2-02,Section 2,2,-1.0094636678695679,281.0,-1.0094636678695679,solid,sampled
A2-02,Section 2,2,-1.0258042812347412,282.0,-1.0258042812347412,solid,sampled
A2-02,Section 2,2,-1.0333285331726074,283.0,-1.0333285331726074,solid,sampled
A2-02,Section 2,2,-1.0614581108093262,284.0,-1.0614581108093262,solid,sampled
A2-02,Section 2,2,-1.0813606977462769,285.0,-1.0813606977462769,solid,sampled
A2-02,Section 2,2,-1.0975048542022705,286.0,-1.0975048542022705,solid,sampled
A2-02,Section 2,2,-1.1130015850067139,287.0,-1.1130015850067139,solid,sampled
A2-02,Section 2,2,-1.1262997388839722,288.0,-1.1262997388839722,solid,sampled
A2-02,Section 2,2,-1.141836166381836,289.0,-1.141836166381836,solid,sampled
A2-02,Section 2,2,-1.1644734144210815,290.0,-1.1644734144210815,solid,sampled
A2-02,Section 2,2,-1.1888999938964844,291.0,-1.1888999938964844,solid,sampled
A2-02,Section 2,2,-1.2061434984207153,292.0,-1.2061434984207153,solid,sampled
A2-02,Section 2,2,-1.206420660018921,293.0,-1.206420660018921,solid,sampled
A2-02,Section 2,2,-1.2329444885253906,294.0,-1.2329444885253906,solid,sampled
A2-02,Section 2,2,-1.23521089553833,295.0,-1.23521089553833,solid,sampled
A2-02,Section 2,2,-1.2440316677093506,296.0,-1.2440316677093506,solid,sampled
A2-02,Section 2,2,-1.2635653018951416,297.0,-1.2635653018951416,solid,sampled
A2-02,Section 2,2,-1.2882065773010254,298.0,-1.2882065773010254,solid,sampled
A2-02,Section 2,2,-1.2889320850372314,299.0,-1.2889320850372314,solid,sampled
A2-02,Section 2,2,-1.3126548528671265,300.0,-1.3126548528671265,solid,sampled
A2-02,Section 2,2,-1.324002742767334,301.0,-1.324002742767334,solid,sampled
A2-02,Section 2,2,-1.3540163040161133,302.0,-1.3540163040161133,solid,sampled
A2-02,Section 2,2,-1.3749425411224365,303.0,-1.3749425411224365,solid,sampled
A2-02,Section 2,2,-1.386047124862671,304.0,-1.386047124862671,solid,sampled
A2-02,Section 2,2,-1.402259349822998,305.0,-1.402259349822998,solid,sampled
A2-02,Section 2,2,-1.4196265935897827,306.0,-1.4196265935897827,solid,sampled
A2-02,Section 2,2,-1.4252469539642334,307.0,-1.4252469539642334,solid,sampled
A2-02,Section 2,2,-1.4325734376907349,308.0,-1.4325734376907349,solid,sampled
A2-02,Section 2,2,-1.4583077430725098,309.0,-1.4583077430725098,solid,sampled
A2-02,Section 2,2,-1.4500229358673096,310.0,-1.4500229358673096,solid,sampled
A2-02,Section 2,2,-1.4890069961547852,311.0,-1.4890069961547852,solid,sampled
A2-02,Section 2,2,-1.4949979782104492,312.0,-1.4949979782104492,solid,sampled
A2-02,Section 2,2,-1.511143684387207,313.0,-1.511143684387207,solid,sampled
A2-02,Section 2,2,-1.5239678621292114,314.0,-1.5239678621292114,solid,sampled
A2-02,Section 2,2,-1.5306111574172974,315.0,-1.5306111574172974,solid,sampled
A2-02,Section 2,2,-1.5442863702774048,316.0,-1.5442863702774048,solid,sampled
A2-02,Section 2,2,-1.5633578300476074,317.0,-1.5633578300476074,solid,sampled
A2-02,Section 2,2,-1.5746914148330688,318.0,-1.5746914148330688,solid,sampled
A2-02,Section 2,2,-1.5786583423614502,319.0,-1.5786583423614502,solid,sampled
A2-02,Section 2,2,-1.5902247428894043,320.0,-1.5902247428894043,solid,sampled
A2-02,Section 2,2,-1.596686840057373,321.0,-1.596686840057373,solid,sampled
A2-02,Section 2,2,-1.604475498199463,322.0,-1.604475498199463,solid,sampled
A2-02,Section 2,2,-1.6143879890441895,323.0,-1.6143879890441895,solid,sampled
A2-02,Section 2,2,-1.6229803562164307,324.0,-1.6229803562164307,solid,sampled
A2-02,Section 2,2,-1.6347980499267578,325.0,-1.6347980499267578,solid,sampled
A2-02,Section 2,2,-1.639176607131958,326.0,-1.639176607131958,solid,sampled
A2-02,Section 2,2,-1.6537576913833618,327.0,-1.6537576913833618,solid,sampled
A2-02,Section 2,2,-1.6688085794448853,328.0,-1.6688085794448853,solid,sampled
A2-02,Section 2,2,-1.6690398454666138,329.0,-1.6690398454666138,solid,sampled
A2-02,Section 2,2,-1.689401626586914,330.0,-1.689401626586914,solid,sampled
A2-02,Section 2,2,-1.7039387226104736,331.0,-1.7039387226104736,solid,sampled
A2-02,Section 2,2,-1.7141021490097046,332.0,-1.7141021490097046,solid,sampled
A2-02,Section 2,2,-1.7414683103561401,333.0,-1.7414683103561401,solid,sampled
A2-02,Section 2,2,-1.7372422218322754,334.0,-1.7372422218322754,solid,sampled
A2-02,Section 2,2,-1.7610992193222046,335.0,-1.7610992193222046,solid,sampled
A2-02,Section 2,2,-1.7725088596343994,336.0,-1.7725088596343994,solid,sampled
A2-02,Section 2,2,-1.7911580801010132,337.0,-1.7911580801010132,solid,sampled
A2-02,Section 2,2,-1.8149739503860474,338.0,-1.8149739503860474,solid,sampled
A2-02,Section 2,2,-1.8270783424377441,339.0,-1.8270783424377441,solid,sampled
A2-02,Section 2,2,-1.8232717514038086,340.0,-1.8232717514038086,solid,sampled
A2-02,Section 2,2,-1.8536293506622314,341.0,-1.8536293506622314,solid,sampled
A2-02,Section 2,2,-1.8671391010284424,342.0,-1.8671391010284424,solid,sampled
A2-02,Section 2,2,-1.8785922527313232,343.0,-1.8785922527313232,solid,sampled
A2-02,Section 2,2,-1.8906853199005127,344.0,-1.8906853199005127,solid,sampled
A2-02,Section 2,2,-1.897233486175537,345.0,-1.897233486175537,solid,sampled
A2-02,Section 2,2,-1.9151859283447266,346.0,-1.9151859283447266,solid,sampled
A2-02,Section 2,2,-1.9423160552978516,347.0,-1.9423160552978516,solid,sampled
A2-02,Section 2,2,-1.9320945739746094,348.0,-1.9320945739746094,solid,sampled
A2-02,Section 2,2,-1.9626171588897705,349.0,-1.9626171588897705,solid,sampled
A2-02,Section 2,2,-1.9722118377685547,350.0,-1.9722118377685547,solid,sampled
A2-02,Section 2,2,-1.9605951309204102,351.0,-1.9605951309204102,solid,sampled
A2-02,Section 2,2,-1.978594183921814,352.0,-1.978594183921814,solid,sampled
A2-02,Section 2,2,-1.9900106191635132,353.0,-1.9900106191635132,solid,sampled
A2-02,Section 2,2,-2.0038044452667236,354.0,-2.0038044452667236,solid,sampled
A2-02,Section 2,2,-2.0059335231781006,355.0,-2.0059335231781006,solid,sampled
A2-02,Section 2,2,-2.027787446975708,356.0,-2.027787446975708,solid,sampled
A2-02,Section 2,2,-2.046835422515869,357.0,-2.046835422515869,solid,sampled
A2-02,Section 2,2,-2.053861379623413,358.0,-2.053861379623413,solid,sampled
A2-02,Section 2,2,-2.0487771034240723,359.0,-2.0487771034240723,solid,sampled
A2-02,Section 2,2,-2.080646276473999,360.0,-2.080646276473999,solid,sampled
A2-02,Section 2,2,-2.0963151454925537,361.0,-2.0963151454925537,solid,sampled
A2-02,Section 2,2,-2.0980100631713867,362.0,-2.0980100631713867,solid,sampled
A2-02,Section 2,2,-2.1173572540283203,363.0,-2.1173572540283203,solid,sampled
A2-02,Section 2,2,-2.120352268218994,364.0,-2.120352268218994,solid,sampled
A2-02,Section 2,2,-2.1241934299468994,365.0,-2.1241934299468994,solid,sampled
A2-02,Section 2,2,-2.1413140296936035,366.0,-2.1413140296936035,solid,sampled
A2-02,Section 2,2,-2.149423122406006,367.0,-2.149423122406006,solid,sampled
A2-02,Section 2,2,-2.1551942825317383,368.0,-2.1551942825317383,solid,sampled
A2-02,Section 2,2,-2.1589040756225586,369.0,-2.1589040756225586,solid,sampled
A2-02,Section 2,2,-2.1637396812438965,370.0,-2.1637396812438965,solid,sampled
A2-02,Section 2,2,-2.195678472518921,371.0,-2.195678472518921,solid,sampled
A2-02,Section 2,2,-2.203317642211914,372.0,-2.203317642211914,solid,sampled
A2-02,Section 2,2,-2.2052721977233887,373.0,-2.2052721977233887,solid,sampled
A2-02,Section 2,2,-2.2267956733703613,374.0,-2.2267956733703613,solid,sampled
A2-02,Section 2,2,-2.2329421043395996,375.0,-2.2329421043395996,solid,sampled
A2-02,Section 2,2,-2.240730047225952,376.0,-2.240730047225952,solid,sampled
A2-02,Section 2,2,-2.263084888458252,377.0,-2.263084888458252,solid,sampled
A2-02,Section 2,2,-2.277350664138794,378.0,-2.277350664138794,solid,sampled
A2-02,Section 2,2,-2.2846665382385254,379.0,-2.2846665382385254,solid,sampled
A2-02,Section 2,2,-2.30206298828125,380.0,-2.30206298828125,solid,sampled
A2-02,Section 2,2,-2.3115780353546143,381.0,-2.3115780353546143,solid,sampled
A2-02,Section 2,2,-2.329347610473633,382.0,-2.329347610473633,solid,sampled
A2-02,Section 2,2,-2.327989101409912,383.0,-2.327989101409912,solid,sampled
A2-02,Section 2,2,-2.3392350673675537,384.0,-2.3392350673675537,solid,sampled
A2-02,Section 2,2,-2.3550610542297363,385.0,-2.3550610542297363,solid,sampled
A2-02,Section 2,2,-2.405186176300049,386.0,-2.405186176300049,solid,sampled
A2-02,Section 2,2,-2.421830654144287,387.0,-2.421830654144287,solid,sampled
A2-02,Section 2,2,-2.4459846019744873,388.0,-2.4459846019744873,solid,sampled
A2-02,Section 2,2,-2.5059139728546143,389.0,-2.5059139728546143,solid,sampled
A2-02,Section 2,2,-2.682852029800415,390.0,-2.682852029800415,solid,sampled
A2-02,Section 2,2,-2.6561222076416016,391.0,-2.6561222076416016,solid,sampled
A2-02,Section 2,2,-2.9807422161102295,392.0,-2.9807422161102295,solid,sampled
A2-02,Section 2,2,-2.6320881843566895,393.0,-2.6320881843566895,solid,sampled
A2-02,Section 2,2,-2.7139737606048584,394.0,-2.7139737606048584,solid,sampled
A2-02,Section 2,2,-2.7267379760742188,395.0,-2.7267379760742188,solid,sampled
A2-02,Section 2,2,-2.9520020484924316,396.0,-2.9520020484924316,solid,sampled
A2-02,Section 2,2,-2.7686190605163574,397.0,-2.7686190605163574,solid,sampled
A2-02,Section 2,2,-2.8950626850128174,398.0,-2.8950626850128174,solid,sampled
A2-02,Section 2,2,-3.0,399.0,-3.13382625579834,solid,water_floor
A2-02,Section 2,2,-3.0,400.0,-4.166956424713135,solid,water_floor
A2-02,Section 2,2,-3.0,401.0,-4.937561988830566,solid,water_floor
A2-02,Section 2,2,-2.9251174926757812,402.0,-2.9251174926757812,solid,sampled
A2-02,Section 2,2,-3.0,403.0,-3.8540050983428955,solid,water_floor
A2-02,Section 2,2,-3.0,404.0,-17.46217918395996,solid,water_floor
A2-02,Section 2,2,-3.0,405.0,-8.988704681396484,solid,water_floor
A2-02,Section 2,2,-3.0,406.0,-22.21893882751465,solid,water_floor
A2-02,Section 2,2,-3.0,407.0,-25.26638412475586,solid,water_floor
A2-02,Section 2,2,-3.0,408.0,-26.475936889648438,solid,water_floor
A2-02,Section 2,2,-3.0,409.0,-27.52437400817871,solid,water_floor
A2-02,Section 2,2,-3.0,410.0,-31.138107299804688,solid,water_floor
A2-02,Section 2,2,-3.0,411.0,-32.46517562866211,solid,water_floor
A2-02,Section 2,2,-3.0,412.0,-37.36045455932617,solid,water_floor
A2-02,Section 2,2,-3.0,413.0,-29.975406646728516,solid,water_floor
A2-02,Section 2,2,-3.0,414.0,-23.095088958740234,solid,water_floor
A2-02,Section 2,2,-3.0,415.0,-34.839073181152344,solid,water_floor
A2-02,Section 2,2,-3.0,416.0,-19.30572509765625,solid,water_floor
A2-02,Section 2,2,-3.0,417.0,-19.40323257446289,solid,water_floor
A2-02,Section 2,2,-3.0,418.0,-37.75849914550781,solid,water_floor
A2-02,Section 2,2,-3.0,419.0,-35.511375427246094,solid,water_floor
A2-02,Section 2,2,-3.0,420.0,-30.64363670349121,solid,water_floor
A2-02,Section 2,2,-3.0,421.0,-24.840099334716797,solid,water_floor
A2-02,Section 2,2,-3.0,422.0,-33.887264251708984,solid,water_floor
A2-02,Section 2,2,-3.0,423.0,-39.46279525756836,solid,water_floor
A2-02,Section 2,2,-3.0,424.0,-25.06543731689453,solid,water_floor
A2-02,Section 2,2,-3.0,425.0,-37.94866180419922,solid,water_floor
A2-02,Section 2,2,-3.0,426.0,-24.65835189819336,solid,water_floor
A2-02,Section 2,2,-3.0,427.0,-43.44886016845703,solid,water_floor
A2-02,Section 2,2,-3.0,428.0,-45.15101623535156,solid,water_floor
A2-02,Section 2,2,-3.0,429.0,-51.670413970947266,solid,water_floor
A2-02,Section 2,2,-3.0,430.0,-48.17588806152344,solid,water_floor
A2-02,Section 2,2,-3.0,431.0,-28.842071533203125,solid,water_floor
A2-02,Section 2,2,-3.0,432.0,-7.811647415161133,solid,water_floor
A2-02,Section 2,2,-3.0,433.0,-3.43877911567688,solid,water_floor
A2-02,Section 2,2,-2.930598497390747,434.0,-2.930598497390747,solid,sampled
A2-02,Section 2,2,-2.7496514320373535,435.0,-2.7496514320373535,solid,sampled
A2-02,Section 2,2,-2.8842337131500244,436.0,-2.8842337131500244,solid,sampled
A2-02,Section 2,2,-3.0,437.0,-16.81208038330078,solid,water_floor
A2-02,Section 2,2,-3.0,438.0,-14.258321762084961,solid,water_floor
A2-02,Section 2,2,-3.0,439.0,-31.51762580871582,solid,water_floor
A2-02,Section 2,2,-3.0,440.0,-32.051849365234375,solid,water_floor
A2-02,Section 2,2,-3.0,441.0,-7.3806376457214355,solid,water_floor
A2-02,Section 2,2,-3.0,442.0,-25.281478881835938,solid,water_floor
A2-02,Section 2,2,-3.0,443.0,-3.5051140785217285,solid,water_floor
A2-02,Section 2,2,-3.0,444.0,-26.083324432373047,solid,water_floor
A2-02,Section 2,2,-3.0,445.0,-42.08130645751953,solid,water_floor
A2-02,Section 2,2,-3.0,446.0,-6.768899917602539,solid,water_floor
A2-02,Section 2,2,-3.0,447.0,-4.29632043838501,solid,water_floor
A2-02,Section 2,2,-2.9105587005615234,448.0,-2.9105587005615234,solid,sampled
A2-02,Section 2,2,-2.868736743927002,449.0,-2.868736743927002,solid,sampled
A2-02,Section 2,2,-2.7401700019836426,450.0,-2.7401700019836426,solid,sampled
A2-02,Section 2,2,-2.619920015335083,451.0,-2.619920015335083,solid,sampled
A2-02,Section 2,2,-2.700066328048706,452.0,-2.700066328048706,solid,sampled
A2-02,Section 2,2,-2.9187896251678467,453.0,-2.9187896251678467,solid,sampled
A2-02,Section 2,2,-2.794631004333496,454.0,-2.794631004333496,solid,sampled
A2-02,Section 2,2,-2.847130060195923,455.0,-2.847130060195923,solid,sampled
A2-02,Section 2,2,-3.0,456.0,-42.027183532714844,solid,water_floor
A2-02,Section 2,2,-3.0,457.0,-53.80879592895508,solid,water_floor
A2-02,Section 2,2,-3.0,458.0,-56.149837493896484,solid,water_floor
A2-02,Section 2,2,-3.0,459.0,-56.335601806640625,solid,water_floor
A2-02,Section 2,2,-3.0,460.0,-53.59541702270508,solid,water_floor
A2-02,Section 2,2,-3.0,461.0,-57.592872619628906,solid,water_floor
A2-02,Section 2,2,-3.0,462.0,-54.813106536865234,solid,water_floor
A2-02,Section 2,2,-3.0,463.0,-55.73500061035156,solid,water_floor
A2-02,Section 2,2,-3.0,464.0,-53.131343841552734,solid,water_floor
A2-02,Section 2,2,-3.0,465.0,-55.469337463378906,solid,water_floor
A2-02,Section 2,2,-3.0,466.0,-56.32286834716797,solid,water_floor
A2-02,Section 2,2,-3.0,467.0,-56.96565628051758,solid,water_floor
A2-02,Section 2,2,-3.0,468.0,-55.89336395263672,solid,water_floor
A2-02,Section 2,2,-3.0,469.0,-61.17620086669922,solid,water_floor
A2-02,Section 2,2,-3.0,470.0,-45.912662506103516,solid,water_floor
A2-02,Section 2,2,-3.0,471.0,-57.06902313232422,solid,water_floor
A2-02,Section 2,2,-3.0,472.0,-54.28281784057617,solid,water_floor
A2-02,Section 2,2,-3.0,473.0,-57.798370361328125,solid,water_floor
A2-02,Section 2,2,-3.0,474.0,-50.012088775634766,solid,water_floor
A2-02,Section 2,2,-3.0,475.0,-55.49121856689453,solid,water_floor
A2-02,Section 2,2,-3.0,476.0,-46.35380554199219,solid,water_floor
A2-02,Section 2,2,-3.0,477.0,-45.08701705932617,solid,water_floor
A2-02,Section 2,2,-3.0,478.0,-54.23312759399414,solid,water_floor
A2-02,Section 2,2,-3.0,479.0,-48.41423034667969,solid,water_floor
A2-02,Section 2,2,-3.0,480.0,-53.906982421875,solid,water_floor
A2-02,Section 2,2,-3.0,481.0,-51.23368835449219,solid,water_floor
A2-02,Section 2,2,-3.0,482.0,-48.28776168823242,solid,water_floor
A2-02,Section 2,2,-3.0,483.0,-47.041709899902344,solid,water_floor
A2-02,Section 2,2,-3.0,484.0,-53.80692672729492,solid,water_floor
A2-02,Section 2,2,-3.0,485.0,-51.222076416015625,solid,water_floor
A2-02,Section 2,2,-3.0,486.0,-53.34025955200195,solid,water_floor
A2-02,Section 2,2,-3.0,487.0,-52.1580810546875,solid,water_floor
A2-02,Section 2,2,-3.0,488.0,-56.62897491455078,solid,water_floor
A2-02,Section 2,2,-3.0,489.0,-51.6671142578125,solid,water_floor
A2-02,Section 2,2,-3.0,490.0,-52.2816162109375,solid,water_floor
A2-02,Section 2,2,-3.0,491.0,-47.00810623168945,solid,water_floor
A2-02,Section 2,2,-3.0,492.0,-48.59589385986328,solid,water_floor
A2-02,Section 2,2,-3.0,493.0,-47.320526123046875,solid,water_floor
A2-02,Section 2,2,-3.0,494.0,-55.491172790527344,solid,water_floor
A2-02,Section 2,2,-3.0,495.0,-50.8730583190918,solid,water_floor
A2-02,Section 2,2,-3.0,496.0,-53.5181884765625,solid,water_floor
A2-02,Section 2,2,-3.0,497.0,-56.985984802246094,solid,water_floor
A2-02,Section 2,2,-3.0,498.0,-62.96417999267578,solid,water_floor
A2-02,Section 2,2,-3.0,499.0,-60.96900939941406,solid,water_floor
A2-02,Section 2,2,-3.0,500.0,-56.7473030090332,solid,water_floor
A2-02,Section 2,2,-3.0,501.0,-59.93395233154297,solid,water_floor
A2-02,Section 2,2,-3.0,502.0,-68.61053466796875,solid,water_floor
A2-02,Section 2,2,-3.0,503.0,-67.68577575683594,solid,water_floor
A2-02,Section 2,2,-3.0,504.0,-67.83668518066406,solid,water_floor
A2-02,Section 2,2,-3.0,505.0,-67.7896728515625,solid,water_floor
A2-02,Section 2,2,-3.0,506.0,-69.24634552001953,solid,water_floor
A2-02,Section 2,2,-3.0,507.0,-69.10550689697266,solid,water_floor
A2-02,Section 2,2,-3.0,508.0,-68.19410705566406,solid,water_floor
A2-02,Section 2,2,-3.0,509.0,-68.60606384277344,solid,water_floor
A2-02,Section 2,2,-3.0,510.0,-63.57603454589844,solid,water_floor
A2-02,Section 2,2,-3.0,511.0,-60.454864501953125,solid,water_floor
A2-02,Section 2,2,-3.0,512.0,-53.96294403076172,solid,water_floor
A2-02,Section 2,2,-3.0,513.0,-60.42213439941406,solid,water_floor
A2-02,Section 2,2,-3.0,514.0,-61.451419830322266,solid,water_floor
A2-02,Section 2,2,-3.0,515.0,-67.72933959960938,solid,water_floor
A2-02,Section 2,2,-3.0,516.0,-62.58131790161133,solid,water_floor
A2-02,Section 2,2,-3.0,517.0,-65.54207611083984,solid,water_floor
A2-02,Section 2,2,-3.0,518.0,-61.0299072265625,solid,water_floor
A2-02,Section 2,2,-3.0,519.0,-66.25431823730469,solid,water_floor
A2-02,Section 2,2,-3.0,520.0,-65.16297149658203,solid,water_floor
A2-02,Section 2,2,-3.0,521.0,-67.679443359375,solid,water_floor
A2-02,Section 2,2,0.0,522.0,,dotted,null_fill
A2-02,Section 2,2,0.0,523.0,,dotted,null_fill
A2-02,Section 2,2,0.0,524.0,,dotted,null_fill
A2-02,Section 2,2,0.0,525.0,,dotted,null_fill
A2-02,Section 2,2,0.0,526.0,,dotted,null_fill
A2-02,Section 2,2,0.0,527.0,,dotted,null_fill
A2-02,Section 2,2,0.0,528.0,,dotted,null_fill
A2-02,Section 2,2,0.0,529.0,,dotted,null_fill
A2-02,Section 2,2,0.0,530.0,,dotted,null_fill
A2-02,Section 2,2,0.0,531.0,,dotted,null_fill
A2-02,Section 2,2,0.0,532.0,,dotted,null_fill
A2-02,Section 2,2,0.0,533.0,,dotted,null_fill
A2-02,Section 2,2,0.0,534.0,,dotted,null_fill
A2-02,Section 2,2,0.0,535.0,,dotted,null_fill
A2-02,Section 2,2,0.0,536.0,,dotted,null_fill
A2-02,Section 2,2,0.0,537.0,,dotted,null_fill
A2-02,Section 2,2,0.0,538.0,,dotted,null_fill
A2-02,Section 2,2,0.0,539.0,,dotted,null_fill
A2-02,Section 2,2,0.0,540.0,,dotted,null_fill
A2-02,Section 2,2,0.0,541.0,,dotted,null_fill
A2-02,Section 2,2,0.0,542.0,,dotted,null_fill
A2-02,Section 2,2,0.0,543.0,,dotted,null_fill
A2-02,Section 2,2,0.0,544.0,,dotted,null_fill
A2-02,Section 2,2,0.0,545.0,,dotted,null_fill
A2-02,Section 2,2,0.0,546.0,,dotted,null_fill
A2-02,Section 2,2,0.0,547.0,,dotted,null_fill
A2-02,Section 2,2,0.0,548.0,,dotted,null_fill
A2-02,Section 2,2,0.0,549.0,,dotted,null_fill
A2-02,Section 2,2,0.0,550.0,,dotted,null_fill
A2-02,Section 2,2,0.0,551.0,,dotted,null_fill
A2-02,Section 2,2,0.0,552.0,,dotted,null_fill
A2-02,Section 2,2,0.0,553.0,,dotted,null_fill
A2-02,Section 2,2,0.0,554.0,,dotted,null_fill
A2-02,Section 2,2,0.0,555.0,,dotted,null_fill
A2-02,Section 2,2,0.0,556.0,,dotted,null_fill
A2-02,Section 2,2,0.0,557.0,,dotted,null_fill
A2-02,Section 2,2,0.0,558.0,,dotted,null_fill
A2-02,Section 2,2,0.0,559.0,,dotted,null_fill
A2-02,Section 2,2,0.0,560.0,,dotted,null_fill
A2-02,Section 2,2,0.0,561.0,,dotted,null_fill
A2-02,Section 2,2,0.0,562.0,,dotted,null_fill
A2-02,Section 2,2,0.0,563.0,,dotted,null_fill
A2-02,Section 2,2,0.0,564.0,,dotted,null_fill
A2-02,Section 2,2,0.0,565.0,,dotted,null_fill
A2-02,Section 2,2,0.0,566.0,,dotted,null_fill
A2-02,Section 2,2,0.0,567.0,,dotted,null_fill
A2-02,Section 2,2,0.0,568.0,,dotted,null_fill
A2-02,Section 2,2,0.0,569.0,,dotted,null_fill
A2-02,Section 2,2,0.0,570.0,,dotted,null_fill
A2-02,Section 2,2,0.0,571.0,,dotted,null_fill
A2-02,Section 2,2,0.0,572.0,,dotted,null_fill
A2-02,Section 2,2,0.0,573.0,,dotted,null_fill
A2-02,Section 2,2,0.0,574.0,,dotted,null_fill
A2-02,Section 2,2,0.0,575.0,,dotted,null_fill
A2-02,Section 2,2,0.0,576.0,,dotted,null_fill
A2-02,Section 2,2,0.0,577.0,,dotted,null_fill
A2-02,Section 2,2,0.0,578.0,,dotted,null_fill
A2-02,Section 2,2,0.0,579.0,,dotted,null_fill
A2-02,Section 2,2,0.0,580.0,,dotted,null_fill
A2-02,Section 2,2,0.0,581.0,,dotted,null_fill
A2-02,Section 2,2,0.0,582.0,,dotted,null_fill
A2-02,Section 2,2,0.0,583.0,,dotted,null_fill
A2-02,Section 2,2,0.0,584.0,,dotted,null_fill
A2-02,Section 2,2,0.0,585.0,,dotted,null_fill
A2-02,Section 2,2,0.0,586.0,,dotted,null_fill
A2-02,Section 2,2,0.0,587.0,,dotted,null_fill
A2-02,Section 2,2,0.0,588.0,,dotted,null_fill
A2-02,Section 2,2,0.0,589.0,,dotted,null_fill
A2-02,Section 2,2,0.0,590.0,,dotted,null_fill
A2-02,Section 2,2,0.0,591.0,,dotted,null_fill
A2-02,Section 2,2,0.0,592.0,,dotted,null_fill
A2-02,Section 2,2,0.0,593.0,,dotted,null_fill
A2-02,Section 2,2,0.0,594.0,,dotted,null_fill
A2-02,Section 2,2,0.0,595.0,,dotted,null_fill
A2-02,Section 2,2,0.0,596.0,,dotted,null_fill
A2-02,Section 2,2,0.0,597.0,,dotted,null_fill
A2-02,Section 2,2,0.0,598.0,,dotted,null_fill
A2-02,Section 2,2,0.0,599.0,,dotted,null_fill
A2-02,Section 2,2,0.0,600.0,,dotted,null_fill
A2-02,Section 2,2,0.0,601.0,,dotted,null_fill
A2-02,Section 2,2,0.0,602.0,,dotted,null_fill
A2-02,Section 2,2,0.0,603.0,,dotted,null_fill
A2-02,Section 2,2,0.0,604.0,,dotted,null_fill
A2-02,Section 2,2,0.0,605.0,,dotted,null_fill
A2-02,Section 2,2,0.0,606.0,,dotted,null_fill
A2-02,Section 2,2,0.0,607.0,,dotted,null_fill
A2-02,Section 2,2,0.0,608.0,,dotted,null_fill
A2-02,Section 2,2,0.0,609.0,,dotted,null_fill
A2-02,Section 2,2,0.0,610.0,,dotted,null_fill
A2-02,Section 2,2,0.0,611.0,,dotted,null_fill
A2-02,Section 2,2,0.0,612.0,,dotted,null_fill
A2-02,Section 2,2,0.0,613.0,,dotted,null_fill
A2-02,Section 2,2,0.0,614.0,,dotted,null_fill
A2-02,Section 2,2,0.0,615.0,,dotted,null_fill
A2-02,Section 2,2,0.0,616.0,,dotted,null_fill
A2-02,Section 2,2,0.0,617.0,,dotted,null_fill
A2-02,Section 2,2,0.0,618.0,,dotted,null_fill
A2-02,Section 2,2,0.0,619.0,,dotted,null_fill
A2-02,Section 2,2,0.0,620.0,,dotted,null_fill
A2-02,Section 2,2,0.0,621.0,,dotted,null_fill
A2-02,Section 2,2,0.0,622.0,,dotted,null_fill
A2-02,Section 2,2,0.0,623.0,,dotted,null_fill
A2-02,Section 2,2,0.0,624.0,,dotted,null_fill
A2-02,Section 2,2,0.0,625.0,,dotted,null_fill
A2-02,Section 2,2,0.0,626.0,,dotted,null_fill
A2-02,Section 2,2,0.0,627.0,,dotted,null_fill
A2-02,Section 2,2,0.0,628.0,,dotted,null_fill
A2-02,Section 2,2,0.0,629.0,,dotted,null_fill
A2-02,Section 2,2,0.0,630.0,,dotted,null_fill
A2-02,Section 2,2,0.0,631.0,,dotted,null_fill
A2-02,Section 2,2,0.0,632.0,,dotted,null_fill
A2-02,Section 2,2,0.0,633.0,,dotted,null_fill
A2-02,Section 2,2,0.0,634.0,,dotted,null_fill
A2-02,Section 2,2,0.0,635.0,,dotted,null_fill
A2-02,Section 2,2,0.0,636.0,,dotted,null_fill
A2-02,Section 2,2,0.0,637.0,,dotted,null_fill
A2-02,Section 2,2,0.0,638.0,,dotted,null_fill
A2-02,Section 2,2,0.0,639.0,,dotted,null_fill
A2-02,Section 2,2,0.0,640.0,,dotted,null_fill
A2-02,Section 2,2,0.0,641.0,,dotted,null_fill
A2-02,Section 2,2,0.0,642.0,,dotted,null_fill
A2-02,Section 2,2,0.0,643.0,,dotted,null_fill
A2-02,Section 2,2,0.0,644.0,,dotted,null_fill
A2-02,Section 2,2,0.0,645.0,,dotted,null_fill
A2-02,Section 2,2,0.0,646.0,,dotted,null_fill
A2-02,Section 2,2,0.0,647.0,,dotted,null_fill
A2-02,Section 2,2,0.0,648.0,,dotted,null_fill
A2-02,Section 2,2,0.0,649.0,,dotted,null_fill
A2-02,Section 2,2,0.0,650.0,,dotted,null_fill
A2-02,Section 2,2,0.0,651.0,,dotted,null_fill
A2-02,Section 2,2,0.0,652.0,,dotted,null_fill
A2-02,Section 2,2,0.0,653.0,,dotted,null_fill
A2-02,Section 2,2,0.0,654.0,,dotted,null_fill
A2-02,Section 2,2,0.0,655.0,,dotted,null_fill
A2-02,Section 2,2,0.0,656.0,,dotted,null_fill
A2-02,Section 2,2,0.0,657.0,,dotted,null_fill
A2-02,Section 2,2,0.0,658.0,,dotted,null_fill
A2-02,Section 2,2,0.0,659.0,,dotted,null_fill
A2-02,Section 2,2,0.0,660.0,,dotted,null_fill
A2-02,Section 2,2,0.0,661.0,,dotted,null_fill
A2-02,Section 2,2,0.0,662.0,,dotted,null_fill
A2-02,Section 2,2,0.0,663.0,,dotted,null_fill
A2-02,Section 2,2,0.0,664.0,,dotted,null_fill
A2-02,Section 2,2,0.0,665.0,,dotted,null_fill
A2-02,Section 2,2,0.0,666.0,,dotted,null_fill
A2-02,Section 2,2,0.0,667.0,,dotted,null_fill
A2-02,Section 2,2,0.0,668.0,,dotted,null_fill
A2-02,Section 2,2,0.0,669.0,,dotted,null_fill
A2-02,Section 2,2,0.0,670.0,,dotted,null_fill
A2-02,Section 2,2,0.0,671.0,,dotted,null_fill
A2-02,Section 2,2,0.0,672.0,,dotted,null_fill
A2-02,Section 2,2,0.0,673.0,,dotted,null_fill
A2-02,Section 2,2,0.0,674.0,,dotted,null_fill
A2-02,Section 2,2,0.0,675.0,,dotted,null_fill
A2-02,Section 2,2,0.0,676.0,,dotted,null_fill
A2-02,Section 2,2,0.0,677.0,,dotted,null_fill
A2-02,Section 2,2,0.0,678.0,,dotted,null_fill
A2-02,Section 2,2,0.0,679.0,,dotted,null_fill
A2-02,Section 2,2,0.0,680.0,,dotted,null_fill
A2-02,Section 2,2,0.0,681.0,,dotted,null_fill
A2-02,Section 2,2,0.0,682.0,,dotted,null_fill
A2-02,Section 2,2,0.0,683.0,,dotted,null_fill
A2-02,Section 2,2,0.0,684.0,,dotted,null_fill
A2-02,Section 2,2,0.0,685.0,,dotted,null_fill
A2-02,Section 2,2,0.0,686.0,,dotted,null_fill
A2-02,Section 2,2,0.0,687.0,,dotted,null_fill
A2-02,Section 2,2,0.0,688.0,,dotted,null_fill
A2-02,Section 2,2,0.0,689.0,,dotted,null_fill
A2-02,Section 2,2,0.0,690.0,,dotted,null_fill
A2-02,Section 2,2,0.0,691.0,,dotted,null_fill
A2-02,Section 2,2,0.0,692.0,,dotted,null_fill
A2-02,Section 2,2,0.0,693.0,,dotted,null_fill
A2-02,Section 2,2,0.0,694.0,,dotted,null_fill
A2-02,Section 2,2,0.0,695.0,,dotted,null_fill
A2-02,Section 2,2,0.0,696.0,,dotted,null_fill
A2-02,Section 2,2,0.0,697.0,,dotted,null_fill
A2-02,Section 2,2,0.0,698.0,,dotted,null_fill
A2-02,Section 2,2,0.0,699.0,,dotted,null_fill
A2-02,Section 2,2,0.0,700.0,,dotted,null_fill
A2-02,Section 2,2,0.0,701.0,,dotted,null_fill
A2-02,Section 2,2,0.0,702.0,,dotted,null_fill
A2-02,Section 2,2,0.0,703.0,,dotted,null_fill
A2-02,Section 2,2,0.0,704.0,,dotted,null_fill
A2-02,Section 2,2,0.0,705.0,,dotted,null_fill
A2-02,Section 2,2,0.0,706.0,,dotted,null_fill
A2-02,Section 2,2,0.0,707.0,,dotted,null_fill
A2-02,Section 2,2,0.0,708.0,,dotted,null_fill
A2-02,Section 2,2,0.0,709.0,,dotted,null_fill
A2-02,Section 2,2,0.0,710.0,,dotted,null_fill
A2-02,Section 2,2,0.0,711.0,,dotted,null_fill
A2-02,Section 2,2,0.0,712.0,,dotted,null_fill
A2-02,Section 2,2,0.0,713.0,,dotted,null_fill
A2-02,Section 2,2,0.0,714.0,,dotted,null_fill
A2-02,Section 2,2,0.0,715.0,,dotted,null_fill
A2-02,Section 2,2,0.0,716.0,,dotted,null_fill
A2-02,Section 2,2,0.0,717.0,,dotted,null_fill
A2-02,Section 2,2,0.0,718.0,,dotted,null_fill
A2-02,Section 2,2,0.0,719.0,,dotted,null_fill
A2-02,Section 2,2,0.0,720.0,,dotted,null_fill
A2-02,Section 2,2,0.0,721.0,,dotted,null_fill
A2-02,Section 2,2,0.0,722.0,,dotted,null_fill
A2-02,Section 2,2,0.0,723.0,,dotted,null_fill
A2-02,Section 2,2,0.0,724.0,,dotted,null_fill
A2-02,Section 2,2,0.0,725.0,,dotted,null_fill
A2-02,Section 2,2,0.0,726.0,,dotted,null_fill
A2-02,Section 2,2,0.0,727.0,,dotted,null_fill
A2-02,Section 2,2,0.0,728.0,,dotted,null_fill
A2-02,Section 2,2,0.0,729.0,,dotted,null_fill
A2-02,Section 2,2,0.0,730.0,,dotted,null_fill
A2-02,Section 2,2,0.0,731.0,,dotted,null_fill
A2-02,Section 2,2,0.0,732.0,,dotted,null_fill
A2-02,Section 2,2,0.0,733.0,,dotted,null_fill
A2-02,Section 2,2,0.0,734.0,,dotted,null_fill
A2-02,Section 2,2,0.0,735.0,,dotted,null_fill
A2-02,Section 2,2,0.0,736.0,,dotted,null_fill
A2-02,Section 2,2,0.0,737.0,,dotted,null_fill
A2-02,Section 2,2,0.0,738.0,,dotted,null_fill
A2-02,Section 2,2,0.0,739.0,,dotted,null_fill
A2-02,Section 2,2,0.0,740.0,,dotted,null_fill
A2-02,Section 2,2,0.0,741.0,,dotted,null_fill
A2-02,Section 2,2,0.0,742.0,,dotted,null_fill
A2-02,Section 2,2,0.0,743.0,,dotted,null_fill
A2-02,Section 2,2,0.0,744.0,,dotted,null_fill
A2-02,Section 2,2,0.0,745.0,,dotted,null_fill
A2-02,Section 2,2,0.0,746.0,,dotted,null_fill
A2-02,Section 2,2,0.0,747.0,,dotted,null_fill
A2-02,Section 2,2,0.0,748.0,,dotted,null_fill
A2-02,Section 2,2,0.0,749.0,,dotted,null_fill
A2-02,Section 2,2,0.0,750.0,,dotted,null_fill
A2-02,Section 2,2,0.0,751.0,,dotted,null_fill
A2-02,Section 2,2,0.0,752.0,,dotted,null_fill
A2-02,Section 2,2,0.0,753.0,,dotted,null_fill
A2-02,Section 2,2,0.0,754.0,,dotted,null_fill
A2-02,Section 2,2,0.0,755.0,,dotted,null_fill
A2-02,Section 2,2,0.0,756.0,,dotted,null_fill
A2-02,Section 2,2,0.0,757.0,,dotted,null_fill
A2-02,Section 2,2,0.0,758.0,,dotted,null_fill
A2-02,Section 2,2,0.0,759.0,,dotted,null_fill
A2-02,Section 2,2,0.0,760.0,,dotted,null_fill
A2-02,Section 2,2,0.0,761.0,,dotted,null_fill
A2-02,Section 2,2,0.0,762.0,,dotted,null_fill
A2-02,Section 2,2,0.0,763.0,,dotted,null_fill
A2-02,Section 2,2,0.0,764.0,,dotted,null_fill
A2-02,Section 2,2,0.0,765.0,,dotted,null_fill
A2-02,Section 2,2,0.0,766.0,,dotted,null_fill
A2-02,Section 2,2,0.0,767.0,,dotted,null_fill
A2-02,Section 2,2,0.0,768.0,,dotted,null_fill
A2-02,Section 2,2,0.0,769.0,,dotted,null_fill
A2-02,Section 2,2,0.0,770.0,,dotted,null_fill
A2-02,Section 2,2,0.0,771.0,,dotted,null_fill
A2-02,Section 2,2,0.0,772.0,,dotted,null_fill
A2-02,Section 2,2,0.0,773.0,,dotted,null_fill
A2-02,Section 2,2,0.0,774.0,,dotted,null_fill
A2-02,Section 2,2,0.0,775.0,,dotted,null_fill
A2-02,Section 2,2,0.0,776.0,,dotted,null_fill
A2-02,Section 2,2,0.0,777.0,,dotted,null_fill
A2-02,Section 2,2,0.0,778.0,,dotted,null_fill
A2-02,Section 2,2,0.0,779.0,,dotted,null_fill
A2-02,Section 2,2,0.0,780.0,,dotted,null_fill
A2-02,Section 2,2,0.0,781.0,,dotted,null_fill
A2-02,Section 2,2,0.0,782.0,,dotted,null_fill
A2-02,Section 2,2,0.0,783.0,,dotted,null_fill
A2-02,Section 2,2,0.0,784.0,,dotted,null_fill
A2-02,Section 2,2,0.0,785.0,,dotted,null_fill
A2-02,Section 2,2,0.0,786.0,,dotted,null_fill
A2-02,Section 2,2,0.0,787.0,,dotted,null_fill
A2-02,Section 2,2,0.0,788.0,,dotted,null_fill
A2-02,Section 2,2,0.0,789.0,,dotted,null_fill
A2-02,Section 2,2,0.0,790.0,,dotted,null_fill
A2-02,Section 2,2,0.0,791.0,,dotted,null_fill
A2-02,Section 2,2,0.0,792.0,,dotted,null_fill
A2-02,Section 2,2,0.0,793.0,,dotted,null_fill
A2-02,Section 2,2,0.0,794.0,,dotted,null_fill
A2-02,Section 2,2,0.0,795.0,,dotted,null_fill
A2-02,Section 2,2,0.0,796.0,,dotted,null_fill
A2-02,Section 2,2,0.0,797.0,,dotted,null_fill
A2-02,Section 2,2,0.0,798.0,,dotted,null_fill
A2-02,Section 2,2,0.0,799.0,,dotted,null_fill
A2-02,Section 2,2,0.0,800.0,,dotted,null_fill
A2-02,Section 2,2,0.0,801.0,,dotted,null_fill
A2-02,Section 2,2,0.0,802.0,,dotted,null_fill
A2-02,Section 2,2,0.0,803.0,,dotted,null_fill
A2-02,Section 2,2,0.0,804.0,,dotted,null_fill
A2-02,Section 2,2,0.0,805.0,,dotted,null_fill
A2-02,Section 2,2,0.0,806.0,,dotted,null_fill
A2-02,Section 2,2,0.0,807.0,,dotted,null_fill
A2-02,Section 2,2,0.0,808.0,,dotted,null_fill
A2-02,Section 2,2,0.0,809.0,,dotted,null_fill
A2-02,Section 2,2,0.0,810.0,,dotted,null_fill
A2-02,Section 2,2,0.0,811.0,,dotted,null_fill
A2-02,Section 2,2,0.0,812.0,,dotted,null_fill
A2-02,Section 2,2,0.0,813.0,,dotted,null_fill
A2-02,Section 2,2,0.0,814.0,,dotted,null_fill
A2-02,Section 2,2,0.0,815.0,,dotted,null_fill
A2-02,Section 2,2,0.0,816.0,,dotted,null_fill
A2-02,Section 2,2,0.0,817.0,,dotted,null_fill
A2-02,Section 2,2,0.0,818.0,,dotted,null_fill
A2-02,Section 2,2,0.0,819.0,,dotted,null_fill
A2-02,Section 2,2,0.0,820.0,,dotted,null_fill
A2-02,Section 2,2,0.0,821.0,,dotted,null_fill
A2-02,Section 2,2,0.0,822.0,,dotted,null_fill
A2-02,Section 2,2,0.0,823.0,,dotted,null_fill
A2-02,Section 2,2,0.0,824.0,,dotted,null_fill
A2-02,Section 2,2,0.0,825.0,,dotted,null_fill
A2-02,Section 2,2,0.0,826.0,,dotted,null_fill
A2-02,Section 2,2,0.0,827.0,,dotted,null_fill
A2-02,Section 2,2,0.0,828.0,,dotted,null_fill
A2-02,Section 2,2,0.0,829.0,,dotted,null_fill
A2-02,Section 2,2,0.0,830.0,,dotted,null_fill
A2-02,Section 2,2,0.0,831.0,,dotted,null_fill
A2-02,Section 2,2,0.0,832.0,,dotted,null_fill
A2-02,Section 2,2,0.0,833.0,,dotted,null_fill
A2-02,Section 2,2,0.0,834.0,,dotted,null_fill
A2-02,Section 2,2,0.0,835.0,,dotted,null_fill
A2-02,Section 2,2,0.0,836.0,,dotted,null_fill
A2-02,Section 2,2,0.0,837.0,,dotted,null_fill
A2-02,Section 2,2,0.0,838.0,,dotted,null_fill
A2-02,Section 2,2,0.0,839.0,,dotted,null_fill
A2-02,Section 2,2,0.0,840.0,,dotted,null_fill
A2-02,Section 2,2,0.0,841.0,,dotted,null_fill
A2-02,Section 2,2,0.0,842.0,,dotted,null_fill
A2-02,Section 2,2,0.0,843.0,,dotted,null_fill
A2-02,Section 2,2,0.0,844.0,,dotted,null_fill
A2-02,Section 2,2,0.0,845.0,,dotted,null_fill
A2-02,Section 2,2,0.0,846.0,,dotted,null_fill
A2-02,Section 2,2,0.0,847.0,,dotted,null_fill
A2-02,Section 2,2,0.0,848.0,,dotted,null_fill
A2-02,Section 2,2,0.0,849.0,,dotted,null_fill
A2-02,Section 2,2,0.0,850.0,,dotted,null_fill
A2-02,Section 2,2,0.0,851.0,,dotted,null_fill
A2-02,Section 2,2,0.0,852.0,,dotted,null_fill
A2-02,Section 2,2,0.0,853.0,,dotted,null_fill
A2-02,Section 2,2,0.0,854.0,,dotted,null_fill
A2-02,Section 2,2,0.0,855.0,,dotted,null_fill
A2-02,Section 2,2,0.0,856.0,,dotted,null_fill
A2-02,Section 2,2,0.0,857.0,,dotted,null_fill
A2-02,Section 2,2,0.0,858.0,,dotted,null_fill
A2-02,Section 2,2,0.0,859.0,,dotted,null_fill
A2-02,Section 2,2,0.0,860.0,,dotted,null_fill
A2-02,Section 2,2,0.0,861.0,,dotted,null_fill
A2-02,Section 2,2,0.0,862.0,,dotted,null_fill
A2-02,Section 2,2,0.0,863.0,,dotted,null_fill
A2-02,Section 2,2,0.0,864.0,,dotted,null_fill
A2-02,Section 2,2,0.0,865.0,,dotted,null_fill
A2-02,Section 2,2,0.0,866.0,,dotted,null_fill
A2-02,Section 2,2,0.0,867.0,,dotted,null_fill
A2-02,Section 2,2,0.0,868.0,,dotted,null_fill
A2-02,Section 2,2,0.0,869.0,,dotted,null_fill
A2-02,Section 2,2,0.0,870.0,,dotted,null_fill
A2-02,Section 2,2,0.0,871.0,,dotted,null_fill
A2-02,Section 2,2,0.0,872.0,,dotted,null_fill
A2-02,Section 2,2,0.0,873.0,,dotted,null_fill
A2-02,Section 2,2,0.0,874.0,,dotted,null_fill
A2-02,Section 2,2,0.0,875.0,,dotted,null_fill
A2-02,Section 2,2,0.0,876.0,,dotted,null_fill
A2-02,Section 2,2,0.0,877.0,,dotted,null_fill
A2-02,Section 2,2,0.0,878.0,,dotted,null_fill
A2-02,Section 2,2,0.0,879.0,,dotted,null_fill
A2-02,Section 2,2,0.0,880.0,,dotted,null_fill
A2-02,Section 2,2,0.0,881.0,,dotted,null_fill
A2-02,Section 2,2,0.0,882.0,,dotted,null_fill
A2-02,Section 2,2,0.0,883.0,,dotted,null_fill
A2-02,Section 2,2,0.0,884.0,,dotted,null_fill
A2-02,Section 2,2,0.0,885.0,,dotted,null_fill
A2-02,Section 2,2,0.0,886.0,,dotted,null_fill
A2-02,Section 2,2,0.0,887.0,,dotted,null_fill
A2-02,Section 2,2,0.0,888.0,,dotted,null_fill
A2-02,Section 2,2,0.0,889.0,,dotted,null_fill
A2-02,Section 2,2,0.0,890.0,,dotted,null_fill
A2-02,Section 2,2,0.0,891.0,,dotted,null_fill
A2-02,Section 2,2,0.0,892.0,,dotted,null_fill
A2-02,Section 2,2,0.0,893.0,,dotted,null_fill
A2-02,Section 2,2,0.0,894.0,,dotted,null_fill
A2-02,Section 2,2,0.0,895.0,,dotted,null_fill
A2-02,Section 2,2,0.0,896.0,,dotted,null_fill
A2-02,Section 2,2,0.0,897.0,,dotted,null_fill
A2-02,Section 2,2,0.0,898.0,,dotted,null_fill
A2-02,Section 2,2,0.0,899.0,,dotted,null_fill
A2-02,Section 2,2,0.0,900.0,,dotted,null_fill
A2-02,Section 2,2,0.0,901.0,,dotted,null_fill
A2-02,Section 2,2,0.0,902.0,,dotted,null_fill
A2-02,Section 2,2,0.0,903.0,,dotted,null_fill
A2-02,Section 2,2,0.0,904.0,,dotted,null_fill
A2-02,Section 2,2,0.0,905.0,,dotted,null_fill
A2-02,Section 2,2,0.0,906.0,,dotted,null_fill
A2-02,Section 2,2,0.0,907.0,,dotted,null_fill
A2-02,Section 2,2,0.0,908.0,,dotted,null_fill
A2-02,Section 2,2,0.0,909.0,,dotted,null_fill
A2-02,Section 2,2,0.0,910.0,,dotted,null_fill
A2-02,Section 2,2,0.0,911.0,,dotted,null_fill
A2-02,Section 2,2,0.0,912.0,,dotted,null_fill
A2-02,Section 2,2,0.0,913.0,,dotted,null_fill
A2-02,Section 2,2,0.0,914.0,,dotted,null_fill
A2-02,Section 2,2,0.0,915.0,,dotted,null_fill
A2-02,Section 2,2,0.0,916.0,,dotted,null_fill
A2-02,Section 2,2,0.0,917.0,,dotted,null_fill
A2-02,Section 2,2,0.0,918.0,,dotted,null_fill
A2-02,Section 2,2,0.0,919.0,,dotted,null_fill
A2-02,Section 2,2,0.0,920.0,,dotted,null_fill
A2-02,Section 2,2,0.0,921.0,,dotted,null_fill
A2-02,Section 2,2,0.0,922.0,,dotted,null_fill
A2-02,Section 2,2,0.0,923.0,,dotted,null_fill
A2-02,Section 2,2,0.0,924.0,,dotted,null_fill
A2-02,Section 2,2,0.0,925.0,,dotted,null_fill
A2-02,Section 2,2,0.0,926.0,,dotted,null_fill
A2-02,Section 2,2,0.0,927.0,,dotted,null_fill
A2-02,Section 2,2,0.0,928.0,,dotted,null_fill
A2-02,Section 2,2,0.0,929.0,,dotted,null_fill
A2-02,Section 2,2,0.0,930.0,,dotted,null_fill
A2-02,Section 2,2,0.0,931.0,,dotted,null_fill
A2-02,Section 2,2,0.0,932.0,,dotted,null_fill
A2-02,Section 2,2,0.0,933.0,,dotted,null_fill
A2-02,Section 2,2,0.0,934.0,,dotted,null_fill
A2-02,Section 2,2,0.0,935.0,,dotted,null_fill
A2-02,Section 2,2,0.0,936.0,,dotted,null_fill
A2-02,Section 2,2,0.0,937.0,,dotted,null_fill
A2-02,Section 2,2,0.0,938.0,,dotted,null_fill
A2-02,Section 2,2,0.0,939.0,,dotted,null_fill
A2-02,Section 2,2,0.0,940.0,,dotted,null_fill
A2-02,Section 2,2,0.0,941.0,,dotted,null_fill
A2-02,Section 2,2,0.0,942.0,,dotted,null_fill
A2-02,Section 2,2,0.0,943.0,,dotted,null_fill
A2-02,Section 2,2,0.0,944.0,,dotted,null_fill
A2-02,Section 2,2,0.0,945.0,,dotted,null_fill
A2-02,Section 2,2,0.0,946.0,,dotted,null_fill
A2-02,Section 2,2,0.0,947.0,,dotted,null_fill
A2-02,Section 2,2,0.0,948.0,,dotted,null_fill
A2-02,Section 2,2,0.0,949.0,,dotted,null_fill
A2-02,Section 2,2,0.0,950.0,,dotted,null_fill
A2-02,Section 2,2,0.0,951.0,,dotted,null_fill
A2-02,Section 2,2,0.0,952.0,,dotted,null_fill
A2-02,Section 2,2,0.0,953.0,,dotted,null_fill
A2-02,Section 2,2,0.0,954.0,,dotted,null_fill
A2-02,Section 2,2,0.0,955.0,,dotted,null_fill
A2-02,Section 2,2,0.0,956.0,,dotted,null_fill
A2-02,Section 2,2,0.0,957.0,,dotted,null_fill
A2-02,Section 2,2,0.0,958.0,,dotted,null_fill
A2-02,Section 2,2,0.0,959.0,,dotted,null_fill
A2-02,Section 2,2,0.0,960.0,,dotted,null_fill
A2-02,Section 2,2,0.0,961.0,,dotted,null_fill
A2-02,Section 2,2,0.0,962.0,,dotted,null_fill
A2-02,Section 2,2,0.0,963.0,,dotted,null_fill
A2-02,Section 2,2,0.0,964.0,,dotted,null_fill
A2-02,Section 2,2,0.0,965.0,,dotted,null_fill
A2-02,Section 2,2,0.0,966.0,,dotted,null_fill
A2-02,Section 2,2,0.0,967.0,,dotted,null_fill
A2-02,Section 2,2,0.0,968.0,,dotted,null_fill
A2-02,Section 2,2,0.0,969.0,,dotted,null_fill
A2-02,Section 2,2,0.0,970.0,,dotted,null_fill
A2-02,Section 2,2,0.0,971.0,,dotted,null_fill
A2-02,Section 2,2,0.0,972.0,,dotted,null_fill
A2-02,Section 2,2,0.0,973.0,,dotted,null_fill
A2-02,Section 2,2,0.0,974.0,,dotted,null_fill
A2-02,Section 2,2,0.0,975.0,,dotted,null_fill
A2-02,Section 2,2,0.0,976.0,,dotted,null_fill
A2-03,Section 3,3,0.0,0.0,,dotted,null_fill
A2-03,Section 3,3,0.0,1.0,,dotted,null_fill
A2-03,Section 3,3,0.0,2.0,,dotted,null_fill
A2-03,Section 3,3,0.0,3.0,,dotted,null_fill
A2-03,Section 3,3,0.0,4.0,,dotted,null_fill
A2-03,Section 3,3,0.0,5.0,,dotted,null_fill
A2-03,Section 3,3,0.0,6.0,,dotted,null_fill
A2-03,Section 3,3,0.0,7.0,,dotted,null_fill
A2-03,Section 3,3,0.0,8.0,,dotted,null_fill
A2-03,Section 3,3,0.0,9.0,,dotted,null_fill
A2-03,Section 3,3,0.0,10.0,,dotted,null_fill
A2-03,Section 3,3,0.0,11.0,,dotted,null_fill
A2-03,Section 3,3,0.0,12.0,,dotted,null_fill
A2-03,Section 3,3,0.0,13.0,,dotted,null_fill
A2-03,Section 3,3,0.0,14.0,,dotted,null_fill
A2-03,Section 3,3,0.0,15.0,,dotted,null_fill
A2-03,Section 3,3,0.0,16.0,,dotted,null_fill
A2-03,Section 3,3,0.0,17.0,,dotted,null_fill
A2-03,Section 3,3,0.0,18.0,,dotted,null_fill
A2-03,Section 3,3,0.0,19.0,,dotted,null_fill
A2-03,Section 3,3,0.0,20.0,,dotted,null_fill
A2-03,Section 3,3,0.0,21.0,,dotted,null_fill
A2-03,Section 3,3,0.0,22.0,,dotted,null_fill
A2-03,Section 3,3,0.0,23.0,,dotted,null_fill
A2-03,Section 3,3,0.0,24.0,,dotted,null_fill
A2-03,Section 3,3,0.0,25.0,,dotted,null_fill
A2-03,Section 3,3,0.0,26.0,,dotted,null_fill
A2-03,Section 3,3,0.0,27.0,,dotted,null_fill
A2-03,Section 3,3,0.0,28.0,,dotted,null_fill
A2-03,Section 3,3,0.0,29.0,,dotted,null_fill
A2-03,Section 3,3,0.0,30.0,,dotted,null_fill
A2-03,Section 3,3,0.0,31.0,,dotted,null_fill
A2-03,Section 3,3,0.0,32.0,,dotted,null_fill
A2-03,Section 3,3,0.0,33.0,,dotted,null_fill
A2-03,Section 3,3,25.901460647583008,34.0,25.901460647583008,solid,sampled
A2-03,Section 3,3,25.945934295654297,35.0,25.945934295654297,solid,sampled
A2-03,Section 3,3,25.925491333007812,36.0,25.925491333007812,solid,sampled
A2-03,Section 3,3,26.083654403686523,37.0,26.083654403686523,solid,sampled
A2-03,Section 3,3,26.026233673095703,38.0,26.026233673095703,solid,sampled
A2-03,Section 3,3,25.78331756591797,39.0,25.78331756591797,solid,sampled
A2-03,Section 3,3,25.30902862548828,40.0,25.30902862548828,solid,sampled
A2-03,Section 3,3,24.433292388916016,41.0,24.433292388916016,solid,sampled
A2-03,Section 3,3,24.02893829345703,42.0,24.02893829345703,solid,sampled
A2-03,Section 3,3,23.58773422241211,43.0,23.58773422241211,solid,sampled
A2-03,Section 3,3,23.2564640045166,44.0,23.2564640045166,solid,sampled
A2-03,Section 3,3,22.895647048950195,45.0,22.895647048950195,solid,sampled
A2-03,Section 3,3,21.937692642211914,46.0,21.937692642211914,solid,sampled
A2-03,Section 3,3,22.19308090209961,47.0,22.19308090209961,solid,sampled
A2-03,Section 3,3,22.063758850097656,48.0,22.063758850097656,solid,sampled
A2-03,Section 3,3,21.694059371948242,49.0,21.694059371948242,solid,sampled
A2-03,Section 3,3,21.53917121887207,50.0,21.53917121887207,solid,sampled
A2-03,Section 3,3,21.352495193481445,51.0,21.352495193481445,solid,sampled
A2-03,Section 3,3,21.287351608276367,52.0,21.287351608276367,solid,sampled
A2-03,Section 3,3,21.139297485351562,53.0,21.139297485351562,solid,sampled
A2-03,Section 3,3,20.967426300048828,54.0,20.967426300048828,solid,sampled
A2-03,Section 3,3,20.749187469482422,55.0,20.749187469482422,solid,sampled
A2-03,Section 3,3,20.487668991088867,56.0,20.487668991088867,solid,sampled
A2-03,Section 3,3,19.987239837646484,57.0,19.987239837646484,solid,sampled
A2-03,Section 3,3,19.52811050415039,58.0,19.52811050415039,solid,sampled
A2-03,Section 3,3,19.062898635864258,59.0,19.062898635864258,solid,sampled
A2-03,Section 3,3,18.643733978271484,60.0,18.643733978271484,solid,sampled
A2-03,Section 3,3,18.116161346435547,61.0,18.116161346435547,solid,sampled
A2-03,Section 3,3,17.608917236328125,62.0,17.608917236328125,solid,sampled
A2-03,Section 3,3,17.075361251831055,63.0,17.075361251831055,solid,sampled
A2-03,Section 3,3,16.526531219482422,64.0,16.526531219482422,solid,sampled
A2-03,Section 3,3,15.999950408935547,65.0,15.999950408935547,solid,sampled
A2-03,Section 3,3,15.202999114990234,66.0,15.202999114990234,solid,sampled
A2-03,Section 3,3,14.804813385009766,67.0,14.804813385009766,solid,sampled
A2-03,Section 3,3,14.180601119995117,68.0,14.180601119995117,solid,sampled
A2-03,Section 3,3,13.335206031799316,69.0,13.335206031799316,solid,sampled
A2-03,Section 3,3,12.743561744689941,70.0,12.743561744689941,solid,sampled
A2-03,Section 3,3,10.943629264831543,71.0,10.943629264831543,solid,sampled
A2-03,Section 3,3,9.465353965759277,72.0,9.465353965759277,solid,sampled
A2-03,Section 3,3,8.460558891296387,73.0,8.460558891296387,solid,sampled
A2-03,Section 3,3,7.255736827850342,74.0,7.255736827850342,solid,sampled
A2-03,Section 3,3,6.723743438720703,75.0,6.723743438720703,solid,sampled
A2-03,Section 3,3,6.511622428894043,76.0,6.511622428894043,solid,sampled
A2-03,Section 3,3,5.1246442794799805,77.0,5.1246442794799805,solid,sampled
A2-03,Section 3,3,3.6112265586853027,78.0,3.6112265586853027,solid,sampled
A2-03,Section 3,3,2.8115291595458984,79.0,2.8115291595458984,solid,sampled
A2-03,Section 3,3,2.482236623764038,80.0,2.482236623764038,solid,sampled
A2-03,Section 3,3,2.6453065872192383,81.0,2.6453065872192383,solid,sampled
A2-03,Section 3,3,2.412989616394043,82.0,2.412989616394043,solid,sampled
A2-03,Section 3,3,2.6015114784240723,83.0,2.6015114784240723,solid,sampled
A2-03,Section 3,3,2.2934017181396484,84.0,2.2934017181396484,solid,sampled
A2-03,Section 3,3,2.178295135498047,85.0,2.178295135498047,solid,sampled
A2-03,Section 3,3,1.3830968141555786,86.0,1.3830968141555786,solid,sampled
A2-03,Section 3,3,1.3220646381378174,87.0,1.3220646381378174,solid,sampled
A2-03,Section 3,3,0.680194616317749,88.0,0.680194616317749,solid,sampled
A2-03,Section 3,3,0.5604194402694702,89.0,0.5604194402694702,solid,sampled
A2-03,Section 3,3,0.4987034797668457,90.0,0.4987034797668457,solid,sampled
A2-03,Section 3,3,0.43608543276786804,91.0,0.43608543276786804,solid,sampled
A2-03,Section 3,3,0.40169796347618103,92.0,0.40169796347618103,solid,sampled
A2-03,Section 3,3,0.35080409049987793,93.0,0.35080409049987793,solid,sampled
A2-03,Section 3,3,0.3176148533821106,94.0,0.3176148533821106,solid,sampled
A2-03,Section 3,3,0.2669968605041504,95.0,0.2669968605041504,solid,sampled
A2-03,Section 3,3,0.24017369747161865,96.0,0.24017369747161865,solid,sampled
A2-03,Section 3,3,0.18927305936813354,97.0,0.18927305936813354,solid,sampled
A2-03,Section 3,3,0.1449601650238037,98.0,0.1449601650238037,solid,sampled
A2-03,Section 3,3,0.10549182444810867,99.0,0.10549182444810867,solid,sampled
A2-03,Section 3,3,0.05129149556159973,100.0,0.05129149556159973,solid,sampled
A2-03,Section 3,3,0.013262368738651276,101.0,0.013262368738651276,solid,sampled
A2-03,Section 3,3,-0.026095502078533173,102.0,-0.026095502078533173,solid,sampled
A2-03,Section 3,3,-0.060360558331012726,103.0,-0.060360558331012726,solid,sampled
A2-03,Section 3,3,-0.07961644232273102,104.0,-0.07961644232273102,solid,sampled
A2-03,Section 3,3,-0.11548696458339691,105.0,-0.11548696458339691,solid,sampled
A2-03,Section 3,3,-0.14806796610355377,106.0,-0.14806796610355377,solid,sampled
A2-03,Section 3,3,-0.17683100700378418,107.0,-0.17683100700378418,solid,sampled
A2-03,Section 3,3,-0.22313305735588074,108.0,-0.22313305735588074,solid,sampled
A2-03,Section 3,3,-0.26378363370895386,109.0,-0.26378363370895386,solid,sampled
A2-03,Section 3,3,-0.30624479055404663,110.0,-0.30624479055404663,solid,sampled
A2-03,Section 3,3,-0.3346305191516876,111.0,-0.3346305191516876,solid,sampled
A2-03,Section 3,3,-0.3871411085128784,112.0,-0.3871411085128784,solid,sampled
A2-03,Section 3,3,-0.41082167625427246,113.0,-0.41082167625427246,solid,sampled
A2-03,Section 3,3,-0.44108378887176514,114.0,-0.44108378887176514,solid,sampled
A2-03,Section 3,3,-0.45667150616645813,115.0,-0.45667150616645813,solid,sampled
A2-03,Section 3,3,-0.480583131313324,116.0,-0.480583131313324,solid,sampled
A2-03,Section 3,3,-0.5039598941802979,117.0,-0.5039598941802979,solid,sampled
A2-03,Section 3,3,-0.5295305252075195,118.0,-0.5295305252075195,solid,sampled
A2-03,Section 3,3,-0.5617539882659912,119.0,-0.5617539882659912,solid,sampled
A2-03,Section 3,3,-0.5916522741317749,120.0,-0.5916522741317749,solid,sampled
A2-03,Section 3,3,-0.6387264728546143,121.0,-0.6387264728546143,solid,sampled
A2-03,Section 3,3,-0.6865137219429016,122.0,-0.6865137219429016,solid,sampled
A2-03,Section 3,3,-0.736621081829071,123.0,-0.736621081829071,solid,sampled
A2-03,Section 3,3,-0.7812702059745789,124.0,-0.7812702059745789,solid,sampled
A2-03,Section 3,3,-0.8245161771774292,125.0,-0.8245161771774292,solid,sampled
A2-03,Section 3,3,-0.8714280128479004,126.0,-0.8714280128479004,solid,sampled
A2-03,Section 3,3,-0.9114140868186951,127.0,-0.9114140868186951,solid,sampled
A2-03,Section 3,3,-0.9728808999061584,128.0,-0.9728808999061584,solid,sampled
A2-03,Section 3,3,-1.0237410068511963,129.0,-1.0237410068511963,solid,sampled
A2-03,Section 3,3,-1.0771021842956543,130.0,-1.0771021842956543,solid,sampled
A2-03,Section 3,3,-1.1312679052352905,131.0,-1.1312679052352905,solid,sampled
A2-03,Section 3,3,-1.203322410583496,132.0,-1.203322410583496,solid,sampled
A2-03,Section 3,3,-1.2513391971588135,133.0,-1.2513391971588135,solid,sampled
A2-03,Section 3,3,-1.3231256008148193,134.0,-1.3231256008148193,solid,sampled
A2-03,Section 3,3,-1.385167121887207,135.0,-1.385167121887207,solid,sampled
A2-03,Section 3,3,-1.4356495141983032,136.0,-1.4356495141983032,solid,sampled
A2-03,Section 3,3,-1.4546735286712646,137.0,-1.4546735286712646,solid,sampled
A2-03,Section 3,3,-1.4648065567016602,138.0,-1.4648065567016602,solid,sampled
A2-03,Section 3,3,-1.4756500720977783,139.0,-1.4756500720977783,solid,sampled
A2-03,Section 3,3,-1.4955377578735352,140.0,-1.4955377578735352,solid,sampled
A2-03,Section 3,3,-1.4776849746704102,141.0,-1.4776849746704102,solid,sampled
A2-03,Section 3,3,-1.4745292663574219,142.0,-1.4745292663574219,solid,sampled
A2-03,Section 3,3,-1.4784951210021973,143.0,-1.4784951210021973,solid,sampled
A2-03,Section 3,3,-1.498018741607666,144.0,-1.498018741607666,solid,sampled
A2-03,Section 3,3,-1.4978536367416382,145.0,-1.4978536367416382,solid,sampled
A2-03,Section 3,3,-1.5042051076889038,146.0,-1.5042051076889038,solid,sampled
A2-03,Section 3,3,-1.515544056892395,147.0,-1.515544056892395,solid,sampled
A2-03,Section 3,3,-1.5213282108306885,148.0,-1.5213282108306885,solid,sampled
A2-03,Section 3,3,-1.5326327085494995,149.0,-1.5326327085494995,solid,sampled
A2-03,Section 3,3,-1.5447072982788086,150.0,-1.5447072982788086,solid,sampled
A2-03,Section 3,3,-1.562947154045105,151.0,-1.562947154045105,solid,sampled
A2-03,Section 3,3,-1.5613327026367188,152.0,-1.5613327026367188,solid,sampled
A2-03,Section 3,3,-1.5634636878967285,153.0,-1.5634636878967285,solid,sampled
A2-03,Section 3,3,-1.5489346981048584,154.0,-1.5489346981048584,solid,sampled
A2-03,Section 3,3,-1.5643534660339355,155.0,-1.5643534660339355,solid,sampled
A2-03,Section 3,3,-1.5604465007781982,156.0,-1.5604465007781982,solid,sampled
A2-03,Section 3,3,-1.5569679737091064,157.0,-1.5569679737091064,solid,sampled
A2-03,Section 3,3,-1.5677719116210938,158.0,-1.5677719116210938,solid,sampled
A2-03,Section 3,3,-1.600606918334961,159.0,-1.600606918334961,solid,sampled
A2-03,Section 3,3,-1.5828524827957153,160.0,-1.5828524827957153,solid,sampled
A2-03,Section 3,3,-1.5859934091567993,161.0,-1.5859934091567993,solid,sampled
A2-03,Section 3,3,-1.5655169486999512,162.0,-1.5655169486999512,solid,sampled
A2-03,Section 3,3,-1.568925380706787,163.0,-1.568925380706787,solid,sampled
A2-03,Section 3,3,-1.5642038583755493,164.0,-1.5642038583755493,solid,sampled
A2-03,Section 3,3,-1.5821653604507446,165.0,-1.5821653604507446,solid,sampled
A2-03,Section 3,3,-1.5641376972198486,166.0,-1.5641376972198486,solid,sampled
A2-03,Section 3,3,-1.5796303749084473,167.0,-1.5796303749084473,solid,sampled
A2-03,Section 3,3,-1.5805318355560303,168.0,-1.5805318355560303,solid,sampled
A2-03,Section 3,3,-1.5791494846343994,169.0,-1.5791494846343994,solid,sampled
A2-03,Section 3,3,-1.5762614011764526,170.0,-1.5762614011764526,solid,sampled
A2-03,Section 3,3,-1.60609769821167,171.0,-1.60609769821167,solid,sampled
A2-03,Section 3,3,-1.5956244468688965,172.0,-1.5956244468688965,solid,sampled
A2-03,Section 3,3,-1.6423392295837402,173.0,-1.6423392295837402,solid,sampled
A2-03,Section 3,3,-1.6296353340148926,174.0,-1.6296353340148926,solid,sampled
A2-03,Section 3,3,-1.6189067363739014,175.0,-1.6189067363739014,solid,sampled
A2-03,Section 3,3,-1.6236095428466797,176.0,-1.6236095428466797,solid,sampled
A2-03,Section 3,3,-1.631842851638794,177.0,-1.631842851638794,solid,sampled
A2-03,Section 3,3,-1.6309905052185059,178.0,-1.6309905052185059,solid,sampled
A2-03,Section 3,3,-1.6431879997253418,179.0,-1.6431879997253418,solid,sampled
A2-03,Section 3,3,-1.6432753801345825,180.0,-1.6432753801345825,solid,sampled
A2-03,Section 3,3,-1.647582769393921,181.0,-1.647582769393921,solid,sampled
A2-03,Section 3,3,-1.6518982648849487,182.0,-1.6518982648849487,solid,sampled
A2-03,Section 3,3,-1.6607919931411743,183.0,-1.6607919931411743,solid,sampled
A2-03,Section 3,3,-1.6597353219985962,184.0,-1.6597353219985962,solid,sampled
A2-03,Section 3,3,-1.6666704416275024,185.0,-1.6666704416275024,solid,sampled
A2-03,Section 3,3,-1.6698098182678223,186.0,-1.6698098182678223,solid,sampled
A2-03,Section 3,3,-1.6873219013214111,187.0,-1.6873219013214111,solid,sampled
A2-03,Section 3,3,-1.698516607284546,188.0,-1.698516607284546,solid,sampled
A2-03,Section 3,3,-1.681485652923584,189.0,-1.681485652923584,solid,sampled
A2-03,Section 3,3,-1.7176862955093384,190.0,-1.7176862955093384,solid,sampled
A2-03,Section 3,3,-1.7071741819381714,191.0,-1.7071741819381714,solid,sampled
A2-03,Section 3,3,-1.6993188858032227,192.0,-1.6993188858032227,solid,sampled
A2-03,Section 3,3,-1.7142499685287476,193.0,-1.7142499685287476,solid,sampled
A2-03,Section 3,3,-1.7149947881698608,194.0,-1.7149947881698608,solid,sampled
A2-03,Section 3,3,-1.7335307598114014,195.0,-1.7335307598114014,solid,sampled
A2-03,Section 3,3,-1.7202019691467285,196.0,-1.7202019691467285,solid,sampled
A2-03,Section 3,3,-1.7405837774276733,197.0,-1.7405837774276733,solid,sampled
A2-03,Section 3,3,-1.7479217052459717,198.0,-1.7479217052459717,solid,sampled
A2-03,Section 3,3,-1.7602735757827759,199.0,-1.7602735757827759,solid,sampled
A2-03,Section 3,3,-1.7541640996932983,200.0,-1.7541640996932983,solid,sampled
A2-03,Section 3,3,-1.7384631633758545,201.0,-1.7384631633758545,solid,sampled
A2-03,Section 3,3,-1.738081693649292,202.0,-1.738081693649292,solid,sampled
A2-03,Section 3,3,-1.778381109237671,203.0,-1.778381109237671,solid,sampled
A2-03,Section 3,3,-1.7676067352294922,204.0,-1.7676067352294922,solid,sampled
A2-03,Section 3,3,-1.761344313621521,205.0,-1.761344313621521,solid,sampled
A2-03,Section 3,3,-1.7603685855865479,206.0,-1.7603685855865479,solid,sampled
A2-03,Section 3,3,-1.7752372026443481,207.0,-1.7752372026443481,solid,sampled
A2-03,Section 3,3,-1.7839395999908447,208.0,-1.7839395999908447,solid,sampled
A2-03,Section 3,3,-1.7932002544403076,209.0,-1.7932002544403076,solid,sampled
A2-03,Section 3,3,-1.807309627532959,210.0,-1.807309627532959,solid,sampled
A2-03,Section 3,3,-1.7731947898864746,211.0,-1.7731947898864746,solid,sampled
A2-03,Section 3,3,-1.7772912979125977,212.0,-1.7772912979125977,solid,sampled
A2-03,Section 3,3,-1.806511402130127,213.0,-1.806511402130127,solid,sampled
A2-03,Section 3,3,-1.8238368034362793,214.0,-1.8238368034362793,solid,sampled
A2-03,Section 3,3,-1.8165830373764038,215.0,-1.8165830373764038,solid,sampled
A2-03,Section 3,3,-1.8160722255706787,216.0,-1.8160722255706787,solid,sampled
A2-03,Section 3,3,-1.8086780309677124,217.0,-1.8086780309677124,solid,sampled
A2-03,Section 3,3,-1.807339072227478,218.0,-1.807339072227478,solid,sampled
A2-03,Section 3,3,-1.8318694829940796,219.0,-1.8318694829940796,solid,sampled
A2-03,Section 3,3,-1.835066795349121,220.0,-1.835066795349121,solid,sampled
A2-03,Section 3,3,-1.7741315364837646,221.0,-1.7741315364837646,solid,sampled
A2-03,Section 3,3,-1.8463902473449707,222.0,-1.8463902473449707,solid,sampled
A2-03,Section 3,3,-1.834833025932312,223.0,-1.834833025932312,solid,sampled
A2-03,Section 3,3,-1.825278878211975,224.0,-1.825278878211975,solid,sampled
A2-03,Section 3,3,-1.8498444557189941,225.0,-1.8498444557189941,solid,sampled
A2-03,Section 3,3,-1.840083122253418,226.0,-1.840083122253418,solid,sampled
A2-03,Section 3,3,-1.8494019508361816,227.0,-1.8494019508361816,solid,sampled
A2-03,Section 3,3,-1.858811616897583,228.0,-1.858811616897583,solid,sampled
A2-03,Section 3,3,-1.8742024898529053,229.0,-1.8742024898529053,solid,sampled
A2-03,Section 3,3,-1.88874089717865,230.0,-1.88874089717865,solid,sampled
A2-03,Section 3,3,-1.8833038806915283,231.0,-1.8833038806915283,solid,sampled
A2-03,Section 3,3,-1.881443738937378,232.0,-1.881443738937378,solid,sampled
A2-03,Section 3,3,-1.8974014520645142,233.0,-1.8974014520645142,solid,sampled
A2-03,Section 3,3,-1.9105861186981201,234.0,-1.9105861186981201,solid,sampled
A2-03,Section 3,3,-1.9149043560028076,235.0,-1.9149043560028076,solid,sampled
A2-03,Section 3,3,-1.9060717821121216,236.0,-1.9060717821121216,solid,sampled
A2-03,Section 3,3,-1.8904287815093994,237.0,-1.8904287815093994,solid,sampled
A2-03,Section 3,3,-1.9090288877487183,238.0,-1.9090288877487183,solid,sampled
A2-03,Section 3,3,-1.9057317972183228,239.0,-1.9057317972183228,solid,sampled
A2-03,Section 3,3,-1.9167914390563965,240.0,-1.9167914390563965,solid,sampled
A2-03,Section 3,3,-1.9171535968780518,241.0,-1.9171535968780518,solid,sampled
A2-03,Section 3,3,-1.9158258438110352,242.0,-1.9158258438110352,solid,sampled
A2-03,Section 3,3,-1.9210959672927856,243.0,-1.9210959672927856,solid,sampled
A2-03,Section 3,3,-1.9211777448654175,244.0,-1.9211777448654175,solid,sampled
A2-03,Section 3,3,-1.9355566501617432,245.0,-1.9355566501617432,solid,sampled
A2-03,Section 3,3,-1.942284107208252,246.0,-1.942284107208252,solid,sampled
A2-03,Section 3,3,-1.949325442314148,247.0,-1.949325442314148,solid,sampled
A2-03,Section 3,3,-1.9408118724822998,248.0,-1.9408118724822998,solid,sampled
A2-03,Section 3,3,-1.949556589126587,249.0,-1.949556589126587,solid,sampled
A2-03,Section 3,3,-1.9487671852111816,250.0,-1.9487671852111816,solid,sampled
A2-03,Section 3,3,-1.9579105377197266,251.0,-1.9579105377197266,solid,sampled
A2-03,Section 3,3,-1.9690568447113037,252.0,-1.9690568447113037,solid,sampled
A2-03,Section 3,3,-1.9576845169067383,253.0,-1.9576845169067383,solid,sampled
A2-03,Section 3,3,-1.9514847993850708,254.0,-1.9514847993850708,solid,sampled
A2-03,Section 3,3,-1.959378719329834,255.0,-1.959378719329834,solid,sampled
A2-03,Section 3,3,-1.9803550243377686,256.0,-1.9803550243377686,solid,sampled
A2-03,Section 3,3,-1.967149019241333,257.0,-1.967149019241333,solid,sampled
A2-03,Section 3,3,-1.9680862426757812,258.0,-1.9680862426757812,solid,sampled
A2-03,Section 3,3,-1.9804706573486328,259.0,-1.9804706573486328,solid,sampled
A2-03,Section 3,3,-1.9843260049819946,260.0,-1.9843260049819946,solid,sampled
A2-03,Section 3,3,-1.9571938514709473,261.0,-1.9571938514709473,solid,sampled
A2-03,Section 3,3,-1.9851298332214355,262.0,-1.9851298332214355,solid,sampled
A2-03,Section 3,3,-1.9840099811553955,263.0,-1.9840099811553955,solid,sampled
A2-03,Section 3,3,-1.9874968528747559,264.0,-1.9874968528747559,solid,sampled
A2-03,Section 3,3,-1.9838083982467651,265.0,-1.9838083982467651,solid,sampled
A2-03,Section 3,3,-1.982750415802002,266.0,-1.982750415802002,solid,sampled
A2-03,Section 3,3,-2.0037741661071777,267.0,-2.0037741661071777,solid,sampled
A2-03,Section 3,3,-1.9851807355880737,268.0,-1.9851807355880737,solid,sampled
A2-03,Section 3,3,-2.0093259811401367,269.0,-2.0093259811401367,solid,sampled
A2-03,Section 3,3,-2.0282492637634277,270.0,-2.0282492637634277,solid,sampled
A2-03,Section 3,3,-2.0220139026641846,271.0,-2.0220139026641846,solid,sampled
A2-03,Section 3,3,-2.051109552383423,272.0,-2.051109552383423,solid,sampled
A2-03,Section 3,3,-2.0380048751831055,273.0,-2.0380048751831055,solid,sampled
A2-03,Section 3,3,-2.048434257507324,274.0,-2.048434257507324,solid,sampled
A2-03,Section 3,3,-2.053417682647705,275.0,-2.053417682647705,solid,sampled
A2-03,Section 3,3,-2.0544490814208984,276.0,-2.0544490814208984,solid,sampled
A2-03,Section 3,3,-2.0685324668884277,277.0,-2.0685324668884277,solid,sampled
A2-03,Section 3,3,-2.0857179164886475,278.0,-2.0857179164886475,solid,sampled
A2-03,Section 3,3,-2.08286714553833,279.0,-2.08286714553833,solid,sampled
A2-03,Section 3,3,-2.088548421859741,280.0,-2.088548421859741,solid,sampled
A2-03,Section 3,3,-2.0920205116271973,281.0,-2.0920205116271973,solid,sampled
A2-03,Section 3,3,-2.0979509353637695,282.0,-2.0979509353637695,solid,sampled
A2-03,Section 3,3,-2.1063778400421143,283.0,-2.1063778400421143,solid,sampled
A2-03,Section 3,3,-2.1160647869110107,284.0,-2.1160647869110107,solid,sampled
A2-03,Section 3,3,-2.1250109672546387,285.0,-2.1250109672546387,solid,sampled
A2-03,Section 3,3,-2.135314464569092,286.0,-2.135314464569092,solid,sampled
A2-03,Section 3,3,-2.125744581222534,287.0,-2.125744581222534,solid,sampled
A2-03,Section 3,3,-2.144665479660034,288.0,-2.144665479660034,solid,sampled
A2-03,Section 3,3,-2.158838987350464,289.0,-2.158838987350464,solid,sampled
A2-03,Section 3,3,-2.1685078144073486,290.0,-2.1685078144073486,solid,sampled
A2-03,Section 3,3,-2.1778547763824463,291.0,-2.1778547763824463,solid,sampled
A2-03,Section 3,3,-2.19394850730896,292.0,-2.19394850730896,solid,sampled
A2-03,Section 3,3,-2.2001969814300537,293.0,-2.2001969814300537,solid,sampled
A2-03,Section 3,3,-2.2163796424865723,294.0,-2.2163796424865723,solid,sampled
A2-03,Section 3,3,-2.2274608612060547,295.0,-2.2274608612060547,solid,sampled
A2-03,Section 3,3,-2.2590041160583496,296.0,-2.2590041160583496,solid,sampled
A2-03,Section 3,3,-2.277376413345337,297.0,-2.277376413345337,solid,sampled
A2-03,Section 3,3,-2.2886106967926025,298.0,-2.2886106967926025,solid,sampled
A2-03,Section 3,3,-2.3013570308685303,299.0,-2.3013570308685303,solid,sampled
A2-03,Section 3,3,-2.3282408714294434,300.0,-2.3282408714294434,solid,sampled
A2-03,Section 3,3,-2.3460826873779297,301.0,-2.3460826873779297,solid,sampled
A2-03,Section 3,3,-2.35325026512146,302.0,-2.35325026512146,solid,sampled
A2-03,Section 3,3,-2.354419231414795,303.0,-2.354419231414795,solid,sampled
A2-03,Section 3,3,-2.389681100845337,304.0,-2.389681100845337,solid,sampled
A2-03,Section 3,3,-2.4115238189697266,305.0,-2.4115238189697266,solid,sampled
A2-03,Section 3,3,-2.4166316986083984,306.0,-2.4166316986083984,solid,sampled
A2-03,Section 3,3,-2.4422693252563477,307.0,-2.4422693252563477,solid,sampled
A2-03,Section 3,3,-2.458798885345459,308.0,-2.458798885345459,solid,sampled
A2-03,Section 3,3,-2.486623525619507,309.0,-2.486623525619507,solid,sampled
A2-03,Section 3,3,-2.5005013942718506,310.0,-2.5005013942718506,solid,sampled
A2-03,Section 3,3,-2.5153608322143555,311.0,-2.5153608322143555,solid,sampled
A2-03,Section 3,3,-2.5274930000305176,312.0,-2.5274930000305176,solid,sampled
A2-03,Section 3,3,-2.538440227508545,313.0,-2.538440227508545,solid,sampled
A2-03,Section 3,3,-2.546816825866699,314.0,-2.546816825866699,solid,sampled
A2-03,Section 3,3,-2.5621914863586426,315.0,-2.5621914863586426,solid,sampled
A2-03,Section 3,3,-2.5666234493255615,316.0,-2.5666234493255615,solid,sampled
A2-03,Section 3,3,-2.5928401947021484,317.0,-2.5928401947021484,solid,sampled
A2-03,Section 3,3,-2.604933738708496,318.0,-2.604933738708496,solid,sampled
A2-03,Section 3,3,-2.61220645904541,319.0,-2.61220645904541,solid,sampled
A2-03,Section 3,3,-2.6334376335144043,320.0,-2.6334376335144043,solid,sampled
A2-03,Section 3,3,-2.635416030883789,321.0,-2.635416030883789,solid,sampled
A2-03,Section 3,3,-2.6317999362945557,322.0,-2.6317999362945557,solid,sampled
A2-03,Section 3,3,-2.6304538249969482,323.0,-2.6304538249969482,solid,sampled
A2-03,Section 3,3,-2.6434500217437744,324.0,-2.6434500217437744,solid,sampled
A2-03,Section 3,3,-2.660757541656494,325.0,-2.660757541656494,solid,sampled
A2-03,Section 3,3,-2.725687026977539,326.0,-2.725687026977539,solid,sampled
A2-03,Section 3,3,-2.87687087059021,327.0,-2.87687087059021,solid,sampled
A2-03,Section 3,3,-2.894804000854492,328.0,-2.894804000854492,solid,sampled
A2-03,Section 3,3,-2.927048444747925,329.0,-2.927048444747925,solid,sampled
A2-03,Section 3,3,-3.0,330.0,-3.104922294616699,solid,water_floor
A2-03,Section 3,3,-2.84822416305542,331.0,-2.84822416305542,solid,sampled
A2-03,Section 3,3,-3.0,332.0,-3.068727970123291,solid,water_floor
A2-03,Section 3,3,-3.0,333.0,-3.3493876457214355,solid,water_floor
A2-03,Section 3,3,-3.0,334.0,-3.092433452606201,solid,water_floor
A2-03,Section 3,3,-2.6694135665893555,335.0,-2.6694135665893555,solid,sampled
A2-03,Section 3,3,-2.7861382961273193,336.0,-2.7861382961273193,solid,sampled
A2-03,Section 3,3,-2.879570245742798,337.0,-2.879570245742798,solid,sampled
A2-03,Section 3,3,-2.8669967651367188,338.0,-2.8669967651367188,solid,sampled
A2-03,Section 3,3,-2.8893237113952637,339.0,-2.8893237113952637,solid,sampled
A2-03,Section 3,3,-3.0,340.0,-4.136020660400391,solid,water_floor
A2-03,Section 3,3,-3.0,341.0,-5.436456680297852,solid,water_floor
A2-03,Section 3,3,-3.0,342.0,-5.810229301452637,solid,water_floor
A2-03,Section 3,3,-3.0,343.0,-8.957208633422852,solid,water_floor
A2-03,Section 3,3,-3.0,344.0,-8.07463264465332,solid,water_floor
A2-03,Section 3,3,-3.0,345.0,-9.913507461547852,solid,water_floor
A2-03,Section 3,3,-3.0,346.0,-14.083962440490723,solid,water_floor
A2-03,Section 3,3,-3.0,347.0,-15.822894096374512,solid,water_floor
A2-03,Section 3,3,-3.0,348.0,-5.485103130340576,solid,water_floor
A2-03,Section 3,3,-3.0,349.0,-7.70803165435791,solid,water_floor
A2-03,Section 3,3,-3.0,350.0,-8.800907135009766,solid,water_floor
A2-03,Section 3,3,-3.0,351.0,-5.622018337249756,solid,water_floor
A2-03,Section 3,3,-3.0,352.0,-4.696286201477051,solid,water_floor
A2-03,Section 3,3,-3.0,353.0,-3.55208683013916,solid,water_floor
A2-03,Section 3,3,-2.808816432952881,354.0,-2.808816432952881,solid,sampled
A2-03,Section 3,3,-3.0,355.0,-3.1115903854370117,solid,water_floor
A2-03,Section 3,3,-2.896275043487549,356.0,-2.896275043487549,solid,sampled
A2-03,Section 3,3,-2.883554697036743,357.0,-2.883554697036743,solid,sampled
A2-03,Section 3,3,-2.7313179969787598,358.0,-2.7313179969787598,solid,sampled
A2-03,Section 3,3,-2.750642776489258,359.0,-2.750642776489258,solid,sampled
A2-03,Section 3,3,-2.7291488647460938,360.0,-2.7291488647460938,solid,sampled
A2-03,Section 3,3,-2.832131862640381,361.0,-2.832131862640381,solid,sampled
A2-03,Section 3,3,-2.6887366771698,362.0,-2.6887366771698,solid,sampled
A2-03,Section 3,3,-2.6422033309936523,363.0,-2.6422033309936523,solid,sampled
A2-03,Section 3,3,-2.6317338943481445,364.0,-2.6317338943481445,solid,sampled
A2-03,Section 3,3,-2.6378791332244873,365.0,-2.6378791332244873,solid,sampled
A2-03,Section 3,3,-2.629364490509033,366.0,-2.629364490509033,solid,sampled
A2-03,Section 3,3,-2.651150703430176,367.0,-2.651150703430176,solid,sampled
A2-03,Section 3,3,-2.6521472930908203,368.0,-2.6521472930908203,solid,sampled
A2-03,Section 3,3,-2.690018653869629,369.0,-2.690018653869629,solid,sampled
A2-03,Section 3,3,-2.7134339809417725,370.0,-2.7134339809417725,solid,sampled
A2-03,Section 3,3,-2.7364590167999268,371.0,-2.7364590167999268,solid,sampled
A2-03,Section 3,3,-2.7601146697998047,372.0,-2.7601146697998047,solid,sampled
A2-03,Section 3,3,-2.773098945617676,373.0,-2.773098945617676,solid,sampled
A2-03,Section 3,3,-2.776857376098633,374.0,-2.776857376098633,solid,sampled
A2-03,Section 3,3,-2.765137195587158,375.0,-2.765137195587158,solid,sampled
A2-03,Section 3,3,-2.76763916015625,376.0,-2.76763916015625,solid,sampled
A2-03,Section 3,3,-2.75502347946167,377.0,-2.75502347946167,solid,sampled
A2-03,Section 3,3,-2.7603654861450195,378.0,-2.7603654861450195,solid,sampled
A2-03,Section 3,3,-2.7370858192443848,379.0,-2.7370858192443848,solid,sampled
A2-03,Section 3,3,-2.721452236175537,380.0,-2.721452236175537,solid,sampled
A2-03,Section 3,3,-2.673487901687622,381.0,-2.673487901687622,solid,sampled
A2-03,Section 3,3,-2.674618721008301,382.0,-2.674618721008301,solid,sampled
A2-03,Section 3,3,-2.6322972774505615,383.0,-2.6322972774505615,solid,sampled
A2-03,Section 3,3,-2.6121408939361572,384.0,-2.6121408939361572,solid,sampled
A2-03,Section 3,3,-2.5681943893432617,385.0,-2.5681943893432617,solid,sampled
A2-03,Section 3,3,-2.5075559616088867,386.0,-2.5075559616088867,solid,sampled
A2-03,Section 3,3,-2.456881046295166,387.0,-2.456881046295166,solid,sampled
A2-03,Section 3,3,-2.4070775508880615,388.0,-2.4070775508880615,solid,sampled
A2-03,Section 3,3,-2.385902166366577,389.0,-2.385902166366577,solid,sampled
A2-03,Section 3,3,-2.3792970180511475,390.0,-2.3792970180511475,solid,sampled
A2-03,Section 3,3,-2.3780245780944824,391.0,-2.3780245780944824,solid,sampled
A2-03,Section 3,3,-2.3632941246032715,392.0,-2.3632941246032715,solid,sampled
A2-03,Section 3,3,-2.361722469329834,393.0,-2.361722469329834,solid,sampled
A2-03,Section 3,3,-2.366476535797119,394.0,-2.366476535797119,solid,sampled
A2-03,Section 3,3,-2.353682041168213,395.0,-2.353682041168213,solid,sampled
A2-03,Section 3,3,-2.3428192138671875,396.0,-2.3428192138671875,solid,sampled
A2-03,Section 3,3,-2.3404626846313477,397.0,-2.3404626846313477,solid,sampled
A2-03,Section 3,3,-2.332357883453369,398.0,-2.332357883453369,solid,sampled
A2-03,Section 3,3,-2.330111026763916,399.0,-2.330111026763916,solid,sampled
A2-03,Section 3,3,-2.3266568183898926,400.0,-2.3266568183898926,solid,sampled
A2-03,Section 3,3,-2.319561004638672,401.0,-2.319561004638672,solid,sampled
A2-03,Section 3,3,-2.309342861175537,402.0,-2.309342861175537,solid,sampled
A2-03,Section 3,3,-2.2985143661499023,403.0,-2.2985143661499023,solid,sampled
A2-03,Section 3,3,-2.2880642414093018,404.0,-2.2880642414093018,solid,sampled
A2-03,Section 3,3,-2.2756547927856445,405.0,-2.2756547927856445,solid,sampled
A2-03,Section 3,3,-2.257654905319214,406.0,-2.257654905319214,solid,sampled
A2-03,Section 3,3,-2.257054328918457,407.0,-2.257054328918457,solid,sampled
A2-03,Section 3,3,-2.245828151702881,408.0,-2.245828151702881,solid,sampled
A2-03,Section 3,3,-2.2557451725006104,409.0,-2.2557451725006104,solid,sampled
A2-03,Section 3,3,-2.227360963821411,410.0,-2.227360963821411,solid,sampled
A2-03,Section 3,3,-2.2219934463500977,411.0,-2.2219934463500977,solid,sampled
A2-03,Section 3,3,-2.2067089080810547,412.0,-2.2067089080810547,solid,sampled
A2-03,Section 3,3,-2.2007064819335938,413.0,-2.2007064819335938,solid,sampled
A2-03,Section 3,3,-2.183431386947632,414.0,-2.183431386947632,solid,sampled
A2-03,Section 3,3,-2.1647584438323975,415.0,-2.1647584438323975,solid,sampled
A2-03,Section 3,3,-2.159977436065674,416.0,-2.159977436065674,solid,sampled
A2-03,Section 3,3,-2.159367084503174,417.0,-2.159367084503174,solid,sampled
A2-03,Section 3,3,-2.1354904174804688,418.0,-2.1354904174804688,solid,sampled
A2-03,Section 3,3,-2.1081743240356445,419.0,-2.1081743240356445,solid,sampled
A2-03,Section 3,3,-2.1006269454956055,420.0,-2.1006269454956055,solid,sampled
A2-03,Section 3,3,-2.109020233154297,421.0,-2.109020233154297,solid,sampled
A2-03,Section 3,3,-2.115699291229248,422.0,-2.115699291229248,solid,sampled
A2-03,Section 3,3,-2.1134932041168213,423.0,-2.1134932041168213,solid,sampled
A2-03,Section 3,3,-2.1175644397735596,424.0,-2.1175644397735596,solid,sampled
A2-03,Section 3,3,-2.12082576751709,425.0,-2.12082576751709,solid,sampled
A2-03,Section 3,3,-2.1180226802825928,426.0,-2.1180226802825928,solid,sampled
A2-03,Section 3,3,-2.1203269958496094,427.0,-2.1203269958496094,solid,sampled
A2-03,Section 3,3,-2.116783618927002,428.0,-2.116783618927002,solid,sampled
A2-03,Section 3,3,-2.1080403327941895,429.0,-2.1080403327941895,solid,sampled
A2-03,Section 3,3,-2.087488889694214,430.0,-2.087488889694214,solid,sampled
A2-03,Section 3,3,-2.080202341079712,431.0,-2.080202341079712,solid,sampled
A2-03,Section 3,3,-2.0686817169189453,432.0,-2.0686817169189453,solid,sampled
A2-03,Section 3,3,-2.060750722885132,433.0,-2.060750722885132,solid,sampled
A2-03,Section 3,3,-2.0657742023468018,434.0,-2.0657742023468018,solid,sampled
A2-03,Section 3,3,-2.053028106689453,435.0,-2.053028106689453,solid,sampled
A2-03,Section 3,3,-2.0443027019500732,436.0,-2.0443027019500732,solid,sampled
A2-03,Section 3,3,-2.0399997234344482,437.0,-2.0399997234344482,solid,sampled
A2-03,Section 3,3,-2.0436015129089355,438.0,-2.0436015129089355,solid,sampled
A2-03,Section 3,3,-2.030482769012451,439.0,-2.030482769012451,solid,sampled
A2-03,Section 3,3,-2.02881121635437,440.0,-2.02881121635437,solid,sampled
A2-03,Section 3,3,-2.0414960384368896,441.0,-2.0414960384368896,solid,sampled
A2-03,Section 3,3,-2.021721839904785,442.0,-2.021721839904785,solid,sampled
A2-03,Section 3,3,-2.0301616191864014,443.0,-2.0301616191864014,solid,sampled
A2-03,Section 3,3,-2.0266594886779785,444.0,-2.0266594886779785,solid,sampled
A2-03,Section 3,3,-2.0291991233825684,445.0,-2.0291991233825684,solid,sampled
A2-03,Section 3,3,-2.0248031616210938,446.0,-2.0248031616210938,solid,sampled
A2-03,Section 3,3,-2.0122079849243164,447.0,-2.0122079849243164,solid,sampled
A2-03,Section 3,3,-2.026951789855957,448.0,-2.026951789855957,solid,sampled
A2-03,Section 3,3,-2.0024123191833496,449.0,-2.0024123191833496,solid,sampled
A2-03,Section 3,3,-1.9877574443817139,450.0,-1.9877574443817139,solid,sampled
A2-03,Section 3,3,-1.9601775407791138,451.0,-1.9601775407791138,solid,sampled
A2-03,Section 3,3,-1.9386944770812988,452.0,-1.9386944770812988,solid,sampled
A2-03,Section 3,3,-1.9356484413146973,453.0,-1.9356484413146973,solid,sampled
A2-03,Section 3,3,-1.9155791997909546,454.0,-1.9155791997909546,solid,sampled
A2-03,Section 3,3,-1.9419827461242676,455.0,-1.9419827461242676,solid,sampled
A2-03,Section 3,3,-1.9203238487243652,456.0,-1.9203238487243652,solid,sampled
A2-03,Section 3,3,-1.8822157382965088,457.0,-1.8822157382965088,solid,sampled
A2-03,Section 3,3,-1.911281943321228,458.0,-1.911281943321228,solid,sampled
A2-03,Section 3,3,-2.0371949672698975,459.0,-2.0371949672698975,solid,sampled
A2-03,Section 3,3,-2.174855947494507,460.0,-2.174855947494507,solid,sampled
A2-03,Section 3,3,-2.2766458988189697,461.0,-2.2766458988189697,solid,sampled
A2-03,Section 3,3,-2.3304331302642822,462.0,-2.3304331302642822,solid,sampled
A2-03,Section 3,3,-2.381378173828125,463.0,-2.381378173828125,solid,sampled
A2-03,Section 3,3,-2.4419429302215576,464.0,-2.4419429302215576,solid,sampled
A2-03,Section 3,3,-2.497335910797119,465.0,-2.497335910797119,solid,sampled
A2-03,Section 3,3,-2.543207883834839,466.0,-2.543207883834839,solid,sampled
A2-03,Section 3,3,-2.573272228240967,467.0,-2.573272228240967,solid,sampled
A2-03,Section 3,3,-2.637777328491211,468.0,-2.637777328491211,solid,sampled
A2-03,Section 3,3,-2.725687265396118,469.0,-2.725687265396118,solid,sampled
A2-03,Section 3,3,-2.7303600311279297,470.0,-2.7303600311279297,solid,sampled
A2-03,Section 3,3,-2.7968766689300537,471.0,-2.7968766689300537,solid,sampled
A2-03,Section 3,3,-2.8276901245117188,472.0,-2.8276901245117188,solid,sampled
A2-03,Section 3,3,-2.7907204627990723,473.0,-2.7907204627990723,solid,sampled
A2-03,Section 3,3,-2.829662799835205,474.0,-2.829662799835205,solid,sampled
A2-03,Section 3,3,-2.767775535583496,475.0,-2.767775535583496,solid,sampled
A2-03,Section 3,3,-2.851745843887329,476.0,-2.851745843887329,solid,sampled
A2-03,Section 3,3,-2.8365442752838135,477.0,-2.8365442752838135,solid,sampled
A2-03,Section 3,3,-2.904137372970581,478.0,-2.904137372970581,solid,sampled
A2-03,Section 3,3,-2.960638999938965,479.0,-2.960638999938965,solid,sampled
A2-03,Section 3,3,-2.920454978942871,480.0,-2.920454978942871,solid,sampled
A2-03,Section 3,3,-2.9817006587982178,481.0,-2.9817006587982178,solid,sampled
A2-03,Section 3,3,-3.0,482.0,-3.072066068649292,solid,water_floor
A2-03,Section 3,3,-2.994706153869629,483.0,-2.994706153869629,solid,sampled
A2-03,Section 3,3,-2.99961519241333,484.0,-2.99961519241333,solid,sampled
A2-03,Section 3,3,-2.9780287742614746,485.0,-2.9780287742614746,solid,sampled
A2-03,Section 3,3,-2.9450559616088867,486.0,-2.9450559616088867,solid,sampled
A2-03,Section 3,3,-3.0,487.0,-3.0384552478790283,solid,water_floor
A2-03,Section 3,3,-2.9604854583740234,488.0,-2.9604854583740234,solid,sampled
A2-03,Section 3,3,-2.9875574111938477,489.0,-2.9875574111938477,solid,sampled
A2-03,Section 3,3,-3.0,490.0,-3.0096728801727295,solid,water_floor
A2-03,Section 3,3,-2.9154601097106934,491.0,-2.9154601097106934,solid,sampled
A2-03,Section 3,3,-2.9183061122894287,492.0,-2.9183061122894287,solid,sampled
A2-03,Section 3,3,-2.8913326263427734,493.0,-2.8913326263427734,solid,sampled
A2-03,Section 3,3,-2.873368263244629,494.0,-2.873368263244629,solid,sampled
A2-03,Section 3,3,-2.829292058944702,495.0,-2.829292058944702,solid,sampled
A2-03,Section 3,3,-2.8602566719055176,496.0,-2.8602566719055176,solid,sampled
A2-03,Section 3,3,-2.835996389389038,497.0,-2.835996389389038,solid,sampled
A2-03,Section 3,3,-2.8397696018218994,498.0,-2.8397696018218994,solid,sampled
A2-03,Section 3,3,-2.7286324501037598,499.0,-2.7286324501037598,solid,sampled
A2-03,Section 3,3,-2.734598159790039,500.0,-2.734598159790039,solid,sampled
A2-03,Section 3,3,-2.6858129501342773,501.0,-2.6858129501342773,solid,sampled
A2-03,Section 3,3,-2.6663706302642822,502.0,-2.6663706302642822,solid,sampled
A2-03,Section 3,3,-2.6104576587677,503.0,-2.6104576587677,solid,sampled
A2-03,Section 3,3,-2.58199143409729,504.0,-2.58199143409729,solid,sampled
A2-03,Section 3,3,-2.576176643371582,505.0,-2.576176643371582,solid,sampled
A2-03,Section 3,3,-2.5541090965270996,506.0,-2.5541090965270996,solid,sampled
A2-03,Section 3,3,-2.5243427753448486,507.0,-2.5243427753448486,solid,sampled
A2-03,Section 3,3,-2.600395679473877,508.0,-2.600395679473877,solid,sampled
A2-03,Section 3,3,-2.5472307205200195,509.0,-2.5472307205200195,solid,sampled
A2-03,Section 3,3,-2.615528106689453,510.0,-2.615528106689453,solid,sampled
A2-03,Section 3,3,-2.589101552963257,511.0,-2.589101552963257,solid,sampled
A2-03,Section 3,3,-2.5730721950531006,512.0,-2.5730721950531006,solid,sampled
A2-03,Section 3,3,-2.567720651626587,513.0,-2.567720651626587,solid,sampled
A2-03,Section 3,3,-2.5502278804779053,514.0,-2.5502278804779053,solid,sampled
A2-03,Section 3,3,-2.4975011348724365,515.0,-2.4975011348724365,solid,sampled
A2-03,Section 3,3,-2.3868248462677,516.0,-2.3868248462677,solid,sampled
A2-03,Section 3,3,-2.4010467529296875,517.0,-2.4010467529296875,solid,sampled
A2-03,Section 3,3,-2.3137545585632324,518.0,-2.3137545585632324,solid,sampled
A2-03,Section 3,3,-2.2655701637268066,519.0,-2.2655701637268066,solid,sampled
A2-03,Section 3,3,-2.2481119632720947,520.0,-2.2481119632720947,solid,sampled
A2-03,Section 3,3,-2.2391345500946045,521.0,-2.2391345500946045,solid,sampled
A2-03,Section 3,3,-2.2307190895080566,522.0,-2.2307190895080566,solid,sampled
A2-03,Section 3,3,-2.2370307445526123,523.0,-2.2370307445526123,solid,sampled
A2-03,Section 3,3,-2.215261697769165,524.0,-2.215261697769165,solid,sampled
A2-03,Section 3,3,-2.226580858230591,525.0,-2.226580858230591,solid,sampled
A2-03,Section 3,3,-2.252087116241455,526.0,-2.252087116241455,solid,sampled
A2-03,Section 3,3,-2.2758076190948486,527.0,-2.2758076190948486,solid,sampled
A2-03,Section 3,3,-2.3001904487609863,528.0,-2.3001904487609863,solid,sampled
A2-03,Section 3,3,-2.324399471282959,529.0,-2.324399471282959,solid,sampled
A2-03,Section 3,3,-2.3401618003845215,530.0,-2.3401618003845215,solid,sampled
A2-03,Section 3,3,-2.354665517807007,531.0,-2.354665517807007,solid,sampled
A2-03,Section 3,3,-2.359449863433838,532.0,-2.359449863433838,solid,sampled
A2-03,Section 3,3,-2.36356782913208,533.0,-2.36356782913208,solid,sampled
A2-03,Section 3,3,-2.3582425117492676,534.0,-2.3582425117492676,solid,sampled
A2-03,Section 3,3,-2.350088596343994,535.0,-2.350088596343994,solid,sampled
A2-03,Section 3,3,-2.344115734100342,536.0,-2.344115734100342,solid,sampled
A2-03,Section 3,3,-2.3365049362182617,537.0,-2.3365049362182617,solid,sampled
A2-03,Section 3,3,-2.327305793762207,538.0,-2.327305793762207,solid,sampled
A2-03,Section 3,3,-2.3017029762268066,539.0,-2.3017029762268066,solid,sampled
A2-03,Section 3,3,-2.282519817352295,540.0,-2.282519817352295,solid,sampled
A2-03,Section 3,3,-2.2693989276885986,541.0,-2.2693989276885986,solid,sampled
A2-03,Section 3,3,-2.2607076168060303,542.0,-2.2607076168060303,solid,sampled
A2-03,Section 3,3,-2.239513397216797,543.0,-2.239513397216797,solid,sampled
A2-03,Section 3,3,-2.198366165161133,544.0,-2.198366165161133,solid,sampled
A2-03,Section 3,3,-2.1720993518829346,545.0,-2.1720993518829346,solid,sampled
A2-03,Section 3,3,-2.1274633407592773,546.0,-2.1274633407592773,solid,sampled
A2-03,Section 3,3,-2.077528953552246,547.0,-2.077528953552246,solid,sampled
A2-03,Section 3,3,-2.066960334777832,548.0,-2.066960334777832,solid,sampled
A2-03,Section 3,3,-2.1185317039489746,549.0,-2.1185317039489746,solid,sampled
A2-03,Section 3,3,-2.2230191230773926,550.0,-2.2230191230773926,solid,sampled
A2-03,Section 3,3,-2.279979944229126,551.0,-2.279979944229126,solid,sampled
A2-03,Section 3,3,-2.095550060272217,552.0,-2.095550060272217,solid,sampled
A2-03,Section 3,3,-2.0924572944641113,553.0,-2.0924572944641113,solid,sampled
A2-03,Section 3,3,-2.1342966556549072,554.0,-2.1342966556549072,solid,sampled
A2-03,Section 3,3,-2.1816859245300293,555.0,-2.1816859245300293,solid,sampled
A2-03,Section 3,3,-2.2484848499298096,556.0,-2.2484848499298096,solid,sampled
A2-03,Section 3,3,-2.345449924468994,557.0,-2.345449924468994,solid,sampled
A2-03,Section 3,3,-2.4348244667053223,558.0,-2.4348244667053223,solid,sampled
A2-03,Section 3,3,-2.47237491607666,559.0,-2.47237491607666,solid,sampled
A2-03,Section 3,3,-2.480363368988037,560.0,-2.480363368988037,solid,sampled
A2-03,Section 3,3,-2.2935338020324707,561.0,-2.2935338020324707,solid,sampled
A2-03,Section 3,3,-2.26231050491333,562.0,-2.26231050491333,solid,sampled
A2-03,Section 3,3,-2.251068592071533,563.0,-2.251068592071533,solid,sampled
A2-03,Section 3,3,-2.2672736644744873,564.0,-2.2672736644744873,solid,sampled
A2-03,Section 3,3,-2.3016438484191895,565.0,-2.3016438484191895,solid,sampled
A2-03,Section 3,3,-2.356015205383301,566.0,-2.356015205383301,solid,sampled
A2-03,Section 3,3,-2.477372169494629,567.0,-2.477372169494629,solid,sampled
A2-03,Section 3,3,-2.6008858680725098,568.0,-2.6008858680725098,solid,sampled
A2-03,Section 3,3,-2.8123984336853027,569.0,-2.8123984336853027,solid,sampled
A2-03,Section 3,3,-3.0,570.0,-3.2171010971069336,solid,water_floor
A2-03,Section 3,3,-3.0,571.0,-3.621385335922241,solid,water_floor
A2-03,Section 3,3,-3.0,572.0,-3.570580244064331,solid,water_floor
A2-03,Section 3,3,-3.0,573.0,-3.6387765407562256,solid,water_floor
A2-03,Section 3,3,-3.0,574.0,-4.840939998626709,solid,water_floor
A2-03,Section 3,3,-3.0,575.0,-9.010515213012695,solid,water_floor
A2-03,Section 3,3,-3.0,576.0,-11.245479583740234,solid,water_floor
A2-03,Section 3,3,-3.0,577.0,-11.768956184387207,solid,water_floor
A2-03,Section 3,3,-3.0,578.0,-12.710782051086426,solid,water_floor
A2-03,Section 3,3,-3.0,579.0,-18.741329193115234,solid,water_floor
A2-03,Section 3,3,-3.0,580.0,-15.381954193115234,solid,water_floor
A2-03,Section 3,3,-3.0,581.0,-16.29369354248047,solid,water_floor
A2-03,Section 3,3,-3.0,582.0,-17.087928771972656,solid,water_floor
A2-03,Section 3,3,-3.0,583.0,-22.36444854736328,solid,water_floor
A2-03,Section 3,3,-3.0,584.0,-22.35796356201172,solid,water_floor
A2-03,Section 3,3,-3.0,585.0,-24.82684326171875,solid,water_floor
A2-03,Section 3,3,-3.0,586.0,-28.967748641967773,solid,water_floor
A2-03,Section 3,3,-3.0,587.0,-33.45866012573242,solid,water_floor
A2-03,Section 3,3,-3.0,588.0,-30.424551010131836,solid,water_floor
A2-03,Section 3,3,-3.0,589.0,-26.952816009521484,solid,water_floor
A2-03,Section 3,3,-3.0,590.0,-32.3942985534668,solid,water_floor
A2-03,Section 3,3,-3.0,591.0,-34.96957015991211,solid,water_floor
A2-03,Section 3,3,-3.0,592.0,-41.744346618652344,solid,water_floor
A2-03,Section 3,3,-3.0,593.0,-40.771209716796875,solid,water_floor
A2-03,Section 3,3,-3.0,594.0,-45.03495788574219,solid,water_floor
A2-03,Section 3,3,-3.0,595.0,-48.412872314453125,solid,water_floor
A2-03,Section 3,3,-3.0,596.0,-43.84526824951172,solid,water_floor
A2-03,Section 3,3,-3.0,597.0,-41.76495361328125,solid,water_floor
A2-03,Section 3,3,-3.0,598.0,-44.958213806152344,solid,water_floor
A2-03,Section 3,3,-3.0,599.0,-43.908878326416016,solid,water_floor
A2-03,Section 3,3,-3.0,600.0,-54.206138610839844,solid,water_floor
A2-03,Section 3,3,-3.0,601.0,-52.022239685058594,solid,water_floor
A2-03,Section 3,3,-3.0,602.0,-63.10580825805664,solid,water_floor
A2-03,Section 3,3,-3.0,603.0,-61.95321273803711,solid,water_floor
A2-03,Section 3,3,-3.0,604.0,-53.21771240234375,solid,water_floor
A2-03,Section 3,3,-3.0,605.0,-54.221309661865234,solid,water_floor
A2-03,Section 3,3,-3.0,606.0,-53.272518157958984,solid,water_floor
A2-03,Section 3,3,-3.0,607.0,-54.84378433227539,solid,water_floor
A2-03,Section 3,3,-3.0,608.0,-56.2522087097168,solid,water_floor
A2-03,Section 3,3,-3.0,609.0,-66.1947021484375,solid,water_floor
A2-03,Section 3,3,-3.0,610.0,-61.969295501708984,solid,water_floor
A2-03,Section 3,3,-3.0,611.0,-64.08871459960938,solid,water_floor
A2-03,Section 3,3,-3.0,612.0,-68.71265411376953,solid,water_floor
A2-03,Section 3,3,-3.0,613.0,-62.36917495727539,solid,water_floor
A2-03,Section 3,3,-3.0,614.0,-64.75077819824219,solid,water_floor
A2-03,Section 3,3,-3.0,615.0,-68.95919036865234,solid,water_floor
A2-03,Section 3,3,-3.0,616.0,-67.42794036865234,solid,water_floor
A2-03,Section 3,3,-3.0,617.0,-69.42698669433594,solid,water_floor
A2-03,Section 3,3,-3.0,618.0,-69.84756469726562,solid,water_floor
A2-03,Section 3,3,-3.0,619.0,-72.71627807617188,solid,water_floor
A2-03,Section 3,3,-3.0,620.0,-71.54107666015625,solid,water_floor
A2-03,Section 3,3,-3.0,621.0,-69.94628143310547,solid,water_floor
A2-03,Section 3,3,-3.0,622.0,-73.0799331665039,solid,water_floor
A2-03,Section 3,3,-3.0,623.0,-72.41026306152344,solid,water_floor
A2-03,Section 3,3,-3.0,624.0,-73.37452697753906,solid,water_floor
A2-03,Section 3,3,-3.0,625.0,-72.50675201416016,solid,water_floor
A2-03,Section 3,3,-3.0,626.0,-74.06645965576172,solid,water_floor
A2-03,Section 3,3,-3.0,627.0,-75.2348403930664,solid,water_floor
A2-03,Section 3,3,-3.0,628.0,-75.87313079833984,solid,water_floor
A2-03,Section 3,3,-3.0,629.0,-78.61933135986328,solid,water_floor
A2-03,Section 3,3,-3.0,630.0,-77.08595275878906,solid,water_floor
A2-03,Section 3,3,-3.0,631.0,-74.55052947998047,solid,water_floor
A2-03,Section 3,3,-3.0,632.0,-78.86991882324219,solid,water_floor
A2-03,Section 3,3,-3.0,633.0,-79.01058959960938,solid,water_floor
A2-03,Section 3,3,-3.0,634.0,-79.84939575195312,solid,water_floor
A2-03,Section 3,3,-3.0,635.0,-75.38728332519531,solid,water_floor
A2-03,Section 3,3,-3.0,636.0,-78.55609893798828,solid,water_floor
A2-03,Section 3,3,-3.0,637.0,-79.57400512695312,solid,water_floor
A2-03,Section 3,3,-3.0,638.0,-80.04541778564453,solid,water_floor
A2-03,Section 3,3,-3.0,639.0,-80.40377807617188,solid,water_floor
A2-03,Section 3,3,-3.0,640.0,-80.31926727294922,solid,water_floor
A2-03,Section 3,3,-3.0,641.0,-82.70066833496094,solid,water_floor
A2-03,Section 3,3,-3.0,642.0,-82.46882629394531,solid,water_floor
A2-03,Section 3,3,-3.0,643.0,-85.5391845703125,solid,water_floor
A2-03,Section 3,3,-3.0,644.0,-85.54624938964844,solid,water_floor
A2-03,Section 3,3,-3.0,645.0,-85.60456848144531,solid,water_floor
A2-03,Section 3,3,-3.0,646.0,-85.6309814453125,solid,water_floor
A2-03,Section 3,3,-3.0,647.0,-85.10569763183594,solid,water_floor
A2-03,Section 3,3,-3.0,648.0,-85.39694213867188,solid,water_floor
A2-03,Section 3,3,-3.0,649.0,-85.82366180419922,solid,water_floor
A2-03,Section 3,3,-3.0,650.0,-84.57388305664062,solid,water_floor
A2-03,Section 3,3,-3.0,651.0,-86.30789184570312,solid,water_floor
A2-03,Section 3,3,-3.0,652.0,-83.88269805908203,solid,water_floor
A2-03,Section 3,3,-3.0,653.0,-84.37593841552734,solid,water_floor
A2-03,Section 3,3,-3.0,654.0,-85.90432739257812,solid,water_floor
A2-03,Section 3,3,-3.0,655.0,-86.60333251953125,solid,water_floor
A2-03,Section 3,3,-3.0,656.0,-85.24174499511719,solid,water_floor
A2-03,Section 3,3,-3.0,657.0,-85.06197357177734,solid,water_floor
A2-03,Section 3,3,-3.0,658.0,-86.79029083251953,solid,water_floor
A2-03,Section 3,3,-3.0,659.0,-85.30763244628906,solid,water_floor
A2-03,Section 3,3,-3.0,660.0,-85.55752563476562,solid,water_floor
A2-03,Section 3,3,-3.0,661.0,-83.53050994873047,solid,water_floor
A2-03,Section 3,3,-3.0,662.0,-85.70449829101562,solid,water_floor
A2-03,Section 3,3,-3.0,663.0,-85.81582641601562,solid,water_floor
A2-03,Section 3,3,-3.0,664.0,-85.7145767211914,solid,water_floor
A2-03,Section 3,3,-3.0,665.0,-85.60600280761719,solid,water_floor
A2-03,Section 3,3,-3.0,666.0,-85.93473052978516,solid,water_floor
A2-03,Section 3,3,-3.0,667.0,-86.09965515136719,solid,water_floor
A2-03,Section 3,3,-3.0,668.0,-86.14336395263672,solid,water_floor
A2-03,Section 3,3,-3.0,669.0,-85.87844848632812,solid,water_floor
A2-03,Section 3,3,-3.0,670.0,-85.95645141601562,solid,water_floor
A2-03,Section 3,3,-3.0,671.0,-86.31897735595703,solid,water_floor
A2-03,Section 3,3,-3.0,672.0,-85.6249008178711,solid,water_floor
A2-03,Section 3,3,-3.0,673.0,-85.70217895507812,solid,water_floor
A2-03,Section 3,3,-3.0,674.0,-85.74601745605469,solid,water_floor
A2-03,Section 3,3,-3.0,675.0,-84.39767456054688,solid,water_floor
A2-03,Section 3,3,-3.0,676.0,-84.56671905517578,solid,water_floor
A2-03,Section 3,3,-3.0,677.0,-84.7168197631836,solid,water_floor
A2-03,Section 3,3,0.0,678.0,,dotted,null_fill
A2-03,Section 3,3,0.0,679.0,,dotted,null_fill
A2-03,Section 3,3,0.0,680.0,,dotted,null_fill
A2-03,Section 3,3,0.0,681.0,,dotted,null_fill
A2-03,Section 3,3,0.0,682.0,,dotted,null_fill
A2-03,Section 3,3,0.0,683.0,,dotted,null_fill
A2-03,Section 3,3,0.0,684.0,,dotted,null_fill
A2-03,Section 3,3,0.0,685.0,,dotted,null_fill
A2-03,Section 3,3,0.0,686.0,,dotted,null_fill
A2-03,Section 3,3,0.0,687.0,,dotted,null_fill
A2-03,Section 3,3,0.0,688.0,,dotted,null_fill
A2-03,Section 3,3,0.0,689.0,,dotted,null_fill
A2-03,Section 3,3,0.0,690.0,,dotted,null_fill
A2-03,Section 3,3,0.0,691.0,,dotted,null_fill
A2-03,Section 3,3,0.0,692.0,,dotted,null_fill
A2-03,Section 3,3,0.0,693.0,,dotted,null_fill
A2-03,Section 3,3,0.0,694.0,,dotted,null_fill
A2-03,Section 3,3,0.0,695.0,,dotted,null_fill
A2-03,Section 3,3,0.0,696.0,,dotted,null_fill
A2-03,Section 3,3,0.0,697.0,,dotted,null_fill
A2-03,Section 3,3,0.0,698.0,,dotted,null_fill
A2-03,Section 3,3,0.0,699.0,,dotted,null_fill
A2-03,Section 3,3,0.0,700.0,,dotted,null_fill
