section_id,label,sort_order,height_m,distance_m,raw_height_m,line_style,value_state
A701,Section 1,1,0.0,0.0,,dotted,null_fill
A701,Section 1,1,0.0,1.0,,dotted,null_fill
A701,Section 1,1,0.0,2.0,,dotted,null_fill
A701,Section 1,1,0.0,3.0,,dotted,null_fill
A701,Section 1,1,0.0,4.0,,dotted,null_fill
A701,Section 1,1,0.0,5.0,,dotted,null_fill
A701,Section 1,1,0.0,6.0,,dotted,null_fill
A701,Section 1,1,0.0,7.0,,dotted,null_fill
A701,Section 1,1,0.0,8.0,,dotted,null_fill
A701,Section 1,1,0.0,9.0,,dotted,null_fill
A701,Section 1,1,0.0,10.0,,dotted,null_fill
A701,Section 1,1,0.0,11.0,,dotted,null_fill
A701,Section 1,1,0.0,12.0,,dotted,null_fill
A701,Section 1,1,0.0,13.0,,dotted,null_fill
A701,Section 1,1,0.0,14.0,,dotted,null_fill
A701,Section 1,1,18.465492248535156,15.0,18.465492248535156,solid,sampled
A701,Section 1,1,18.501800537109375,16.0,18.501800537109375,solid,sampled
A701,Section 1,1,18.444726943969727,17.0,18.444726943969727,solid,sampled
A701,Section 1,1,18.274375915527344,18.0,18.274375915527344,solid,sampled
A701,Section 1,1,18.32025718688965,19.0,18.32025718688965,solid,sampled
A701,Section 1,1,18.2772274017334,20.0,18.2772274017334,solid,sampled
A701,Section 1,1,18.198280334472656,21.0,18.198280334472656,solid,sampled
A701,Section 1,1,17.165794372558594,22.0,17.165794372558594,solid,sampled
A701,Section 1,1,17.10689353942871,23.0,17.10689353942871,solid,sampled
A701,Section 1,1,17.544401168823242,24.0,17.544401168823242,solid,sampled
A701,Section 1,1,18.071897506713867,25.0,18.071897506713867,solid,sampled
A701,Section 1,1,18.11748695373535,26.0,18.11748695373535,solid,sampled
A701,Section 1,1,16.990564346313477,27.0,16.990564346313477,solid,sampled
A701,Section 1,1,16.642663955688477,28.0,16.642663955688477,solid,sampled
A701,Section 1,1,15.631853103637695,29.0,15.631853103637695,solid,sampled
A701,Section 1,1,15.27617073059082,30.0,15.27617073059082,solid,sampled
A701,Section 1,1,14.760698318481445,31.0,14.760698318481445,solid,sampled
A701,Section 1,1,14.823692321777344,32.0,14.823692321777344,solid,sampled
A701,Section 1,1,15.840907096862793,33.0,15.840907096862793,solid,sampled
A701,Section 1,1,16.482812881469727,34.0,16.482812881469727,solid,sampled
A701,Section 1,1,16.68964385986328,35.0,16.68964385986328,solid,sampled
A701,Section 1,1,17.58078956604004,36.0,17.58078956604004,solid,sampled
A701,Section 1,1,16.886436462402344,37.0,16.886436462402344,solid,sampled
A701,Section 1,1,16.39089584350586,38.0,16.39089584350586,solid,sampled
A701,Section 1,1,16.103721618652344,39.0,16.103721618652344,solid,sampled
A701,Section 1,1,15.211974143981934,40.0,15.211974143981934,solid,sampled
A701,Section 1,1,15.141763687133789,41.0,15.141763687133789,solid,sampled
A701,Section 1,1,14.267416954040527,42.0,14.267416954040527,solid,sampled
A701,Section 1,1,12.846630096435547,43.0,12.846630096435547,solid,sampled
A701,Section 1,1,12.895552635192871,44.0,12.895552635192871,solid,sampled
A701,Section 1,1,12.761127471923828,45.0,12.761127471923828,solid,sampled
A701,Section 1,1,12.236927032470703,46.0,12.236927032470703,solid,sampled
A701,Section 1,1,12.009686470031738,47.0,12.009686470031738,solid,sampled
A701,Section 1,1,9.944836616516113,48.0,9.944836616516113,solid,sampled
A701,Section 1,1,8.83355712890625,49.0,8.83355712890625,solid,sampled
A701,Section 1,1,6.0987982749938965,50.0,6.0987982749938965,solid,sampled
A701,Section 1,1,5.228517532348633,51.0,5.228517532348633,solid,sampled
A701,Section 1,1,4.146258354187012,52.0,4.146258354187012,solid,sampled
A701,Section 1,1,3.9525508880615234,53.0,3.9525508880615234,solid,sampled
A701,Section 1,1,3.8060977458953857,54.0,3.8060977458953857,solid,sampled
A701,Section 1,1,3.6840176582336426,55.0,3.6840176582336426,solid,sampled
A701,Section 1,1,3.588597297668457,56.0,3.588597297668457,solid,sampled
A701,Section 1,1,3.496112823486328,57.0,3.496112823486328,solid,sampled
A701,Section 1,1,3.400872230529785,58.0,3.400872230529785,solid,sampled
A701,Section 1,1,3.2710394859313965,59.0,3.2710394859313965,solid,sampled
A701,Section 1,1,3.1425271034240723,60.0,3.1425271034240723,solid,sampled
A701,Section 1,1,3.0622434616088867,61.0,3.0622434616088867,solid,sampled
A701,Section 1,1,2.9481310844421387,62.0,2.9481310844421387,solid,sampled
A701,Section 1,1,2.864313840866089,63.0,2.864313840866089,solid,sampled
A701,Section 1,1,2.741945743560791,64.0,2.741945743560791,solid,sampled
A701,Section 1,1,2.6601712703704834,65.0,2.6601712703704834,solid,sampled
A701,Section 1,1,2.575225353240967,66.0,2.575225353240967,solid,sampled
A701,Section 1,1,2.4835798740386963,67.0,2.4835798740386963,solid,sampled
A701,Section 1,1,2.4307973384857178,68.0,2.4307973384857178,solid,sampled
A701,Section 1,1,2.362448215484619,69.0,2.362448215484619,solid,sampled
A701,Section 1,1,2.2527408599853516,70.0,2.2527408599853516,solid,sampled
A701,Section 1,1,2.1583120822906494,71.0,2.1583120822906494,solid,sampled
A701,Section 1,1,2.0390329360961914,72.0,2.0390329360961914,solid,sampled
A701,Section 1,1,1.9011940956115723,73.0,1.9011940956115723,solid,sampled
A701,Section 1,1,1.7719120979309082,74.0,1.7719120979309082,solid,sampled
A701,Section 1,1,1.6675541400909424,75.0,1.6675541400909424,solid,sampled
A701,Section 1,1,1.532135009765625,76.0,1.532135009765625,solid,sampled
A701,Section 1,1,1.4119822978973389,77.0,1.4119822978973389,solid,sampled
A701,Section 1,1,1.2889208793640137,78.0,1.2889208793640137,solid,sampled
A701,Section 1,1,1.1701202392578125,79.0,1.1701202392578125,solid,sampled
A701,Section 1,1,1.0693519115447998,80.0,1.0693519115447998,solid,sampled
A701,Section 1,1,0.9871717691421509,81.0,0.9871717691421509,solid,sampled
A701,Section 1,1,0.897770345211029,82.0,0.897770345211029,solid,sampled
A701,Section 1,1,0.8110957145690918,83.0,0.8110957145690918,solid,sampled
A701,Section 1,1,0.7066426277160645,84.0,0.7066426277160645,solid,sampled
A701,Section 1,1,0.6252361536026001,85.0,0.6252361536026001,solid,sampled
A701,Section 1,1,0.5030649304389954,86.0,0.5030649304389954,solid,sampled
A701,Section 1,1,0.40759724378585815,87.0,0.40759724378585815,solid,sampled
A701,Section 1,1,0.32423144578933716,88.0,0.32423144578933716,solid,sampled
A701,Section 1,1,0.24549198150634766,89.0,0.24549198150634766,solid,sampled
A701,Section 1,1,0.1282433271408081,90.0,0.1282433271408081,solid,sampled
A701,Section 1,1,0.05818784236907959,91.0,0.05818784236907959,solid,sampled
A701,Section 1,1,-0.05656048655509949,92.0,-0.05656048655509949,solid,sampled
A701,Section 1,1,-0.08500373363494873,93.0,-0.08500373363494873,solid,sampled
A701,Section 1,1,-0.20518606901168823,94.0,-0.20518606901168823,solid,sampled
A701,Section 1,1,-0.37924012541770935,95.0,-0.37924012541770935,solid,sampled
A701,Section 1,1,-0.4835136830806732,96.0,-0.4835136830806732,solid,sampled
A701,Section 1,1,-0.500018835067749,97.0,-0.500018835067749,solid,sampled
A701,Section 1,1,-0.577796995639801,98.0,-0.577796995639801,solid,sampled
A701,Section 1,1,-0.6256837844848633,99.0,-0.6256837844848633,solid,sampled
A701,Section 1,1,-0.5825679898262024,100.0,-0.5825679898262024,solid,sampled
A701,Section 1,1,-0.6223822832107544,101.0,-0.6223822832107544,solid,sampled
A701,Section 1,1,-0.6422390341758728,102.0,-0.6422390341758728,solid,sampled
A701,Section 1,1,-0.6640423536300659,103.0,-0.6640423536300659,solid,sampled
A701,Section 1,1,-0.6123761534690857,104.0,-0.6123761534690857,solid,sampled
A701,Section 1,1,-0.6265531778335571,105.0,-0.6265531778335571,solid,sampled
A701,Section 1,1,-0.5165150165557861,106.0,-0.5165150165557861,solid,sampled
A701,Section 1,1,-0.4789718985557556,107.0,-0.4789718985557556,solid,sampled
A701,Section 1,1,-0.4400385022163391,108.0,-0.4400385022163391,solid,sampled
A701,Section 1,1,-0.42393630743026733,109.0,-0.42393630743026733,solid,sampled
A701,Section 1,1,-0.447434663772583,110.0,-0.447434663772583,solid,sampled
A701,Section 1,1,-0.4342149496078491,111.0,-0.4342149496078491,solid,sampled
A701,Section 1,1,-0.4395630657672882,112.0,-0.4395630657672882,solid,sampled
A701,Section 1,1,-0.4390107989311218,113.0,-0.4390107989311218,solid,sampled
A701,Section 1,1,-0.44122424721717834,114.0,-0.44122424721717834,solid,sampled
A701,Section 1,1,-0.4522883892059326,115.0,-0.4522883892059326,solid,sampled
A701,Section 1,1,-0.4553339183330536,116.0,-0.4553339183330536,solid,sampled
A701,Section 1,1,-0.45524078607559204,117.0,-0.45524078607559204,solid,sampled
A701,Section 1,1,-0.4592040479183197,118.0,-0.4592040479183197,solid,sampled
A701,Section 1,1,-0.4547734260559082,119.0,-0.4547734260559082,solid,sampled
A701,Section 1,1,-0.44988614320755005,120.0,-0.44988614320755005,solid,sampled
A701,Section 1,1,-0.45076656341552734,121.0,-0.45076656341552734,solid,sampled
A701,Section 1,1,-0.4492896795272827,122.0,-0.4492896795272827,solid,sampled
A701,Section 1,1,-0.4396110475063324,123.0,-0.4396110475063324,solid,sampled
A701,Section 1,1,-0.4317724406719208,124.0,-0.4317724406719208,solid,sampled
A701,Section 1,1,-0.42757630348205566,125.0,-0.42757630348205566,solid,sampled
A701,Section 1,1,-0.418850302696228,126.0,-0.418850302696228,solid,sampled
A701,Section 1,1,-0.4160097539424896,127.0,-0.4160097539424896,solid,sampled
A701,Section 1,1,-0.4087049961090088,128.0,-0.4087049961090088,solid,sampled
A701,Section 1,1,-0.39567750692367554,129.0,-0.39567750692367554,solid,sampled
A701,Section 1,1,-0.3895666301250458,130.0,-0.3895666301250458,solid,sampled
A701,Section 1,1,-0.38634681701660156,131.0,-0.38634681701660156,solid,sampled
A701,Section 1,1,-0.37657541036605835,132.0,-0.37657541036605835,solid,sampled
A701,Section 1,1,-0.36392849683761597,133.0,-0.36392849683761597,solid,sampled
A701,Section 1,1,-0.3420589566230774,134.0,-0.3420589566230774,solid,sampled
A701,Section 1,1,-0.3250412344932556,135.0,-0.3250412344932556,solid,sampled
A701,Section 1,1,-0.32041627168655396,136.0,-0.32041627168655396,solid,sampled
A701,Section 1,1,-0.29189378023147583,137.0,-0.29189378023147583,solid,sampled
A701,Section 1,1,-0.281618595123291,138.0,-0.281618595123291,solid,sampled
A701,Section 1,1,-0.2608940005302429,139.0,-0.2608940005302429,solid,sampled
A701,Section 1,1,-0.2516159415245056,140.0,-0.2516159415245056,solid,sampled
A701,Section 1,1,-0.2412945032119751,141.0,-0.2412945032119751,solid,sampled
A701,Section 1,1,-0.22904032468795776,142.0,-0.22904032468795776,solid,sampled
A701,Section 1,1,-0.2101445198059082,143.0,-0.2101445198059082,solid,sampled
A701,Section 1,1,-0.20489609241485596,144.0,-0.20489609241485596,solid,sampled
A701,Section 1,1,-0.19081437587738037,145.0,-0.19081437587738037,solid,sampled
A701,Section 1,1,-0.169508695602417,146.0,-0.169508695602417,solid,sampled
A701,Section 1,1,-0.16227006912231445,147.0,-0.16227006912231445,solid,sampled
A701,Section 1,1,-0.16911303997039795,148.0,-0.16911303997039795,solid,sampled
A701,Section 1,1,-0.14568346738815308,149.0,-0.14568346738815308,solid,sampled
A701,Section 1,1,-0.13505315780639648,150.0,-0.13505315780639648,solid,sampled
A701,Section 1,1,-0.12394808977842331,151.0,-0.12394808977842331,solid,sampled
A701,Section 1,1,-0.12222981452941895,152.0,-0.12222981452941895,solid,sampled
A701,Section 1,1,-0.11441473662853241,153.0,-0.11441473662853241,solid,sampled
A701,Section 1,1,-0.10854829847812653,154.0,-0.10854829847812653,solid,sampled
A701,Section 1,1,-0.11289900541305542,155.0,-0.11289900541305542,solid,sampled
A701,Section 1,1,-0.10787004232406616,156.0,-0.10787004232406616,solid,sampled
A701,Section 1,1,-0.1099858283996582,157.0,-0.1099858283996582,solid,sampled
A701,Section 1,1,-0.11040424555540085,158.0,-0.11040424555540085,solid,sampled
A701,Section 1,1,-0.09693819284439087,159.0,-0.09693819284439087,solid,sampled
A701,Section 1,1,-0.10595673322677612,160.0,-0.10595673322677612,solid,sampled
A701,Section 1,1,-0.10481023788452148,161.0,-0.10481023788452148,solid,sampled
A701,Section 1,1,-0.1106564998626709,162.0,-0.1106564998626709,solid,sampled
A701,Section 1,1,-0.11011061072349548,163.0,-0.11011061072349548,solid,sampled
A701,Section 1,1,-0.10103106498718262,164.0,-0.10103106498718262,solid,sampled
A701,Section 1,1,-0.10826963186264038,165.0,-0.10826963186264038,solid,sampled
A701,Section 1,1,-0.12260540574789047,166.0,-0.12260540574789047,solid,sampled
A701,Section 1,1,-0.1152210682630539,167.0,-0.1152210682630539,solid,sampled
A701,Section 1,1,-0.12513643503189087,168.0,-0.12513643503189087,solid,sampled
A701,Section 1,1,-0.10858999192714691,169.0,-0.10858999192714691,solid,sampled
A701,Section 1,1,-0.11799567937850952,170.0,-0.11799567937850952,solid,sampled
A701,Section 1,1,-0.13415686786174774,171.0,-0.13415686786174774,solid,sampled
A701,Section 1,1,-0.1244497299194336,172.0,-0.1244497299194336,solid,sampled
A701,Section 1,1,-0.1471191644668579,173.0,-0.1471191644668579,solid,sampled
A701,Section 1,1,-0.1384257674217224,174.0,-0.1384257674217224,solid,sampled
A701,Section 1,1,-0.13462376594543457,175.0,-0.13462376594543457,solid,sampled
A701,Section 1,1,-0.13885724544525146,176.0,-0.13885724544525146,solid,sampled
A701,Section 1,1,-0.13835671544075012,177.0,-0.13835671544075012,solid,sampled
A701,Section 1,1,-0.12297871708869934,178.0,-0.12297871708869934,solid,sampled
A701,Section 1,1,-0.11374044418334961,179.0,-0.11374044418334961,solid,sampled
A701,Section 1,1,-0.09711626172065735,180.0,-0.09711626172065735,solid,sampled
A701,Section 1,1,-0.08889961242675781,181.0,-0.08889961242675781,solid,sampled
A701,Section 1,1,-0.07933294773101807,182.0,-0.07933294773101807,solid,sampled
A701,Section 1,1,-0.07629579305648804,183.0,-0.07629579305648804,solid,sampled
A701,Section 1,1,-0.060261160135269165,184.0,-0.060261160135269165,solid,sampled
A701,Section 1,1,-0.050601303577423096,185.0,-0.050601303577423096,solid,sampled
A701,Section 1,1,-0.04521267116069794,186.0,-0.04521267116069794,solid,sampled
A701,Section 1,1,-0.0348757803440094,187.0,-0.0348757803440094,solid,sampled
A701,Section 1,1,-0.03668537735939026,188.0,-0.03668537735939026,solid,sampled
A701,Section 1,1,-0.0337085947394371,189.0,-0.0337085947394371,solid,sampled
A701,Section 1,1,-0.023213863372802734,190.0,-0.023213863372802734,solid,sampled
A701,Section 1,1,-0.017853975296020508,191.0,-0.017853975296020508,solid,sampled
A701,Section 1,1,-0.013656392693519592,192.0,-0.013656392693519592,solid,sampled
A701,Section 1,1,-0.008028432726860046,193.0,-0.008028432726860046,solid,sampled
A701,Section 1,1,-0.0023657381534576416,194.0,-0.0023657381534576416,solid,sampled
A701,Section 1,1,-0.00810915231704712,195.0,-0.00810915231704712,solid,sampled
A701,Section 1,1,-0.008276939392089844,196.0,-0.008276939392089844,solid,sampled
A701,Section 1,1,0.004906713962554932,197.0,0.004906713962554932,solid,sampled
A701,Section 1,1,0.02073526382446289,198.0,0.02073526382446289,solid,sampled
A701,Section 1,1,0.022472649812698364,199.0,0.022472649812698364,solid,sampled
A701,Section 1,1,0.03165292739868164,200.0,0.03165292739868164,solid,sampled
A701,Section 1,1,0.030247345566749573,201.0,0.030247345566749573,solid,sampled
A701,Section 1,1,0.03608900308609009,202.0,0.03608900308609009,solid,sampled
A701,Section 1,1,0.04278087615966797,203.0,0.04278087615966797,solid,sampled
A701,Section 1,1,0.047652482986450195,204.0,0.047652482986450195,solid,sampled
A701,Section 1,1,0.056480467319488525,205.0,0.056480467319488525,solid,sampled
A701,Section 1,1,0.06675393879413605,206.0,0.06675393879413605,solid,sampled
A701,Section 1,1,0.06718277931213379,207.0,0.06718277931213379,solid,sampled
A701,Section 1,1,0.0804983377456665,208.0,0.0804983377456665,solid,sampled
A701,Section 1,1,0.09054726362228394,209.0,0.09054726362228394,solid,sampled
A701,Section 1,1,0.08841172605752945,210.0,0.08841172605752945,solid,sampled
A701,Section 1,1,0.08384430408477783,211.0,0.08384430408477783,solid,sampled
A701,Section 1,1,0.09555357694625854,212.0,0.09555357694625854,solid,sampled
A701,Section 1,1,0.10268795490264893,213.0,0.10268795490264893,solid,sampled
A701,Section 1,1,0.10440948605537415,214.0,0.10440948605537415,solid,sampled
A701,Section 1,1,0.10490679740905762,215.0,0.10490679740905762,solid,sampled
A701,Section 1,1,0.11014366149902344,216.0,0.11014366149902344,solid,sampled
A701,Section 1,1,0.11422252655029297,217.0,0.11422252655029297,solid,sampled
A701,Section 1,1,0.11615344882011414,218.0,0.11615344882011414,solid,sampled
A701,Section 1,1,0.11785340309143066,219.0,0.11785340309143066,solid,sampled
A701,Section 1,1,0.12203752994537354,220.0,0.12203752994537354,solid,sampled
A701,Section 1,1,0.12153315544128418,221.0,0.12153315544128418,solid,sampled
A701,Section 1,1,0.12858599424362183,222.0,0.12858599424362183,solid,sampled
A701,Section 1,1,0.14056366682052612,223.0,0.14056366682052612,solid,sampled
A701,Section 1,1,0.13815297186374664,224.0,0.13815297186374664,solid,sampled
A701,Section 1,1,0.1459154188632965,225.0,0.1459154188632965,solid,sampled
A701,Section 1,1,0.14506670832633972,226.0,0.14506670832633972,solid,sampled
A701,Section 1,1,0.14819158613681793,227.0,0.14819158613681793,solid,sampled
A701,Section 1,1,0.14733929932117462,228.0,0.14733929932117462,solid,sampled
A701,Section 1,1,0.15440481901168823,229.0,0.15440481901168823,solid,sampled
A701,Section 1,1,0.16034206748008728,230.0,0.16034206748008728,solid,sampled
A701,Section 1,1,0.1645030379295349,231.0,0.1645030379295349,solid,sampled
A701,Section 1,1,0.16414201259613037,232.0,0.16414201259613037,solid,sampled
A701,Section 1,1,0.1673356592655182,233.0,0.1673356592655182,solid,sampled
A701,Section 1,1,0.18772545456886292,234.0,0.18772545456886292,solid,sampled
A701,Section 1,1,0.18018114566802979,235.0,0.18018114566802979,solid,sampled
A701,Section 1,1,0.18115708231925964,236.0,0.18115708231925964,solid,sampled
A701,Section 1,1,0.16892719268798828,237.0,0.16892719268798828,solid,sampled
A701,Section 1,1,0.17948442697525024,238.0,0.17948442697525024,solid,sampled
A701,Section 1,1,0.17891627550125122,239.0,0.17891627550125122,solid,sampled
A701,Section 1,1,0.1874139904975891,240.0,0.1874139904975891,solid,sampled
A701,Section 1,1,0.18035249412059784,241.0,0.18035249412059784,solid,sampled
A701,Section 1,1,0.20055797696113586,242.0,0.20055797696113586,solid,sampled
A701,Section 1,1,0.2062702178955078,243.0,0.2062702178955078,solid,sampled
A701,Section 1,1,0.2132641226053238,244.0,0.2132641226053238,solid,sampled
A701,Section 1,1,0.2338826060295105,245.0,0.2338826060295105,solid,sampled
A701,Section 1,1,0.2520044147968292,246.0,0.2520044147968292,solid,sampled
A701,Section 1,1,0.24315112829208374,247.0,0.24315112829208374,solid,sampled
A701,Section 1,1,0.23177659511566162,248.0,0.23177659511566162,solid,sampled
A701,Section 1,1,0.28431665897369385,249.0,0.28431665897369385,solid,sampled
A701,Section 1,1,0.32120445370674133,250.0,0.32120445370674133,solid,sampled
A701,Section 1,1,0.34398338198661804,251.0,0.34398338198661804,solid,sampled
A701,Section 1,1,0.343159556388855,252.0,0.343159556388855,solid,sampled
A701,Section 1,1,0.33763808012008667,253.0,0.33763808012008667,solid,sampled
A701,Section 1,1,0.16204839944839478,254.0,0.16204839944839478,solid,sampled
A701,Section 1,1,0.018415451049804688,255.0,0.018415451049804688,solid,sampled
A701,Section 1,1,0.043213605880737305,256.0,0.043213605880737305,solid,sampled
A701,Section 1,1,0.12697258591651917,257.0,0.12697258591651917,solid,sampled
A701,Section 1,1,0.203771710395813,258.0,0.203771710395813,solid,sampled
A701,Section 1,1,0.16755232214927673,259.0,0.16755232214927673,solid,sampled
A701,Section 1,1,0.05718156695365906,260.0,0.05718156695365906,solid,sampled
A701,Section 1,1,0.14597594738006592,261.0,0.14597594738006592,solid,sampled
A701,Section 1,1,0.20945456624031067,262.0,0.20945456624031067,solid,sampled
A701,Section 1,1,0.11234096437692642,263.0,0.11234096437692642,solid,sampled
A701,Section 1,1,0.050922274589538574,264.0,0.050922274589538574,solid,sampled
A701,Section 1,1,-0.03298351168632507,265.0,-0.03298351168632507,solid,sampled
A701,Section 1,1,-0.17972826957702637,266.0,-0.17972826957702637,solid,sampled
A701,Section 1,1,-0.3504417836666107,267.0,-0.3504417836666107,solid,sampled
A701,Section 1,1,-0.5914649963378906,268.0,-0.5914649963378906,solid,sampled
A701,Section 1,1,-0.7457287907600403,269.0,-0.7457287907600403,solid,sampled
A701,Section 1,1,-0.5682035684585571,270.0,-0.5682035684585571,solid,sampled
A701,Section 1,1,-0.5557155609130859,271.0,-0.5557155609130859,solid,sampled
A701,Section 1,1,-0.6420084834098816,272.0,-0.6420084834098816,solid,sampled
A701,Section 1,1,-0.8829412460327148,273.0,-0.8829412460327148,solid,sampled
A701,Section 1,1,-1.0257568359375,274.0,-1.0257568359375,solid,sampled
A701,Section 1,1,-0.8998948931694031,275.0,-0.8998948931694031,solid,sampled
A701,Section 1,1,-1.0025309324264526,276.0,-1.0025309324264526,solid,sampled
A701,Section 1,1,-1.0019564628601074,277.0,-1.0019564628601074,solid,sampled
A701,Section 1,1,-0.9086370468139648,278.0,-0.9086370468139648,solid,sampled
A701,Section 1,1,-0.8286429643630981,279.0,-0.8286429643630981,solid,sampled
A701,Section 1,1,-0.7846798896789551,280.0,-0.7846798896789551,solid,sampled
A701,Section 1,1,-0.9976836442947388,281.0,-0.9976836442947388,solid,sampled
A701,Section 1,1,-1.0950727462768555,282.0,-1.0950727462768555,solid,sampled
A701,Section 1,1,-1.1415079832077026,283.0,-1.1415079832077026,solid,sampled
A701,Section 1,1,-1.069977879524231,284.0,-1.069977879524231,solid,sampled
A701,Section 1,1,-1.0738383531570435,285.0,-1.0738383531570435,solid,sampled
A701,Section 1,1,-1.176975131034851,286.0,-1.176975131034851,solid,sampled
A701,Section 1,1,-1.1959558725357056,287.0,-1.1959558725357056,solid,sampled
A701,Section 1,1,-1.2207804918289185,288.0,-1.2207804918289185,solid,sampled
A701,Section 1,1,-1.24519681930542,289.0,-1.24519681930542,solid,sampled
A701,Section 1,1,-1.2943298816680908,290.0,-1.2943298816680908,solid,sampled
A701,Section 1,1,-1.369765281677246,291.0,-1.369765281677246,solid,sampled
A701,Section 1,1,-1.5282684564590454,292.0,-1.5282684564590454,solid,sampled
A701,Section 1,1,-1.7488844394683838,293.0,-1.7488844394683838,solid,sampled
A701,Section 1,1,-2.073061943054199,294.0,-2.073061943054199,solid,sampled
A701,Section 1,1,-1.8437855243682861,295.0,-1.8437855243682861,solid,sampled
A701,Section 1,1,-1.7099950313568115,296.0,-1.7099950313568115,solid,sampled
A701,Section 1,1,-1.817606806755066,297.0,-1.817606806755066,solid,sampled
A701,Section 1,1,-3.0,298.0,-6.859323501586914,solid,water_floor
A701,Section 1,1,-3.0,299.0,-8.369729042053223,solid,water_floor
A701,Section 1,1,-3.0,300.0,-14.506549835205078,solid,water_floor
A701,Section 1,1,-3.0,301.0,-12.813180923461914,solid,water_floor
A701,Section 1,1,-3.0,302.0,-20.61431312561035,solid,water_floor
A701,Section 1,1,-3.0,303.0,-21.555496215820312,solid,water_floor
A701,Section 1,1,-3.0,304.0,-26.104694366455078,solid,water_floor
A701,Section 1,1,-3.0,305.0,-29.93718910217285,solid,water_floor
A701,Section 1,1,-3.0,306.0,-29.483871459960938,solid,water_floor
A701,Section 1,1,-3.0,307.0,-31.69260025024414,solid,water_floor
A701,Section 1,1,-3.0,308.0,-38.44988250732422,solid,water_floor
A701,Section 1,1,-3.0,309.0,-34.273414611816406,solid,water_floor
A701,Section 1,1,-3.0,310.0,-36.88386154174805,solid,water_floor
A701,Section 1,1,-3.0,311.0,-37.06269073486328,solid,water_floor
A701,Section 1,1,-3.0,312.0,-36.56226348876953,solid,water_floor
A701,Section 1,1,-3.0,313.0,-33.965511322021484,solid,water_floor
A701,Section 1,1,-3.0,314.0,-42.04219436645508,solid,water_floor
A701,Section 1,1,-3.0,315.0,-54.245487213134766,solid,water_floor
A701,Section 1,1,-3.0,316.0,-60.864933013916016,solid,water_floor
A701,Section 1,1,-3.0,317.0,-48.55805969238281,solid,water_floor
A701,Section 1,1,-3.0,318.0,-48.73839569091797,solid,water_floor
A701,Section 1,1,-3.0,319.0,-62.03679656982422,solid,water_floor
A701,Section 1,1,-3.0,320.0,-51.44103240966797,solid,water_floor
A701,Section 1,1,-3.0,321.0,-59.66132736206055,solid,water_floor
A701,Section 1,1,-3.0,322.0,-61.175601959228516,solid,water_floor
A701,Section 1,1,-3.0,323.0,-68.4316177368164,solid,water_floor
A701,Section 1,1,-3.0,324.0,-66.18544006347656,solid,water_floor
A701,Section 1,1,-3.0,325.0,-66.63517761230469,solid,water_floor
A701,Section 1,1,-3.0,326.0,-66.44910430908203,solid,water_floor
A701,Section 1,1,-3.0,327.0,-66.75731658935547,solid,water_floor
A701,Section 1,1,-3.0,328.0,-65.36104583740234,solid,water_floor
A701,Section 1,1,-3.0,329.0,-62.69633483886719,solid,water_floor
A701,Section 1,1,-3.0,330.0,-64.85835266113281,solid,water_floor
A701,Section 1,1,-3.0,331.0,-66.70568084716797,solid,water_floor
A701,Section 1,1,-3.0,332.0,-66.50193786621094,solid,water_floor
A701,Section 1,1,-3.0,333.0,-67.37565612792969,solid,water_floor
A701,Section 1,1,-3.0,334.0,-69.56742858886719,solid,water_floor
A701,Section 1,1,-3.0,335.0,-67.97486114501953,solid,water_floor
A701,Section 1,1,-3.0,336.0,-67.04413604736328,solid,water_floor
A701,Section 1,1,-3.0,337.0,-72.28326416015625,solid,water_floor
A701,Section 1,1,-3.0,338.0,-70.2264175415039,solid,water_floor
A701,Section 1,1,-3.0,339.0,-65.0,solid,water_floor
A701,Section 1,1,-3.0,340.0,-64.60460662841797,solid,water_floor
A701,Section 1,1,-3.0,341.0,-68.23213195800781,solid,water_floor
A701,Section 1,1,-3.0,342.0,-73.0939712524414,solid,water_floor
A701,Section 1,1,-3.0,343.0,-73.27363586425781,solid,water_floor
A701,Section 1,1,-3.0,344.0,-74.98410034179688,solid,water_floor
A701,Section 1,1,-3.0,345.0,-73.28921508789062,solid,water_floor
A701,Section 1,1,-3.0,346.0,-66.75403594970703,solid,water_floor
A701,Section 1,1,-3.0,347.0,-72.55838012695312,solid,water_floor
A701,Section 1,1,-3.0,348.0,-68.17955017089844,solid,water_floor
A701,Section 1,1,-3.0,349.0,-72.42755126953125,solid,water_floor
A701,Section 1,1,-3.0,350.0,-70.05239868164062,solid,water_floor
A701,Section 1,1,-3.0,351.0,-70.43795013427734,solid,water_floor
A701,Section 1,1,-3.0,352.0,-70.18663024902344,solid,water_floor
A701,Section 1,1,-3.0,353.0,-68.79957580566406,solid,water_floor
A701,Section 1,1,-3.0,354.0,-69.37830352783203,solid,water_floor
A701,Section 1,1,-3.0,355.0,-68.9933853149414,solid,water_floor
A701,Section 1,1,-3.0,356.0,-71.63514709472656,solid,water_floor
A701,Section 1,1,-3.0,357.0,-71.74575805664062,solid,water_floor
A701,Section 1,1,-3.0,358.0,-74.47911834716797,solid,water_floor
A701,Section 1,1,-3.0,359.0,-71.91047668457031,solid,water_floor
A701,Section 1,1,-3.0,360.0,-69.94414520263672,solid,water_floor
A701,Section 1,1,-3.0,361.0,-73.54145812988281,solid,water_floor
A701,Section 1,1,-3.0,362.0,-72.5052490234375,solid,water_floor
A701,Section 1,1,-3.0,363.0,-69.58564758300781,solid,water_floor
A701,Section 1,1,-3.0,364.0,-72.08521270751953,solid,water_floor
A701,Section 1,1,-3.0,365.0,-61.76813888549805,solid,water_floor
A701,Section 1,1,-3.0,366.0,-73.71080780029297,solid,water_floor
A701,Section 1,1,-3.0,367.0,-69.55415344238281,solid,water_floor
A701,Section 1,1,-3.0,368.0,-70.95457458496094,solid,water_floor
A701,Section 1,1,-3.0,369.0,-68.23173522949219,solid,water_floor
A701,Section 1,1,-3.0,370.0,-68.23368072509766,solid,water_floor
A701,Section 1,1,-3.0,371.0,-65.43480682373047,solid,water_floor
A701,Section 1,1,-3.0,372.0,-68.04145050048828,solid,water_floor
A701,Section 1,1,-3.0,373.0,-67.32241821289062,solid,water_floor
A701,Section 1,1,-3.0,374.0,-71.50983428955078,solid,water_floor
A701,Section 1,1,-3.0,375.0,-71.33956909179688,solid,water_floor
A701,Section 1,1,-3.0,376.0,-67.82902526855469,solid,water_floor
A701,Section 1,1,-3.0,377.0,-67.93109130859375,solid,water_floor
A701,Section 1,1,-3.0,378.0,-67.0337905883789,solid,water_floor
A701,Section 1,1,-3.0,379.0,-64.1280517578125,solid,water_floor
A701,Section 1,1,-3.0,380.0,-63.76226043701172,solid,water_floor
A701,Section 1,1,-3.0,381.0,-64.1897964477539,solid,water_floor
A701,Section 1,1,-3.0,382.0,-65.9321060180664,solid,water_floor
A701,Section 1,1,-3.0,383.0,-68.62183380126953,solid,water_floor
A701,Section 1,1,-3.0,384.0,-63.32622528076172,solid,water_floor
A701,Section 1,1,-3.0,385.0,-60.73609161376953,solid,water_floor
A701,Section 1,1,-3.0,386.0,-53.29399108886719,solid,water_floor
A701,Section 1,1,-3.0,387.0,-61.37627410888672,solid,water_floor
A701,Section 1,1,-3.0,388.0,-64.93392944335938,solid,water_floor
A701,Section 1,1,-3.0,389.0,-64.71961212158203,solid,water_floor
A701,Section 1,1,-3.0,390.0,-57.20446014404297,solid,water_floor
A701,Section 1,1,-3.0,391.0,-64.93522644042969,solid,water_floor
A701,Section 1,1,-3.0,392.0,-64.67977905273438,solid,water_floor
A701,Section 1,1,-3.0,393.0,-60.5643310546875,solid,water_floor
A701,Section 1,1,-3.0,394.0,-60.425498962402344,solid,water_floor
A701,Section 1,1,-3.0,395.0,-67.2467041015625,solid,water_floor
A701,Section 1,1,-3.0,396.0,-62.444366455078125,solid,water_floor
A701,Section 1,1,-3.0,397.0,-61.41081619262695,solid,water_floor
A701,Section 1,1,-3.0,398.0,-53.01409149169922,solid,water_floor
A701,Section 1,1,-3.0,399.0,-56.19160079956055,solid,water_floor
A701,Section 1,1,-3.0,400.0,-55.07984924316406,solid,water_floor
A701,Section 1,1,-3.0,401.0,-51.9840087890625,solid,water_floor
A701,Section 1,1,-3.0,402.0,-51.32383728027344,solid,water_floor
A701,Section 1,1,-3.0,403.0,-53.893455505371094,solid,water_floor
A701,Section 1,1,-3.0,404.0,-42.74885940551758,solid,water_floor
A701,Section 1,1,-3.0,405.0,-51.58289337158203,solid,water_floor
A701,Section 1,1,-3.0,406.0,-48.80080032348633,solid,water_floor
A701,Section 1,1,-3.0,407.0,-39.980987548828125,solid,water_floor
A701,Section 1,1,-3.0,408.0,-35.662654876708984,solid,water_floor
A701,Section 1,1,-3.0,409.0,-43.30242156982422,solid,water_floor
A701,Section 1,1,-3.0,410.0,-32.26247787475586,solid,water_floor
A701,Section 1,1,-3.0,411.0,-30.885028839111328,solid,water_floor
A701,Section 1,1,-3.0,412.0,-40.216732025146484,solid,water_floor
A701,Section 1,1,-3.0,413.0,-36.85136413574219,solid,water_floor
A701,Section 1,1,-3.0,414.0,-38.736907958984375,solid,water_floor
A701,Section 1,1,-3.0,415.0,-38.9864387512207,solid,water_floor
A701,Section 1,1,-3.0,416.0,-36.76578903198242,solid,water_floor
A701,Section 1,1,-3.0,417.0,-35.786643981933594,solid,water_floor
A701,Section 1,1,-3.0,418.0,-32.4974250793457,solid,water_floor
A701,Section 1,1,-3.0,419.0,-29.706287384033203,solid,water_floor
A701,Section 1,1,-3.0,420.0,-21.75783920288086,solid,water_floor
A701,Section 1,1,-3.0,421.0,-21.162450790405273,solid,water_floor
A701,Section 1,1,-3.0,422.0,-30.181922912597656,solid,water_floor
A701,Section 1,1,-3.0,423.0,-30.960519790649414,solid,water_floor
A701,Section 1,1,-3.0,424.0,-23.27865982055664,solid,water_floor
A701,Section 1,1,-2.2585835456848145,425.0,-2.2585835456848145,solid,sampled
A701,Section 1,1,-1.7914435863494873,426.0,-1.7914435863494873,solid,sampled
A701,Section 1,1,-1.3686248064041138,427.0,-1.3686248064041138,solid,sampled
A701,Section 1,1,-0.9887399077415466,428.0,-0.9887399077415466,solid,sampled
A701,Section 1,1,-1.0799862146377563,429.0,-1.0799862146377563,solid,sampled
A701,Section 1,1,-0.8835115432739258,430.0,-0.8835115432739258,solid,sampled
A701,Section 1,1,-0.7929741144180298,431.0,-0.7929741144180298,solid,sampled
A701,Section 1,1,-0.915593683719635,432.0,-0.915593683719635,solid,sampled
A701,Section 1,1,-0.7991981506347656,433.0,-0.7991981506347656,solid,sampled
A701,Section 1,1,-0.721868097782135,434.0,-0.721868097782135,solid,sampled
A701,Section 1,1,-0.4758087694644928,435.0,-0.4758087694644928,solid,sampled
A701,Section 1,1,-0.29200178384780884,436.0,-0.29200178384780884,solid,sampled
A701,Section 1,1,-0.16592702269554138,437.0,-0.16592702269554138,solid,sampled
A701,Section 1,1,-0.08625471591949463,438.0,-0.08625471591949463,solid,sampled
A701,Section 1,1,-0.03414630889892578,439.0,-0.03414630889892578,solid,sampled
A701,Section 1,1,0.05076730251312256,440.0,0.05076730251312256,solid,sampled
A701,Section 1,1,0.12312853336334229,441.0,0.12312853336334229,solid,sampled
A701,Section 1,1,0.27872610092163086,442.0,0.27872610092163086,solid,sampled
A701,Section 1,1,1.186234951019287,443.0,1.186234951019287,solid,sampled
A701,Section 1,1,1.3144006729125977,444.0,1.3144006729125977,solid,sampled
A701,Section 1,1,1.4755535125732422,445.0,1.4755535125732422,solid,sampled
A701,Section 1,1,1.5771331787109375,446.0,1.5771331787109375,solid,sampled
A701,Section 1,1,1.7221224308013916,447.0,1.7221224308013916,solid,sampled
A701,Section 1,1,1.8837599754333496,448.0,1.8837599754333496,solid,sampled
A701,Section 1,1,2.0166893005371094,449.0,2.0166893005371094,solid,sampled
A701,Section 1,1,2.126004695892334,450.0,2.126004695892334,solid,sampled
A701,Section 1,1,2.254457950592041,451.0,2.254457950592041,solid,sampled
A701,Section 1,1,2.331775426864624,452.0,2.331775426864624,solid,sampled
A701,Section 1,1,2.44464111328125,453.0,2.44464111328125,solid,sampled
A701,Section 1,1,2.554797649383545,454.0,2.554797649383545,solid,sampled
A701,Section 1,1,2.6418237686157227,455.0,2.6418237686157227,solid,sampled
A701,Section 1,1,2.738619804382324,456.0,2.738619804382324,solid,sampled
A701,Section 1,1,2.854556083679199,457.0,2.854556083679199,solid,sampled
A701,Section 1,1,2.956913709640503,458.0,2.956913709640503,solid,sampled
A701,Section 1,1,3.07090163230896,459.0,3.07090163230896,solid,sampled
A701,Section 1,1,3.1934571266174316,460.0,3.1934571266174316,solid,sampled
A701,Section 1,1,3.334653854370117,461.0,3.334653854370117,solid,sampled
A701,Section 1,1,3.4747214317321777,462.0,3.4747214317321777,solid,sampled
A701,Section 1,1,3.6119818687438965,463.0,3.6119818687438965,solid,sampled
A701,Section 1,1,3.7898833751678467,464.0,3.7898833751678467,solid,sampled
A701,Section 1,1,3.9966132640838623,465.0,3.9966132640838623,solid,sampled
A701,Section 1,1,4.23673677444458,466.0,4.23673677444458,solid,sampled
A701,Section 1,1,4.524759292602539,467.0,4.524759292602539,solid,sampled
A701,Section 1,1,5.571975231170654,468.0,5.571975231170654,solid,sampled
A701,Section 1,1,6.2181267738342285,469.0,6.2181267738342285,solid,sampled
A701,Section 1,1,6.551631450653076,470.0,6.551631450653076,solid,sampled
A701,Section 1,1,6.639934539794922,471.0,6.639934539794922,solid,sampled
A701,Section 1,1,6.613307952880859,472.0,6.613307952880859,solid,sampled
A701,Section 1,1,6.822098731994629,473.0,6.822098731994629,solid,sampled
A701,Section 1,1,6.687196731567383,474.0,6.687196731567383,solid,sampled
A701,Section 1,1,6.965866565704346,475.0,6.965866565704346,solid,sampled
A701,Section 1,1,7.201279640197754,476.0,7.201279640197754,solid,sampled
A701,Section 1,1,7.4178361892700195,477.0,7.4178361892700195,solid,sampled
A701,Section 1,1,7.607084274291992,478.0,7.607084274291992,solid,sampled
A701,Section 1,1,7.6689839363098145,479.0,7.6689839363098145,solid,sampled
A701,Section 1,1,8.63333511352539,480.0,8.63333511352539,solid,sampled
A701,Section 1,1,10.659638404846191,481.0,10.659638404846191,solid,sampled
A701,Section 1,1,11.15869426727295,482.0,11.15869426727295,solid,sampled
A701,Section 1,1,12.004976272583008,483.0,12.004976272583008,solid,sampled
A701,Section 1,1,12.554694175720215,484.0,12.554694175720215,solid,sampled
A701,Section 1,1,12.511767387390137,485.0,12.511767387390137,solid,sampled
A701,Section 1,1,12.978400230407715,486.0,12.978400230407715,solid,sampled
A701,Section 1,1,13.110636711120605,487.0,13.110636711120605,solid,sampled
A701,Section 1,1,12.931047439575195,488.0,12.931047439575195,solid,sampled
A701,Section 1,1,12.96980094909668,489.0,12.96980094909668,solid,sampled
A701,Section 1,1,12.987842559814453,490.0,12.987842559814453,solid,sampled
A701,Section 1,1,12.168923377990723,491.0,12.168923377990723,solid,sampled
A701,Section 1,1,9.931684494018555,492.0,9.931684494018555,solid,sampled
A701,Section 1,1,9.891343116760254,493.0,9.891343116760254,solid,sampled
A701,Section 1,1,9.924564361572266,494.0,9.924564361572266,solid,sampled
A701,Section 1,1,9.903635025024414,495.0,9.903635025024414,solid,sampled
A701,Section 1,1,9.861165046691895,496.0,9.861165046691895,solid,sampled
A701,Section 1,1,9.918800354003906,497.0,9.918800354003906,solid,sampled
A701,Section 1,1,10.586560249328613,498.0,10.586560249328613,solid,sampled
A701,Section 1,1,11.796075820922852,499.0,11.796075820922852,solid,sampled
A701,Section 1,1,12.00483512878418,500.0,12.00483512878418,solid,sampled
A701,Section 1,1,12.73742961883545,501.0,12.73742961883545,solid,sampled
A701,Section 1,1,12.56716537475586,502.0,12.56716537475586,solid,sampled
A701,Section 1,1,12.610992431640625,503.0,12.610992431640625,solid,sampled
A701,Section 1,1,12.043067932128906,504.0,12.043067932128906,solid,sampled
A701,Section 1,1,12.606993675231934,505.0,12.606993675231934,solid,sampled
A701,Section 1,1,12.276123046875,506.0,12.276123046875,solid,sampled
A701,Section 1,1,12.483497619628906,507.0,12.483497619628906,solid,sampled
A701,Section 1,1,0.0,508.0,,dotted,null_fill
A701,Section 1,1,0.0,509.0,,dotted,null_fill
A701,Section 1,1,0.0,510.0,,dotted,null_fill
A701,Section 1,1,0.0,511.0,,dotted,null_fill
A701,Section 1,1,0.0,512.0,,dotted,null_fill
A701,Section 1,1,0.0,513.0,,dotted,null_fill
A701,Section 1,1,0.0,514.0,,dotted,null_fill
A701,Section 1,1,0.0,515.0,,dotted,null_fill
A701,Section 1,1,0.0,516.0,,dotted,null_fill
A701,Section 1,1,0.0,517.0,,dotted,null_fill
A701,Section 1,1,0.0,518.0,,dotted,null_fill
A701,Section 1,1,0.0,519.0,,dotted,null_fill
A701,Section 1,1,0.0,520.0,,dotted,null_fill
A701,Section 1,1,0.0,521.0,,dotted,null_fill
A701,Section 1,1,0.0,522.0,,dotted,null_fill
A701,Section 1,1,0.0,523.0,,dotted,null_fill
A701,Section 1,1,0.0,524.0,,dotted,null_fill
A701,Section 1,1,0.0,525.0,,dotted,null_fill
A701,Section 1,1,0.0,526.0,,dotted,null_fill
A701,Section 1,1,0.0,527.0,,dotted,null_fill
A701,Section 1,1,0.0,528.0,,dotted,null_fill
A701,Section 1,1,0.0,529.0,,dotted,null_fill
A701,Section 1,1,0.0,530.0,,dotted,null_fill
A701,Section 1,1,0.0,531.0,,dotted,null_fill
A701,Section 1,1,0.0,532.0,,dotted,null_fill
A701,Section 1,1,0.0,533.0,,dotted,null_fill
A701,Section 1,1,0.0,534.0,,dotted,null_fill
A701,Section 1,1,0.0,535.0,,dotted,null_fill
A701,Section 1,1,0.0,536.0,,dotted,null_fill
A701,Section 1,1,0.0,537.0,,dotted,null_fill
A701,Section 1,1,0.0,538.0,,dotted,null_fill
A701,Section 1,1,0.0,539.0,,dotted,null_fill
A701,Section 1,1,0.0,540.0,,dotted,null_fill
A701,Section 1,1,0.0,541.0,,dotted,null_fill
A701,Section 1,1,0.0,542.0,,dotted,null_fill
A701,Section 1,1,0.0,543.0,,dotted,null_fill
A701,Section 1,1,0.0,544.0,,dotted,null_fill
A701,Section 1,1,0.0,545.0,,dotted,null_fill
A701,Section 1,1,0.0,546.0,,dotted,null_fill
A701,Section 1,1,0.0,547.0,,dotted,null_fill
A701,Section 1,1,0.0,548.0,,dotted,null_fill
A701,Section 1,1,0.0,549.0,,dotted,null_fill
A701,Section 1,1,0.0,550.0,,dotted,null_fill
A701,Section 1,1,0.0,551.0,,dotted,null_fill
A701,Section 1,1,0.0,552.0,,dotted,null_fill
A7-02,Section 2,2,0.0,0.0,,dotted,null_fill
A7-02,Section 2,2,0.0,1.0,,dotted,null_fill
A7-02,Section 2,2,0.0,2.0,,dotted,null_fill
A7-02,Section 2,2,0.0,3.0,,dotted,null_fill
A7-02,Section 2,2,0.0,4.0,,dotted,null_fill
A7-02,Section 2,2,0.0,5.0,,dotted,null_fill
A7-02,Section 2,2,0.0,6.0,,dotted,null_fill
A7-02,Section 2,2,0.0,7.0,,dotted,null_fill
A7-02,Section 2,2,0.0,8.0,,dotted,null_fill
A7-02,Section 2,2,0.0,9.0,,dotted,null_fill
A7-02,Section 2,2,0.0,10.0,,dotted,null_fill
A7-02,Section 2,2,0.0,11.0,,dotted,null_fill
A7-02,Section 2,2,0.0,12.0,,dotted,null_fill
A7-02,Section 2,2,0.0,13.0,,dotted,null_fill
A7-02,Section 2,2,0.0,14.0,,dotted,null_fill
A7-02,Section 2,2,0.0,15.0,,dotted,null_fill
A7-02,Section 2,2,20.591665267944336,16.0,20.591665267944336,solid,sampled
A7-02,Section 2,2,20.293642044067383,17.0,20.293642044067383,solid,sampled
A7-02,Section 2,2,20.27617645263672,18.0,20.27617645263672,solid,sampled
A7-02,Section 2,2,20.25682830810547,19.0,20.25682830810547,solid,sampled
A7-02,Section 2,2,20.096755981445312,20.0,20.096755981445312,solid,sampled
A7-02,Section 2,2,20.02735710144043,21.0,20.02735710144043,solid,sampled
A7-02,Section 2,2,20.010793685913086,22.0,20.010793685913086,solid,sampled
A7-02,Section 2,2,19.70034408569336,23.0,19.70034408569336,solid,sampled
A7-02,Section 2,2,19.800796508789062,24.0,19.800796508789062,solid,sampled
A7-02,Section 2,2,19.463611602783203,25.0,19.463611602783203,solid,sampled
A7-02,Section 2,2,19.374269485473633,26.0,19.374269485473633,solid,sampled
A7-02,Section 2,2,19.346271514892578,27.0,19.346271514892578,solid,sampled
A7-02,Section 2,2,19.058448791503906,28.0,19.058448791503906,solid,sampled
A7-02,Section 2,2,19.02403450012207,29.0,19.02403450012207,solid,sampled
A7-02,Section 2,2,18.34636116027832,30.0,18.34636116027832,solid,sampled
A7-02,Section 2,2,17.24627113342285,31.0,17.24627113342285,solid,sampled
A7-02,Section 2,2,17.077104568481445,32.0,17.077104568481445,solid,sampled
A7-02,Section 2,2,17.016345977783203,33.0,17.016345977783203,solid,sampled
A7-02,Section 2,2,16.75668716430664,34.0,16.75668716430664,solid,sampled
A7-02,Section 2,2,16.567222595214844,35.0,16.567222595214844,solid,sampled
A7-02,Section 2,2,16.45246124267578,36.0,16.45246124267578,solid,sampled
A7-02,Section 2,2,16.241191864013672,37.0,16.241191864013672,solid,sampled
A7-02,Section 2,2,16.517192840576172,38.0,16.517192840576172,solid,sampled
A7-02,Section 2,2,16.19281768798828,39.0,16.19281768798828,solid,sampled
A7-02,Section 2,2,16.08576774597168,40.0,16.08576774597168,solid,sampled
A7-02,Section 2,2,17.089303970336914,41.0,17.089303970336914,solid,sampled
A7-02,Section 2,2,16.943445205688477,42.0,16.943445205688477,solid,sampled
A7-02,Section 2,2,15.286971092224121,43.0,15.286971092224121,solid,sampled
A7-02,Section 2,2,15.127840042114258,44.0,15.127840042114258,solid,sampled
A7-02,Section 2,2,14.915432929992676,45.0,14.915432929992676,solid,sampled
A7-02,Section 2,2,14.713207244873047,46.0,14.713207244873047,solid,sampled
A7-02,Section 2,2,14.485703468322754,47.0,14.485703468322754,solid,sampled
A7-02,Section 2,2,14.634343147277832,48.0,14.634343147277832,solid,sampled
A7-02,Section 2,2,14.921014785766602,49.0,14.921014785766602,solid,sampled
A7-02,Section 2,2,15.175111770629883,50.0,15.175111770629883,solid,sampled
A7-02,Section 2,2,14.801799774169922,51.0,14.801799774169922,solid,sampled
A7-02,Section 2,2,13.752067565917969,52.0,13.752067565917969,solid,sampled
A7-02,Section 2,2,10.789621353149414,53.0,10.789621353149414,solid,sampled
A7-02,Section 2,2,10.331110000610352,54.0,10.331110000610352,solid,sampled
A7-02,Section 2,2,9.50400447845459,55.0,9.50400447845459,solid,sampled
A7-02,Section 2,2,8.822735786437988,56.0,8.822735786437988,solid,sampled
A7-02,Section 2,2,7.650730133056641,57.0,7.650730133056641,solid,sampled
A7-02,Section 2,2,6.612895965576172,58.0,6.612895965576172,solid,sampled
A7-02,Section 2,2,4.535993576049805,59.0,4.535993576049805,solid,sampled
A7-02,Section 2,2,4.103825092315674,60.0,4.103825092315674,solid,sampled
A7-02,Section 2,2,3.7596583366394043,61.0,3.7596583366394043,solid,sampled
A7-02,Section 2,2,3.4463980197906494,62.0,3.4463980197906494,solid,sampled
A7-02,Section 2,2,3.2258198261260986,63.0,3.2258198261260986,solid,sampled
A7-02,Section 2,2,2.9920966625213623,64.0,2.9920966625213623,solid,sampled
A7-02,Section 2,2,2.828124523162842,65.0,2.828124523162842,solid,sampled
A7-02,Section 2,2,2.6536715030670166,66.0,2.6536715030670166,solid,sampled
A7-02,Section 2,2,2.4903159141540527,67.0,2.4903159141540527,solid,sampled
A7-02,Section 2,2,2.3420066833496094,68.0,2.3420066833496094,solid,sampled
A7-02,Section 2,2,2.1484198570251465,69.0,2.1484198570251465,solid,sampled
A7-02,Section 2,2,1.9961833953857422,70.0,1.9961833953857422,solid,sampled
A7-02,Section 2,2,1.8582305908203125,71.0,1.8582305908203125,solid,sampled
A7-02,Section 2,2,1.7201261520385742,72.0,1.7201261520385742,solid,sampled
A7-02,Section 2,2,1.5923488140106201,73.0,1.5923488140106201,solid,sampled
A7-02,Section 2,2,1.4885540008544922,74.0,1.4885540008544922,solid,sampled
A7-02,Section 2,2,1.3381460905075073,75.0,1.3381460905075073,solid,sampled
A7-02,Section 2,2,1.2303916215896606,76.0,1.2303916215896606,solid,sampled
A7-02,Section 2,2,1.1390119791030884,77.0,1.1390119791030884,solid,sampled
A7-02,Section 2,2,1.0710614919662476,78.0,1.0710614919662476,solid,sampled
A7-02,Section 2,2,0.9812492728233337,79.0,0.9812492728233337,solid,sampled
A7-02,Section 2,2,0.9144992828369141,80.0,0.9144992828369141,solid,sampled
A7-02,Section 2,2,0.8412564992904663,81.0,0.8412564992904663,solid,sampled
A7-02,Section 2,2,0.7696778774261475,82.0,0.7696778774261475,solid,sampled
A7-02,Section 2,2,0.6833070516586304,83.0,0.6833070516586304,solid,sampled
A7-02,Section 2,2,0.6091687679290771,84.0,0.6091687679290771,solid,sampled
A7-02,Section 2,2,0.578521728515625,85.0,0.578521728515625,solid,sampled
A7-02,Section 2,2,0.5631168484687805,86.0,0.5631168484687805,solid,sampled
A7-02,Section 2,2,0.5351753830909729,87.0,0.5351753830909729,solid,sampled
A7-02,Section 2,2,0.5136460661888123,88.0,0.5136460661888123,solid,sampled
A7-02,Section 2,2,0.5009655952453613,89.0,0.5009655952453613,solid,sampled
A7-02,Section 2,2,0.4726185202598572,90.0,0.4726185202598572,solid,sampled
A7-02,Section 2,2,0.45022153854370117,91.0,0.45022153854370117,solid,sampled
A7-02,Section 2,2,0.43783488869667053,92.0,0.43783488869667053,solid,sampled
A7-02,Section 2,2,0.413562148809433,93.0,0.413562148809433,solid,sampled
A7-02,Section 2,2,0.38624054193496704,94.0,0.38624054193496704,solid,sampled
A7-02,Section 2,2,0.3563947081565857,95.0,0.3563947081565857,solid,sampled
A7-02,Section 2,2,0.3133629560470581,96.0,0.3133629560470581,solid,sampled
A7-02,Section 2,2,0.28889864683151245,97.0,0.28889864683151245,solid,sampled
A7-02,Section 2,2,0.2287524789571762,98.0,0.2287524789571762,solid,sampled
A7-02,Section 2,2,0.16320128738880157,99.0,0.16320128738880157,solid,sampled
A7-02,Section 2,2,0.08102542161941528,100.0,0.08102542161941528,solid,sampled
A7-02,Section 2,2,-0.023342519998550415,101.0,-0.023342519998550415,solid,sampled
A7-02,Section 2,2,-0.21808618307113647,102.0,-0.21808618307113647,solid,sampled
A7-02,Section 2,2,-0.7726453542709351,103.0,-0.7726453542709351,solid,sampled
A7-02,Section 2,2,-1.280713677406311,104.0,-1.280713677406311,solid,sampled
A7-02,Section 2,2,-1.3890312910079956,105.0,-1.3890312910079956,solid,sampled
A7-02,Section 2,2,-1.4298361539840698,106.0,-1.4298361539840698,solid,sampled
A7-02,Section 2,2,-1.3868889808654785,107.0,-1.3868889808654785,solid,sampled
A7-02,Section 2,2,-1.3589706420898438,108.0,-1.3589706420898438,solid,sampled
A7-02,Section 2,2,-1.296606421470642,109.0,-1.296606421470642,solid,sampled
A7-02,Section 2,2,-1.2599554061889648,110.0,-1.2599554061889648,solid,sampled
A7-02,Section 2,2,-1.2484402656555176,111.0,-1.2484402656555176,solid,sampled
A7-02,Section 2,2,-1.2010163068771362,112.0,-1.2010163068771362,solid,sampled
A7-02,Section 2,2,-1.1676890850067139,113.0,-1.1676890850067139,solid,sampled
A7-02,Section 2,2,-1.1415249109268188,114.0,-1.1415249109268188,solid,sampled
A7-02,Section 2,2,-1.1044996976852417,115.0,-1.1044996976852417,solid,sampled
A7-02,Section 2,2,-1.0806019306182861,116.0,-1.0806019306182861,solid,sampled
A7-02,Section 2,2,-1.0456242561340332,117.0,-1.0456242561340332,solid,sampled
A7-02,Section 2,2,-1.0095372200012207,118.0,-1.0095372200012207,solid,sampled
A7-02,Section 2,2,-0.9897317886352539,119.0,-0.9897317886352539,solid,sampled
A7-02,Section 2,2,-0.9610569477081299,120.0,-0.9610569477081299,solid,sampled
A7-02,Section 2,2,-0.9297153949737549,121.0,-0.9297153949737549,solid,sampled
A7-02,Section 2,2,-0.8986973762512207,122.0,-0.8986973762512207,solid,sampled
A7-02,Section 2,2,-0.866235613822937,123.0,-0.866235613822937,solid,sampled
A7-02,Section 2,2,-0.84675133228302,124.0,-0.84675133228302,solid,sampled
A7-02,Section 2,2,-0.8176962733268738,125.0,-0.8176962733268738,solid,sampled
A7-02,Section 2,2,-0.811619758605957,126.0,-0.811619758605957,solid,sampled
A7-02,Section 2,2,-0.783724308013916,127.0,-0.783724308013916,solid,sampled
A7-02,Section 2,2,-0.7630387544631958,128.0,-0.7630387544631958,solid,sampled
A7-02,Section 2,2,-0.7633352279663086,129.0,-0.7633352279663086,solid,sampled
A7-02,Section 2,2,-0.7599518299102783,130.0,-0.7599518299102783,solid,sampled
A7-02,Section 2,2,-0.765052080154419,131.0,-0.765052080154419,solid,sampled
A7-02,Section 2,2,-0.7473322153091431,132.0,-0.7473322153091431,solid,sampled
A7-02,Section 2,2,-0.751083493232727,133.0,-0.751083493232727,solid,sampled
A7-02,Section 2,2,-0.738636314868927,134.0,-0.738636314868927,solid,sampled
A7-02,Section 2,2,-0.7406997680664062,135.0,-0.7406997680664062,solid,sampled
A7-02,Section 2,2,-0.7283373475074768,136.0,-0.7283373475074768,solid,sampled
A7-02,Section 2,2,-0.7322947978973389,137.0,-0.7322947978973389,solid,sampled
A7-02,Section 2,2,-0.7360457181930542,138.0,-0.7360457181930542,solid,sampled
A7-02,Section 2,2,-0.7208422422409058,139.0,-0.7208422422409058,solid,sampled
A7-02,Section 2,2,-0.7267885208129883,140.0,-0.7267885208129883,solid,sampled
A7-02,Section 2,2,-0.7254699468612671,141.0,-0.7254699468612671,solid,sampled
A7-02,Section 2,2,-0.7213360667228699,142.0,-0.7213360667228699,solid,sampled
A7-02,Section 2,2,-0.7205209732055664,143.0,-0.7205209732055664,solid,sampled
A7-02,Section 2,2,-0.7171624302864075,144.0,-0.7171624302864075,solid,sampled
A7-02,Section 2,2,-0.7147036790847778,145.0,-0.7147036790847778,solid,sampled
A7-02,Section 2,2,-0.7106589674949646,146.0,-0.7106589674949646,solid,sampled
A7-02,Section 2,2,-0.6985824108123779,147.0,-0.6985824108123779,solid,sampled
A7-02,Section 2,2,-0.7087963819503784,148.0,-0.7087963819503784,solid,sampled
A7-02,Section 2,2,-0.708634614944458,149.0,-0.708634614944458,solid,sampled
A7-02,Section 2,2,-0.7093188762664795,150.0,-0.7093188762664795,solid,sampled
A7-02,Section 2,2,-0.7001979351043701,151.0,-0.7001979351043701,solid,sampled
A7-02,Section 2,2,-0.7034193873405457,152.0,-0.7034193873405457,solid,sampled
A7-02,Section 2,2,-0.6986740827560425,153.0,-0.6986740827560425,solid,sampled
A7-02,Section 2,2,-0.692817747592926,154.0,-0.692817747592926,solid,sampled
A7-02,Section 2,2,-0.6864398717880249,155.0,-0.6864398717880249,solid,sampled
A7-02,Section 2,2,-0.6702607870101929,156.0,-0.6702607870101929,solid,sampled
A7-02,Section 2,2,-0.6686888933181763,157.0,-0.6686888933181763,solid,sampled
A7-02,Section 2,2,-0.6724157333374023,158.0,-0.6724157333374023,solid,sampled
A7-02,Section 2,2,-0.6607284545898438,159.0,-0.6607284545898438,solid,sampled
A7-02,Section 2,2,-0.663329005241394,160.0,-0.663329005241394,solid,sampled
A7-02,Section 2,2,-0.6589246392250061,161.0,-0.6589246392250061,solid,sampled
A7-02,Section 2,2,-0.6507576107978821,162.0,-0.6507576107978821,solid,sampled
A7-02,Section 2,2,-0.6378768682479858,163.0,-0.6378768682479858,solid,sampled
A7-02,Section 2,2,-0.6253678202629089,164.0,-0.6253678202629089,solid,sampled
A7-02,Section 2,2,-0.6145190596580505,165.0,-0.6145190596580505,solid,sampled
A7-02,Section 2,2,-0.6094380617141724,166.0,-0.6094380617141724,solid,sampled
A7-02,Section 2,2,-0.5932159423828125,167.0,-0.5932159423828125,solid,sampled
A7-02,Section 2,2,-0.5881527066230774,168.0,-0.5881527066230774,solid,sampled
A7-02,Section 2,2,-0.5677752494812012,169.0,-0.5677752494812012,solid,sampled
A7-02,Section 2,2,-0.5342601537704468,170.0,-0.5342601537704468,solid,sampled
A7-02,Section 2,2,-0.5264882445335388,171.0,-0.5264882445335388,solid,sampled
A7-02,Section 2,2,-0.5151215195655823,172.0,-0.5151215195655823,solid,sampled
A7-02,Section 2,2,-0.481187105178833,173.0,-0.481187105178833,solid,sampled
A7-02,Section 2,2,-0.47722911834716797,174.0,-0.47722911834716797,solid,sampled
A7-02,Section 2,2,-0.41379520297050476,175.0,-0.41379520297050476,solid,sampled
A7-02,Section 2,2,-0.3380804657936096,176.0,-0.3380804657936096,solid,sampled
A7-02,Section 2,2,-0.29282236099243164,177.0,-0.29282236099243164,solid,sampled
A7-02,Section 2,2,-0.2815743386745453,178.0,-0.2815743386745453,solid,sampled
A7-02,Section 2,2,-0.2853344678878784,179.0,-0.2853344678878784,solid,sampled
A7-02,Section 2,2,-0.2773386240005493,180.0,-0.2773386240005493,solid,sampled
A7-02,Section 2,2,-0.27845299243927,181.0,-0.27845299243927,solid,sampled
A7-02,Section 2,2,-0.2780809998512268,182.0,-0.2780809998512268,solid,sampled
A7-02,Section 2,2,-0.29428398609161377,183.0,-0.29428398609161377,solid,sampled
A7-02,Section 2,2,-0.3138113021850586,184.0,-0.3138113021850586,solid,sampled
A7-02,Section 2,2,-0.30195820331573486,185.0,-0.30195820331573486,solid,sampled
A7-02,Section 2,2,-0.30229926109313965,186.0,-0.30229926109313965,solid,sampled
A7-02,Section 2,2,-0.3099093437194824,187.0,-0.3099093437194824,solid,sampled
A7-02,Section 2,2,-0.32211941480636597,188.0,-0.32211941480636597,solid,sampled
A7-02,Section 2,2,-0.32859447598457336,189.0,-0.32859447598457336,solid,sampled
A7-02,Section 2,2,-0.3374018967151642,190.0,-0.3374018967151642,solid,sampled
A7-02,Section 2,2,-0.3538787364959717,191.0,-0.3538787364959717,solid,sampled
A7-02,Section 2,2,-0.3632506728172302,192.0,-0.3632506728172302,solid,sampled
A7-02,Section 2,2,-0.3711887001991272,193.0,-0.3711887001991272,solid,sampled
A7-02,Section 2,2,-0.3788919448852539,194.0,-0.3788919448852539,solid,sampled
A7-02,Section 2,2,-0.4170697033405304,195.0,-0.4170697033405304,solid,sampled
A7-02,Section 2,2,-0.42953169345855713,196.0,-0.42953169345855713,solid,sampled
A7-02,Section 2,2,-0.4299528896808624,197.0,-0.4299528896808624,solid,sampled
A7-02,Section 2,2,-0.4533093571662903,198.0,-0.4533093571662903,solid,sampled
A7-02,Section 2,2,-0.48329368233680725,199.0,-0.48329368233680725,solid,sampled
A7-02,Section 2,2,-0.5301951169967651,200.0,-0.5301951169967651,solid,sampled
A7-02,Section 2,2,-0.5820211172103882,201.0,-0.5820211172103882,solid,sampled
A7-02,Section 2,2,-0.6029701232910156,202.0,-0.6029701232910156,solid,sampled
A7-02,Section 2,2,-0.6266107559204102,203.0,-0.6266107559204102,solid,sampled
A7-02,Section 2,2,-0.6698838472366333,204.0,-0.6698838472366333,solid,sampled
A7-02,Section 2,2,-0.7300021648406982,205.0,-0.7300021648406982,solid,sampled
A7-02,Section 2,2,-0.7739521265029907,206.0,-0.7739521265029907,solid,sampled
A7-02,Section 2,2,-0.850907027721405,207.0,-0.850907027721405,solid,sampled
A7-02,Section 2,2,-0.935338020324707,208.0,-0.935338020324707,solid,sampled
A7-02,Section 2,2,-1.0318090915679932,209.0,-1.0318090915679932,solid,sampled
A7-02,Section 2,2,-1.116240382194519,210.0,-1.116240382194519,solid,sampled
A7-02,Section 2,2,-1.1518642902374268,211.0,-1.1518642902374268,solid,sampled
A7-02,Section 2,2,-1.1858588457107544,212.0,-1.1858588457107544,solid,sampled
A7-02,Section 2,2,-1.232011318206787,213.0,-1.232011318206787,solid,sampled
A7-02,Section 2,2,-1.282051920890808,214.0,-1.282051920890808,solid,sampled
A7-02,Section 2,2,-1.5619041919708252,215.0,-1.5619041919708252,solid,sampled
A7-02,Section 2,2,-3.0,216.0,-5.431189060211182,solid,water_floor
A7-02,Section 2,2,-3.0,217.0,-10.489762306213379,solid,water_floor
A7-02,Section 2,2,-3.0,218.0,-8.684440612792969,solid,water_floor
A7-02,Section 2,2,-3.0,219.0,-9.582557678222656,solid,water_floor
A7-02,Section 2,2,-3.0,220.0,-12.041186332702637,solid,water_floor
A7-02,Section 2,2,-3.0,221.0,-14.455948829650879,solid,water_floor
A7-02,Section 2,2,-3.0,222.0,-17.517780303955078,solid,water_floor
A7-02,Section 2,2,-3.0,223.0,-23.777355194091797,solid,water_floor
A7-02,Section 2,2,-3.0,224.0,-23.156982421875,solid,water_floor
A7-02,Section 2,2,-3.0,225.0,-26.721403121948242,solid,water_floor
A7-02,Section 2,2,-3.0,226.0,-36.2342643737793,solid,water_floor
A7-02,Section 2,2,-3.0,227.0,-28.127681732177734,solid,water_floor
A7-02,Section 2,2,-3.0,228.0,-33.969207763671875,solid,water_floor
A7-02,Section 2,2,-3.0,229.0,-39.32374954223633,solid,water_floor
A7-02,Section 2,2,-3.0,230.0,-39.51852035522461,solid,water_floor
A7-02,Section 2,2,-3.0,231.0,-38.49797821044922,solid,water_floor
A7-02,Section 2,2,-3.0,232.0,-42.78264236450195,solid,water_floor
A7-02,Section 2,2,-3.0,233.0,-44.78539276123047,solid,water_floor
A7-02,Section 2,2,-3.0,234.0,-45.33830642700195,solid,water_floor
A7-02,Section 2,2,-3.0,235.0,-45.05534362792969,solid,water_floor
A7-02,Section 2,2,-3.0,236.0,-43.670555114746094,solid,water_floor
A7-02,Section 2,2,-3.0,237.0,-43.0629997253418,solid,water_floor
A7-02,Section 2,2,-3.0,238.0,-46.67533874511719,solid,water_floor
A7-02,Section 2,2,-3.0,239.0,-44.42231750488281,solid,water_floor
A7-02,Section 2,2,-3.0,240.0,-44.912357330322266,solid,water_floor
A7-02,Section 2,2,-3.0,241.0,-54.23301696777344,solid,water_floor
A7-02,Section 2,2,-3.0,242.0,-55.067378997802734,solid,water_floor
A7-02,Section 2,2,-3.0,243.0,-53.232337951660156,solid,water_floor
A7-02,Section 2,2,-3.0,244.0,-49.822967529296875,solid,water_floor
A7-02,Section 2,2,-3.0,245.0,-47.97416305541992,solid,water_floor
A7-02,Section 2,2,-3.0,246.0,-48.46052932739258,solid,water_floor
A7-02,Section 2,2,-3.0,247.0,-50.874725341796875,solid,water_floor
A7-02,Section 2,2,-3.0,248.0,-54.299251556396484,solid,water_floor
A7-02,Section 2,2,-3.0,249.0,-42.360618591308594,solid,water_floor
A7-02,Section 2,2,-3.0,250.0,-39.426025390625,solid,water_floor
A7-02,Section 2,2,-3.0,251.0,-34.22134780883789,solid,water_floor
A7-02,Section 2,2,-3.0,252.0,-42.24188232421875,solid,water_floor
A7-02,Section 2,2,-3.0,253.0,-38.90978240966797,solid,water_floor
A7-02,Section 2,2,-3.0,254.0,-32.95560073852539,solid,water_floor
A7-02,Section 2,2,-3.0,255.0,-8.102702140808105,solid,water_floor
A7-02,Section 2,2,-3.0,256.0,-3.3903262615203857,solid,water_floor
A7-02,Section 2,2,-3.0,257.0,-5.642189979553223,solid,water_floor
A7-02,Section 2,2,-1.727156162261963,258.0,-1.727156162261963,solid,sampled
A7-02,Section 2,2,-1.4680545330047607,259.0,-1.4680545330047607,solid,sampled
A7-02,Section 2,2,-1.2924306392669678,260.0,-1.2924306392669678,solid,sampled
A7-02,Section 2,2,-1.3910024166107178,261.0,-1.3910024166107178,solid,sampled
A7-02,Section 2,2,-1.1270581483840942,262.0,-1.1270581483840942,solid,sampled
A7-02,Section 2,2,-1.1131258010864258,263.0,-1.1131258010864258,solid,sampled
A7-02,Section 2,2,-1.0720072984695435,264.0,-1.0720072984695435,solid,sampled
A7-02,Section 2,2,-1.1014783382415771,265.0,-1.1014783382415771,solid,sampled
A7-02,Section 2,2,-1.0911515951156616,266.0,-1.0911515951156616,solid,sampled
A7-02,Section 2,2,-1.0354406833648682,267.0,-1.0354406833648682,solid,sampled
A7-02,Section 2,2,-1.0354784727096558,268.0,-1.0354784727096558,solid,sampled
A7-02,Section 2,2,-1.0665626525878906,269.0,-1.0665626525878906,solid,sampled
A7-02,Section 2,2,-1.0544780492782593,270.0,-1.0544780492782593,solid,sampled
A7-02,Section 2,2,-1.0744527578353882,271.0,-1.0744527578353882,solid,sampled
A7-02,Section 2,2,-1.0129899978637695,272.0,-1.0129899978637695,solid,sampled
A7-02,Section 2,2,-1.0483089685440063,273.0,-1.0483089685440063,solid,sampled
A7-02,Section 2,2,-1.0512793064117432,274.0,-1.0512793064117432,solid,sampled
A7-02,Section 2,2,-1.0407774448394775,275.0,-1.0407774448394775,solid,sampled
A7-02,Section 2,2,-1.0238218307495117,276.0,-1.0238218307495117,solid,sampled
A7-02,Section 2,2,-1.0271813869476318,277.0,-1.0271813869476318,solid,sampled
A7-02,Section 2,2,-1.029222011566162,278.0,-1.029222011566162,solid,sampled
A7-02,Section 2,2,-1.0550832748413086,279.0,-1.0550832748413086,solid,sampled
A7-02,Section 2,2,-1.0435186624526978,280.0,-1.0435186624526978,solid,sampled
A7-02,Section 2,2,-1.0505112409591675,281.0,-1.0505112409591675,solid,sampled
A7-02,Section 2,2,-1.056993007659912,282.0,-1.056993007659912,solid,sampled
A7-02,Section 2,2,-1.0549030303955078,283.0,-1.0549030303955078,solid,sampled
A7-02,Section 2,2,-1.0558650493621826,284.0,-1.0558650493621826,solid,sampled
A7-02,Section 2,2,-1.0707988739013672,285.0,-1.0707988739013672,solid,sampled
A7-02,Section 2,2,-1.065500259399414,286.0,-1.065500259399414,solid,sampled
A7-02,Section 2,2,-1.057512879371643,287.0,-1.057512879371643,solid,sampled
A7-02,Section 2,2,-1.0336164236068726,288.0,-1.0336164236068726,solid,sampled
A7-02,Section 2,2,-1.0287251472473145,289.0,-1.0287251472473145,solid,sampled
A7-02,Section 2,2,-1.041099190711975,290.0,-1.041099190711975,solid,sampled
A7-02,Section 2,2,-1.0121705532073975,291.0,-1.0121705532073975,solid,sampled
A7-02,Section 2,2,-0.9764408469200134,292.0,-0.9764408469200134,solid,sampled
A7-02,Section 2,2,-0.9481078386306763,293.0,-0.9481078386306763,solid,sampled
A7-02,Section 2,2,-0.9185603857040405,294.0,-0.9185603857040405,solid,sampled
A7-02,Section 2,2,-0.9396485090255737,295.0,-0.9396485090255737,solid,sampled
A7-02,Section 2,2,-0.8945106267929077,296.0,-0.8945106267929077,solid,sampled
A7-02,Section 2,2,-1.0628713369369507,297.0,-1.0628713369369507,solid,sampled
A7-02,Section 2,2,-1.0475795269012451,298.0,-1.0475795269012451,solid,sampled
A7-02,Section 2,2,-0.8821046948432922,299.0,-0.8821046948432922,solid,sampled
A7-02,Section 2,2,-0.8999500870704651,300.0,-0.8999500870704651,solid,sampled
A7-02,Section 2,2,-0.8928757905960083,301.0,-0.8928757905960083,solid,sampled
A7-02,Section 2,2,-0.8905078172683716,302.0,-0.8905078172683716,solid,sampled
A7-02,Section 2,2,-0.8949094414710999,303.0,-0.8949094414710999,solid,sampled
A7-02,Section 2,2,-0.8882675170898438,304.0,-0.8882675170898438,solid,sampled
A7-02,Section 2,2,-0.8935433626174927,305.0,-0.8935433626174927,solid,sampled
A7-02,Section 2,2,-0.8765451908111572,306.0,-0.8765451908111572,solid,sampled
A7-02,Section 2,2,-0.8863834738731384,307.0,-0.8863834738731384,solid,sampled
A7-02,Section 2,2,-0.8622132539749146,308.0,-0.8622132539749146,solid,sampled
A7-02,Section 2,2,-0.8540981411933899,309.0,-0.8540981411933899,solid,sampled
A7-02,Section 2,2,-0.8541910648345947,310.0,-0.8541910648345947,solid,sampled
A7-02,Section 2,2,-0.8674746751785278,311.0,-0.8674746751785278,solid,sampled
A7-02,Section 2,2,-0.8694700598716736,312.0,-0.8694700598716736,solid,sampled
A7-02,Section 2,2,-0.8653509616851807,313.0,-0.8653509616851807,solid,sampled
A7-02,Section 2,2,-0.8536018133163452,314.0,-0.8536018133163452,solid,sampled
A7-02,Section 2,2,-0.8578609824180603,315.0,-0.8578609824180603,solid,sampled
A7-02,Section 2,2,-0.8707414865493774,316.0,-0.8707414865493774,solid,sampled
A7-02,Section 2,2,-0.8641281127929688,317.0,-0.8641281127929688,solid,sampled
A7-02,Section 2,2,-0.8727107048034668,318.0,-0.8727107048034668,solid,sampled
A7-02,Section 2,2,-0.8486346006393433,319.0,-0.8486346006393433,solid,sampled
A7-02,Section 2,2,-0.8395819067955017,320.0,-0.8395819067955017,solid,sampled
A7-02,Section 2,2,-0.8584882020950317,321.0,-0.8584882020950317,solid,sampled
A7-02,Section 2,2,-0.8578254580497742,322.0,-0.8578254580497742,solid,sampled
A7-02,Section 2,2,-0.8460960388183594,323.0,-0.8460960388183594,solid,sampled
A7-02,Section 2,2,-0.8481450080871582,324.0,-0.8481450080871582,solid,sampled
A7-02,Section 2,2,-0.8593011498451233,325.0,-0.8593011498451233,solid,sampled
A7-02,Section 2,2,-0.8517114520072937,326.0,-0.8517114520072937,solid,sampled
A7-02,Section 2,2,-0.8727995753288269,327.0,-0.8727995753288269,solid,sampled
A7-02,Section 2,2,-0.8724819421768188,328.0,-0.8724819421768188,solid,sampled
A7-02,Section 2,2,-0.8732367753982544,329.0,-0.8732367753982544,solid,sampled
A7-02,Section 2,2,-0.8752280473709106,330.0,-0.8752280473709106,solid,sampled
A7-02,Section 2,2,-0.8935202360153198,331.0,-0.8935202360153198,solid,sampled
A7-02,Section 2,2,-0.8922447562217712,332.0,-0.8922447562217712,solid,sampled
A7-02,Section 2,2,-0.8902263045310974,333.0,-0.8902263045310974,solid,sampled
A7-02,Section 2,2,-0.8914639949798584,334.0,-0.8914639949798584,solid,sampled
A7-02,Section 2,2,-0.8948782682418823,335.0,-0.8948782682418823,solid,sampled
A7-02,Section 2,2,-0.9086005687713623,336.0,-0.9086005687713623,solid,sampled
A7-02,Section 2,2,-0.8988465070724487,337.0,-0.8988465070724487,solid,sampled
A7-02,Section 2,2,-0.907436192035675,338.0,-0.907436192035675,solid,sampled
A7-02,Section 2,2,-0.906683087348938,339.0,-0.906683087348938,solid,sampled
A7-02,Section 2,2,-0.9090221524238586,340.0,-0.9090221524238586,solid,sampled
A7-02,Section 2,2,-0.9037832021713257,341.0,-0.9037832021713257,solid,sampled
A7-02,Section 2,2,-0.9012688398361206,342.0,-0.9012688398361206,solid,sampled
A7-02,Section 2,2,-0.8978836536407471,343.0,-0.8978836536407471,solid,sampled
A7-02,Section 2,2,-0.8913801908493042,344.0,-0.8913801908493042,solid,sampled
A7-02,Section 2,2,-0.8839485049247742,345.0,-0.8839485049247742,solid,sampled
A7-02,Section 2,2,-0.8922690749168396,346.0,-0.8922690749168396,solid,sampled
A7-02,Section 2,2,-0.8809903860092163,347.0,-0.8809903860092163,solid,sampled
A7-02,Section 2,2,-0.8712615370750427,348.0,-0.8712615370750427,solid,sampled
A7-02,Section 2,2,-0.8808008432388306,349.0,-0.8808008432388306,solid,sampled
A7-02,Section 2,2,-0.8748011589050293,350.0,-0.8748011589050293,solid,sampled
A7-02,Section 2,2,-0.8702892065048218,351.0,-0.8702892065048218,solid,sampled
A7-02,Section 2,2,-0.8778422474861145,352.0,-0.8778422474861145,solid,sampled
A7-02,Section 2,2,-0.8835357427597046,353.0,-0.8835357427597046,solid,sampled
A7-02,Section 2,2,-0.8626352548599243,354.0,-0.8626352548599243,solid,sampled
A7-02,Section 2,2,-0.8663914203643799,355.0,-0.8663914203643799,solid,sampled
A7-02,Section 2,2,-0.8665676116943359,356.0,-0.8665676116943359,solid,sampled
A7-02,Section 2,2,-0.8635379076004028,357.0,-0.8635379076004028,solid,sampled
A7-02,Section 2,2,-0.8704625368118286,358.0,-0.8704625368118286,solid,sampled
A7-02,Section 2,2,-0.8737133741378784,359.0,-0.8737133741378784,solid,sampled
A7-02,Section 2,2,-0.8792306184768677,360.0,-0.8792306184768677,solid,sampled
A7-02,Section 2,2,-0.9056686162948608,361.0,-0.9056686162948608,solid,sampled
A7-02,Section 2,2,-0.9104211330413818,362.0,-0.9104211330413818,solid,sampled
A7-02,Section 2,2,-0.9388217926025391,363.0,-0.9388217926025391,solid,sampled
A7-02,Section 2,2,-0.9803857803344727,364.0,-0.9803857803344727,solid,sampled
A7-02,Section 2,2,-1.01244056224823,365.0,-1.01244056224823,solid,sampled
A7-02,Section 2,2,-0.9966995716094971,366.0,-0.9966995716094971,solid,sampled
A7-02,Section 2,2,-1.0158286094665527,367.0,-1.0158286094665527,solid,sampled
A7-02,Section 2,2,-1.015693187713623,368.0,-1.015693187713623,solid,sampled
A7-02,Section 2,2,-1.0256847143173218,369.0,-1.0256847143173218,solid,sampled
A7-02,Section 2,2,-1.0347776412963867,370.0,-1.0347776412963867,solid,sampled
A7-02,Section 2,2,-1.0350922346115112,371.0,-1.0350922346115112,solid,sampled
A7-02,Section 2,2,-1.0617856979370117,372.0,-1.0617856979370117,solid,sampled
A7-02,Section 2,2,-1.0938241481781006,373.0,-1.0938241481781006,solid,sampled
A7-02,Section 2,2,-1.0475597381591797,374.0,-1.0475597381591797,solid,sampled
A7-02,Section 2,2,-1.0914853811264038,375.0,-1.0914853811264038,solid,sampled
A7-02,Section 2,2,-1.1357066631317139,376.0,-1.1357066631317139,solid,sampled
A7-02,Section 2,2,-1.1102399826049805,377.0,-1.1102399826049805,solid,sampled
A7-02,Section 2,2,-1.0289852619171143,378.0,-1.0289852619171143,solid,sampled
A7-02,Section 2,2,-1.4828581809997559,379.0,-1.4828581809997559,solid,sampled
A7-02,Section 2,2,-2.0575571060180664,380.0,-2.0575571060180664,solid,sampled
A7-02,Section 2,2,-2.3968772888183594,381.0,-2.3968772888183594,solid,sampled
A7-02,Section 2,2,-1.6506807804107666,382.0,-1.6506807804107666,solid,sampled
A7-02,Section 2,2,-1.17470121383667,383.0,-1.17470121383667,solid,sampled
A7-02,Section 2,2,-0.9421389698982239,384.0,-0.9421389698982239,solid,sampled
A7-02,Section 2,2,-1.0990873575210571,385.0,-1.0990873575210571,solid,sampled
A7-02,Section 2,2,-0.9516013860702515,386.0,-0.9516013860702515,solid,sampled
A7-02,Section 2,2,-0.8593162894248962,387.0,-0.8593162894248962,solid,sampled
A7-02,Section 2,2,-1.1889277696609497,388.0,-1.1889277696609497,solid,sampled
A7-02,Section 2,2,-1.2553244829177856,389.0,-1.2553244829177856,solid,sampled
A7-02,Section 2,2,-1.0302884578704834,390.0,-1.0302884578704834,solid,sampled
A7-02,Section 2,2,-0.9542224407196045,391.0,-0.9542224407196045,solid,sampled
A7-02,Section 2,2,-3.0,392.0,-8.654258728027344,solid,water_floor
A7-02,Section 2,2,-3.0,393.0,-14.25761890411377,solid,water_floor
A7-02,Section 2,2,-3.0,394.0,-11.837042808532715,solid,water_floor
A7-02,Section 2,2,-3.0,395.0,-11.567124366760254,solid,water_floor
A7-02,Section 2,2,-3.0,396.0,-11.745719909667969,solid,water_floor
A7-02,Section 2,2,-3.0,397.0,-11.007301330566406,solid,water_floor
A7-02,Section 2,2,-3.0,398.0,-7.581268310546875,solid,water_floor
A7-02,Section 2,2,-3.0,399.0,-9.438722610473633,solid,water_floor
A7-02,Section 2,2,-3.0,400.0,-6.601967811584473,solid,water_floor
A7-02,Section 2,2,-3.0,401.0,-8.190983772277832,solid,water_floor
A7-02,Section 2,2,-1.8534984588623047,402.0,-1.8534984588623047,solid,sampled
A7-02,Section 2,2,-1.0838696956634521,403.0,-1.0838696956634521,solid,sampled
A7-02,Section 2,2,-1.3565658330917358,404.0,-1.3565658330917358,solid,sampled
A7-02,Section 2,2,-1.09015691280365,405.0,-1.09015691280365,solid,sampled
A7-02,Section 2,2,-1.5704796314239502,406.0,-1.5704796314239502,solid,sampled
A7-02,Section 2,2,-1.2221832275390625,407.0,-1.2221832275390625,solid,sampled
A7-02,Section 2,2,-0.9955378770828247,408.0,-0.9955378770828247,solid,sampled
A7-02,Section 2,2,-0.9194238185882568,409.0,-0.9194238185882568,solid,sampled
A7-02,Section 2,2,-0.9767588973045349,410.0,-0.9767588973045349,solid,sampled
A7-02,Section 2,2,-0.9359227418899536,411.0,-0.9359227418899536,solid,sampled
A7-02,Section 2,2,-0.9082988500595093,412.0,-0.9082988500595093,solid,sampled
A7-02,Section 2,2,-0.9212321639060974,413.0,-0.9212321639060974,solid,sampled
A7-02,Section 2,2,-0.8929365873336792,414.0,-0.8929365873336792,solid,sampled
A7-02,Section 2,2,-0.8374634981155396,415.0,-0.8374634981155396,solid,sampled
A7-02,Section 2,2,-0.7523167133331299,416.0,-0.7523167133331299,solid,sampled
A7-02,Section 2,2,-0.6950407028198242,417.0,-0.6950407028198242,solid,sampled
A7-02,Section 2,2,-0.636486291885376,418.0,-0.636486291885376,solid,sampled
A7-02,Section 2,2,-0.5769501328468323,419.0,-0.5769501328468323,solid,sampled
A7-02,Section 2,2,-0.5098599791526794,420.0,-0.5098599791526794,solid,sampled
A7-02,Section 2,2,-0.47212326526641846,421.0,-0.47212326526641846,solid,sampled
A7-02,Section 2,2,-0.4172370433807373,422.0,-0.4172370433807373,solid,sampled
A7-02,Section 2,2,-0.35679441690444946,423.0,-0.35679441690444946,solid,sampled
A7-02,Section 2,2,-0.2955775856971741,424.0,-0.2955775856971741,solid,sampled
A7-02,Section 2,2,-0.22139513492584229,425.0,-0.22139513492584229,solid,sampled
A7-02,Section 2,2,-0.14381906390190125,426.0,-0.14381906390190125,solid,sampled
A7-02,Section 2,2,0.038543701171875,427.0,0.038543701171875,solid,sampled
A7-02,Section 2,2,0.16895711421966553,428.0,0.16895711421966553,solid,sampled
A7-02,Section 2,2,0.20925337076187134,429.0,0.20925337076187134,solid,sampled
A7-02,Section 2,2,0.32190462946891785,430.0,0.32190462946891785,solid,sampled
A7-02,Section 2,2,0.5483299493789673,431.0,0.5483299493789673,solid,sampled
A7-02,Section 2,2,0.6592589616775513,432.0,0.6592589616775513,solid,sampled
A7-02,Section 2,2,0.673764705657959,433.0,0.673764705657959,solid,sampled
A7-02,Section 2,2,0.6750365495681763,434.0,0.6750365495681763,solid,sampled
A7-02,Section 2,2,0.6637868881225586,435.0,0.6637868881225586,solid,sampled
A7-02,Section 2,2,0.6814594268798828,436.0,0.6814594268798828,solid,sampled
A7-02,Section 2,2,0.6945318579673767,437.0,0.6945318579673767,solid,sampled
A7-02,Section 2,2,0.6971770524978638,438.0,0.6971770524978638,solid,sampled
A7-02,Section 2,2,0.7107867002487183,439.0,0.7107867002487183,solid,sampled
A7-02,Section 2,2,0.7125666737556458,440.0,0.7125666737556458,solid,sampled
A7-02,Section 2,2,0.7137183547019958,441.0,0.7137183547019958,solid,sampled
A7-02,Section 2,2,0.7191011309623718,442.0,0.7191011309623718,solid,sampled
A7-02,Section 2,2,0.7300738096237183,443.0,0.7300738096237183,solid,sampled
A7-02,Section 2,2,0.7286478281021118,444.0,0.7286478281021118,solid,sampled
A7-02,Section 2,2,0.7324826121330261,445.0,0.7324826121330261,solid,sampled
A7-02,Section 2,2,0.7339065074920654,446.0,0.7339065074920654,solid,sampled
A7-02,Section 2,2,0.7443253993988037,447.0,0.7443253993988037,solid,sampled
A7-02,Section 2,2,0.7412670850753784,448.0,0.7412670850753784,solid,sampled
A7-02,Section 2,2,0.7564464807510376,449.0,0.7564464807510376,solid,sampled
A7-02,Section 2,2,0.7694244384765625,450.0,0.7694244384765625,solid,sampled
A7-02,Section 2,2,0.7796249389648438,451.0,0.7796249389648438,solid,sampled
A7-02,Section 2,2,0.7702414989471436,452.0,0.7702414989471436,solid,sampled
A7-02,Section 2,2,0.7730854749679565,453.0,0.7730854749679565,solid,sampled
A7-02,Section 2,2,0.785176157951355,454.0,0.785176157951355,solid,sampled
A7-02,Section 2,2,0.8003054857254028,455.0,0.8003054857254028,solid,sampled
A7-02,Section 2,2,0.7938437461853027,456.0,0.7938437461853027,solid,sampled
A7-02,Section 2,2,0.8047453165054321,457.0,0.8047453165054321,solid,sampled
A7-02,Section 2,2,0.8137840032577515,458.0,0.8137840032577515,solid,sampled
A7-02,Section 2,2,0.8298274278640747,459.0,0.8298274278640747,solid,sampled
A7-02,Section 2,2,0.8312724828720093,460.0,0.8312724828720093,solid,sampled
A7-02,Section 2,2,0.8483709096908569,461.0,0.8483709096908569,solid,sampled
A7-02,Section 2,2,0.8547685146331787,462.0,0.8547685146331787,solid,sampled
A7-02,Section 2,2,0.8630913496017456,463.0,0.8630913496017456,solid,sampled
A7-02,Section 2,2,0.8686646819114685,464.0,0.8686646819114685,solid,sampled
A7-02,Section 2,2,0.8760057091712952,465.0,0.8760057091712952,solid,sampled
A7-02,Section 2,2,0.8818156719207764,466.0,0.8818156719207764,solid,sampled
A7-02,Section 2,2,0.8930227756500244,467.0,0.8930227756500244,solid,sampled
A7-02,Section 2,2,0.9102292060852051,468.0,0.9102292060852051,solid,sampled
A7-02,Section 2,2,0.9210536479949951,469.0,0.9210536479949951,solid,sampled
A7-02,Section 2,2,0.9394124746322632,470.0,0.9394124746322632,solid,sampled
A7-02,Section 2,2,0.9375893473625183,471.0,0.9375893473625183,solid,sampled
A7-02,Section 2,2,0.9462988972663879,472.0,0.9462988972663879,solid,sampled
A7-02,Section 2,2,0.9698420763015747,473.0,0.9698420763015747,solid,sampled
A7-02,Section 2,2,0.9865665435791016,474.0,0.9865665435791016,solid,sampled
A7-02,Section 2,2,1.009808897972107,475.0,1.009808897972107,solid,sampled
A7-02,Section 2,2,1.0175468921661377,476.0,1.0175468921661377,solid,sampled
A7-02,Section 2,2,1.0436209440231323,477.0,1.0436209440231323,solid,sampled
A7-02,Section 2,2,1.0672979354858398,478.0,1.0672979354858398,solid,sampled
A7-02,Section 2,2,1.070293664932251,479.0,1.070293664932251,solid,sampled
A7-02,Section 2,2,1.0839345455169678,480.0,1.0839345455169678,solid,sampled
A7-02,Section 2,2,1.080698013305664,481.0,1.080698013305664,solid,sampled
A7-02,Section 2,2,1.0926151275634766,482.0,1.0926151275634766,solid,sampled
A7-02,Section 2,2,1.0871182680130005,483.0,1.0871182680130005,solid,sampled
A7-02,Section 2,2,1.0882577896118164,484.0,1.0882577896118164,solid,sampled
A7-02,Section 2,2,1.0949654579162598,485.0,1.0949654579162598,solid,sampled
A7-02,Section 2,2,1.092179536819458,486.0,1.092179536819458,solid,sampled
A7-02,Section 2,2,1.1104364395141602,487.0,1.1104364395141602,solid,sampled
A7-02,Section 2,2,1.1137202978134155,488.0,1.1137202978134155,solid,sampled
A7-02,Section 2,2,1.1214905977249146,489.0,1.1214905977249146,solid,sampled
A7-02,Section 2,2,1.1254931688308716,490.0,1.1254931688308716,solid,sampled
A7-02,Section 2,2,1.1396061182022095,491.0,1.1396061182022095,solid,sampled
A7-02,Section 2,2,1.143409013748169,492.0,1.143409013748169,solid,sampled
A7-02,Section 2,2,1.1522750854492188,493.0,1.1522750854492188,solid,sampled
A7-02,Section 2,2,1.1548593044281006,494.0,1.1548593044281006,solid,sampled
A7-02,Section 2,2,1.1633549928665161,495.0,1.1633549928665161,solid,sampled
A7-02,Section 2,2,1.1661314964294434,496.0,1.1661314964294434,solid,sampled
A7-02,Section 2,2,1.166782259941101,497.0,1.166782259941101,solid,sampled
A7-02,Section 2,2,1.1770923137664795,498.0,1.1770923137664795,solid,sampled
A7-02,Section 2,2,1.1728404760360718,499.0,1.1728404760360718,solid,sampled
A7-02,Section 2,2,1.181882619857788,500.0,1.181882619857788,solid,sampled
A7-02,Section 2,2,1.1833232641220093,501.0,1.1833232641220093,solid,sampled
A7-02,Section 2,2,1.1895570755004883,502.0,1.1895570755004883,solid,sampled
A7-02,Section 2,2,1.1890504360198975,503.0,1.1890504360198975,solid,sampled
A7-02,Section 2,2,1.2028746604919434,504.0,1.2028746604919434,solid,sampled
A7-02,Section 2,2,1.1907776594161987,505.0,1.1907776594161987,solid,sampled
A7-02,Section 2,2,1.1942893266677856,506.0,1.1942893266677856,solid,sampled
A7-02,Section 2,2,1.1816203594207764,507.0,1.1816203594207764,solid,sampled
A7-02,Section 2,2,1.1427948474884033,508.0,1.1427948474884033,solid,sampled
A7-02,Section 2,2,1.0943880081176758,509.0,1.0943880081176758,solid,sampled
A7-02,Section 2,2,1.0501160621643066,510.0,1.0501160621643066,solid,sampled
A7-02,Section 2,2,0.9755438566207886,511.0,0.9755438566207886,solid,sampled
A7-02,Section 2,2,0.9412143230438232,512.0,0.9412143230438232,solid,sampled
A7-02,Section 2,2,0.8846776485443115,513.0,0.8846776485443115,solid,sampled
A7-02,Section 2,2,0.83026522397995,514.0,0.83026522397995,solid,sampled
A7-02,Section 2,2,0.7799354791641235,515.0,0.7799354791641235,solid,sampled
A7-02,Section 2,2,0.6610353589057922,516.0,0.6610353589057922,solid,sampled
A7-02,Section 2,2,0.6866002082824707,517.0,0.6866002082824707,solid,sampled
A7-02,Section 2,2,0.7395598888397217,518.0,0.7395598888397217,solid,sampled
A7-02,Section 2,2,0.8683090209960938,519.0,0.8683090209960938,solid,sampled
A7-02,Section 2,2,1.0291414260864258,520.0,1.0291414260864258,solid,sampled
A7-02,Section 2,2,1.1334328651428223,521.0,1.1334328651428223,solid,sampled
A7-02,Section 2,2,1.2082808017730713,522.0,1.2082808017730713,solid,sampled
A7-02,Section 2,2,1.2691073417663574,523.0,1.2691073417663574,solid,sampled
A7-02,Section 2,2,1.307995319366455,524.0,1.307995319366455,solid,sampled
A7-02,Section 2,2,1.3410511016845703,525.0,1.3410511016845703,solid,sampled
A7-02,Section 2,2,1.3653619289398193,526.0,1.3653619289398193,solid,sampled
A7-02,Section 2,2,1.3836021423339844,527.0,1.3836021423339844,solid,sampled
A7-02,Section 2,2,1.3966059684753418,528.0,1.3966059684753418,solid,sampled
A7-02,Section 2,2,1.4181287288665771,529.0,1.4181287288665771,solid,sampled
A7-02,Section 2,2,1.4347385168075562,530.0,1.4347385168075562,solid,sampled
A7-02,Section 2,2,1.446807861328125,531.0,1.446807861328125,solid,sampled
A7-02,Section 2,2,1.4633153676986694,532.0,1.4633153676986694,solid,sampled
A7-02,Section 2,2,1.4892325401306152,533.0,1.4892325401306152,solid,sampled
A7-02,Section 2,2,1.5099143981933594,534.0,1.5099143981933594,solid,sampled
A7-02,Section 2,2,1.5238362550735474,535.0,1.5238362550735474,solid,sampled
A7-02,Section 2,2,1.542160153388977,536.0,1.542160153388977,solid,sampled
A7-02,Section 2,2,1.5628424882888794,537.0,1.5628424882888794,solid,sampled
A7-02,Section 2,2,1.580979824066162,538.0,1.580979824066162,solid,sampled
A7-02,Section 2,2,1.5883151292800903,539.0,1.5883151292800903,solid,sampled
A7-02,Section 2,2,1.6353600025177002,540.0,1.6353600025177002,solid,sampled
A7-02,Section 2,2,1.9195663928985596,541.0,1.9195663928985596,solid,sampled
A7-02,Section 2,2,5.429356098175049,542.0,5.429356098175049,solid,sampled
A7-02,Section 2,2,7.747283935546875,543.0,7.747283935546875,solid,sampled
A7-02,Section 2,2,9.506125450134277,544.0,9.506125450134277,solid,sampled
A7-02,Section 2,2,9.45025634765625,545.0,9.45025634765625,solid,sampled
A7-02,Section 2,2,9.61320686340332,546.0,9.61320686340332,solid,sampled
A7-02,Section 2,2,11.03797435760498,547.0,11.03797435760498,solid,sampled
A7-02,Section 2,2,11.848617553710938,548.0,11.848617553710938,solid,sampled
A7-02,Section 2,2,12.056958198547363,549.0,12.056958198547363,solid,sampled
A7-02,Section 2,2,11.298394203186035,550.0,11.298394203186035,solid,sampled
A7-02,Section 2,2,11.09373950958252,551.0,11.09373950958252,solid,sampled
A7-02,Section 2,2,11.137420654296875,552.0,11.137420654296875,solid,sampled
A7-02,Section 2,2,14.117729187011719,553.0,14.117729187011719,solid,sampled
A7-02,Section 2,2,14.665480613708496,554.0,14.665480613708496,solid,sampled
A7-02,Section 2,2,15.309593200683594,555.0,15.309593200683594,solid,sampled
A7-02,Section 2,2,16.197799682617188,556.0,16.197799682617188,solid,sampled
A7-02,Section 2,2,16.020591735839844,557.0,16.020591735839844,solid,sampled
A7-02,Section 2,2,16.74773597717285,558.0,16.74773597717285,solid,sampled
A7-02,Section 2,2,16.729877471923828,559.0,16.729877471923828,solid,sampled
A7-02,Section 2,2,16.574199676513672,560.0,16.574199676513672,solid,sampled
A7-02,Section 2,2,16.309528350830078,561.0,16.309528350830078,solid,sampled
A7-02,Section 2,2,15.739653587341309,562.0,15.739653587341309,solid,sampled
A7-02,Section 2,2,15.103850364685059,563.0,15.103850364685059,solid,sampled
A7-02,Section 2,2,14.014427185058594,564.0,14.014427185058594,solid,sampled
A7-02,Section 2,2,9.963845252990723,565.0,9.963845252990723,solid,sampled
A7-02,Section 2,2,9.981826782226562,566.0,9.981826782226562,solid,sampled
A7-02,Section 2,2,9.93217658996582,567.0,9.93217658996582,solid,sampled
A7-02,Section 2,2,9.879459381103516,568.0,9.879459381103516,solid,sampled
A7-02,Section 2,2,14.342724800109863,569.0,14.342724800109863,solid,sampled
A7-02,Section 2,2,15.319428443908691,570.0,15.319428443908691,solid,sampled
A7-02,Section 2,2,16.763708114624023,571.0,16.763708114624023,solid,sampled
A7-02,Section 2,2,19.906570434570312,572.0,19.906570434570312,solid,sampled
A7-02,Section 2,2,20.12571907043457,573.0,20.12571907043457,solid,sampled
A7-02,Section 2,2,20.333101272583008,574.0,20.333101272583008,solid,sampled
A7-02,Section 2,2,20.927772521972656,575.0,20.927772521972656,solid,sampled
A7-02,Section 2,2,21.123844146728516,576.0,21.123844146728516,solid,sampled
A7-02,Section 2,2,21.016357421875,577.0,21.016357421875,solid,sampled
A7-02,Section 2,2,20.870023727416992,578.0,20.870023727416992,solid,sampled
A7-02,Section 2,2,19.286733627319336,579.0,19.286733627319336,solid,sampled
A7-02,Section 2,2,19.257949829101562,580.0,19.257949829101562,solid,sampled
A7-02,Section 2,2,18.535324096679688,581.0,18.535324096679688,solid,sampled
A7-02,Section 2,2,19.435089111328125,582.0,19.435089111328125,solid,sampled
A7-02,Section 2,2,19.74782943725586,583.0,19.74782943725586,solid,sampled
A7-02,Section 2,2,0.0,584.0,,dotted,null_fill
A7-02,Section 2,2,0.0,585.0,,dotted,null_fill
A7-02,Section 2,2,0.0,586.0,,dotted,null_fill
A7-02,Section 2,2,0.0,587.0,,dotted,null_fill
A7-02,Section 2,2,0.0,588.0,,dotted,null_fill
A7-02,Section 2,2,0.0,589.0,,dotted,null_fill
A7-02,Section 2,2,0.0,590.0,,dotted,null_fill
A7-02,Section 2,2,0.0,591.0,,dotted,null_fill
A7-02,Section 2,2,0.0,592.0,,dotted,null_fill
A7-02,Section 2,2,0.0,593.0,,dotted,null_fill
A7-02,Section 2,2,0.0,594.0,,dotted,null_fill
A7-02,Section 2,2,0.0,595.0,,dotted,null_fill
A7-02,Section 2,2,0.0,596.0,,dotted,null_fill
A7-02,Section 2,2,0.0,597.0,,dotted,null_fill
A7-02,Section 2,2,0.0,598.0,,dotted,null_fill
A7-02,Section 2,2,0.0,599.0,,dotted,null_fill
A7-02,Section 2,2,0.0,600.0,,dotted,null_fill
A7-02,Section 2,2,0.0,601.0,,dotted,null_fill
A7-02,Section 2,2,0.0,602.0,,dotted,null_fill
A7-02,Section 2,2,0.0,603.0,,dotted,null_fill
A7-02,Section 2,2,0.0,604.0,,dotted,null_fill
A7-03,Section 3,3,0.0,0.0,,dotted,null_fill
A7-03,Section 3,3,0.0,1.0,,dotted,null_fill
A7-03,Section 3,3,0.0,2.0,,dotted,null_fill
A7-03,Section 3,3,0.0,3.0,,dotted,null_fill
A7-03,Section 3,3,0.0,4.0,,dotted,null_fill
A7-03,Section 3,3,0.0,5.0,,dotted,null_fill
A7-03,Section 3,3,0.0,6.0,,dotted,null_fill
A7-03,Section 3,3,0.0,7.0,,dotted,null_fill
A7-03,Section 3,3,0.0,8.0,,dotted,null_fill
A7-03,Section 3,3,0.0,9.0,,dotted,null_fill
A7-03,Section 3,3,0.0,10.0,,dotted,null_fill
A7-03,Section 3,3,13.154926300048828,11.0,13.154926300048828,solid,sampled
A7-03,Section 3,3,13.05489730834961,12.0,13.05489730834961,solid,sampled
A7-03,Section 3,3,12.90410041809082,13.0,12.90410041809082,solid,sampled
A7-03,Section 3,3,12.80624771118164,14.0,12.80624771118164,solid,sampled
A7-03,Section 3,3,12.66441535949707,15.0,12.66441535949707,solid,sampled
A7-03,Section 3,3,12.645965576171875,16.0,12.645965576171875,solid,sampled
A7-03,Section 3,3,12.62307357788086,17.0,12.62307357788086,solid,sampled
A7-03,Section 3,3,12.41792106628418,18.0,12.41792106628418,solid,sampled
A7-03,Section 3,3,12.52349853515625,19.0,12.52349853515625,solid,sampled
A7-03,Section 3,3,12.482856750488281,20.0,12.482856750488281,solid,sampled
A7-03,Section 3,3,12.378314018249512,21.0,12.378314018249512,solid,sampled
A7-03,Section 3,3,12.157807350158691,22.0,12.157807350158691,solid,sampled
A7-03,Section 3,3,11.951988220214844,23.0,11.951988220214844,solid,sampled
A7-03,Section 3,3,11.697455406188965,24.0,11.697455406188965,solid,sampled
A7-03,Section 3,3,11.719259262084961,25.0,11.719259262084961,solid,sampled
A7-03,Section 3,3,11.631143569946289,26.0,11.631143569946289,solid,sampled
A7-03,Section 3,3,11.506301879882812,27.0,11.506301879882812,solid,sampled
A7-03,Section 3,3,11.545766830444336,28.0,11.545766830444336,solid,sampled
A7-03,Section 3,3,11.542564392089844,29.0,11.542564392089844,solid,sampled
A7-03,Section 3,3,11.387411117553711,30.0,11.387411117553711,solid,sampled
A7-03,Section 3,3,11.168231964111328,31.0,11.168231964111328,solid,sampled
A7-03,Section 3,3,11.120893478393555,32.0,11.120893478393555,solid,sampled
A7-03,Section 3,3,11.023114204406738,33.0,11.023114204406738,solid,sampled
A7-03,Section 3,3,10.844792366027832,34.0,10.844792366027832,solid,sampled
A7-03,Section 3,3,10.839048385620117,35.0,10.839048385620117,solid,sampled
A7-03,Section 3,3,10.603021621704102,36.0,10.603021621704102,solid,sampled
A7-03,Section 3,3,10.343109130859375,37.0,10.343109130859375,solid,sampled
A7-03,Section 3,3,10.073219299316406,38.0,10.073219299316406,solid,sampled
A7-03,Section 3,3,10.054292678833008,39.0,10.054292678833008,solid,sampled
A7-03,Section 3,3,9.759844779968262,40.0,9.759844779968262,solid,sampled
A7-03,Section 3,3,9.826068878173828,41.0,9.826068878173828,solid,sampled
A7-03,Section 3,3,9.837024688720703,42.0,9.837024688720703,solid,sampled
A7-03,Section 3,3,9.780539512634277,43.0,9.780539512634277,solid,sampled
A7-03,Section 3,3,9.402584075927734,44.0,9.402584075927734,solid,sampled
A7-03,Section 3,3,9.446043014526367,45.0,9.446043014526367,solid,sampled
A7-03,Section 3,3,9.200096130371094,46.0,9.200096130371094,solid,sampled
A7-03,Section 3,3,9.4057035446167,47.0,9.4057035446167,solid,sampled
A7-03,Section 3,3,9.597533226013184,48.0,9.597533226013184,solid,sampled
A7-03,Section 3,3,9.247967720031738,49.0,9.247967720031738,solid,sampled
A7-03,Section 3,3,9.021048545837402,50.0,9.021048545837402,solid,sampled
A7-03,Section 3,3,9.286895751953125,51.0,9.286895751953125,solid,sampled
A7-03,Section 3,3,9.145764350891113,52.0,9.145764350891113,solid,sampled
A7-03,Section 3,3,9.091214179992676,53.0,9.091214179992676,solid,sampled
A7-03,Section 3,3,9.10123062133789,54.0,9.10123062133789,solid,sampled
A7-03,Section 3,3,8.806380271911621,55.0,8.806380271911621,solid,sampled
A7-03,Section 3,3,8.58033561706543,56.0,8.58033561706543,solid,sampled
A7-03,Section 3,3,8.7706298828125,57.0,8.7706298828125,solid,sampled
A7-03,Section 3,3,8.41759967803955,58.0,8.41759967803955,solid,sampled
A7-03,Section 3,3,8.527778625488281,59.0,8.527778625488281,solid,sampled
A7-03,Section 3,3,6.88779878616333,60.0,6.88779878616333,solid,sampled
A7-03,Section 3,3,6.6428985595703125,61.0,6.6428985595703125,solid,sampled
A7-03,Section 3,3,6.488047122955322,62.0,6.488047122955322,solid,sampled
A7-03,Section 3,3,6.436448097229004,63.0,6.436448097229004,solid,sampled
A7-03,Section 3,3,6.4107770919799805,64.0,6.4107770919799805,solid,sampled
A7-03,Section 3,3,6.455229759216309,65.0,6.455229759216309,solid,sampled
A7-03,Section 3,3,7.224024772644043,66.0,7.224024772644043,solid,sampled
A7-03,Section 3,3,7.689356327056885,67.0,7.689356327056885,solid,sampled
A7-03,Section 3,3,7.559403419494629,68.0,7.559403419494629,solid,sampled
A7-03,Section 3,3,3.6802072525024414,69.0,3.6802072525024414,solid,sampled
A7-03,Section 3,3,3.158987522125244,70.0,3.158987522125244,solid,sampled
A7-03,Section 3,3,3.0981271266937256,71.0,3.0981271266937256,solid,sampled
A7-03,Section 3,3,2.948094606399536,72.0,2.948094606399536,solid,sampled
A7-03,Section 3,3,2.8659861087799072,73.0,2.8659861087799072,solid,sampled
A7-03,Section 3,3,2.7579505443573,74.0,2.7579505443573,solid,sampled
A7-03,Section 3,3,2.6058454513549805,75.0,2.6058454513549805,solid,sampled
A7-03,Section 3,3,2.5017249584198,76.0,2.5017249584198,solid,sampled
A7-03,Section 3,3,2.421412467956543,77.0,2.421412467956543,solid,sampled
A7-03,Section 3,3,2.3456954956054688,78.0,2.3456954956054688,solid,sampled
A7-03,Section 3,3,2.2769627571105957,79.0,2.2769627571105957,solid,sampled
A7-03,Section 3,3,2.2311184406280518,80.0,2.2311184406280518,solid,sampled
A7-03,Section 3,3,2.1615664958953857,81.0,2.1615664958953857,solid,sampled
A7-03,Section 3,3,2.280181407928467,82.0,2.280181407928467,solid,sampled
A7-03,Section 3,3,2.029297113418579,83.0,2.029297113418579,solid,sampled
A7-03,Section 3,3,1.9010919332504272,84.0,1.9010919332504272,solid,sampled
A7-03,Section 3,3,1.8435099124908447,85.0,1.8435099124908447,solid,sampled
A7-03,Section 3,3,1.7988407611846924,86.0,1.7988407611846924,solid,sampled
A7-03,Section 3,3,1.7387056350708008,87.0,1.7387056350708008,solid,sampled
A7-03,Section 3,3,1.671789526939392,88.0,1.671789526939392,solid,sampled
A7-03,Section 3,3,1.602696418762207,89.0,1.602696418762207,solid,sampled
A7-03,Section 3,3,1.558653473854065,90.0,1.558653473854065,solid,sampled
A7-03,Section 3,3,1.51553475856781,91.0,1.51553475856781,solid,sampled
A7-03,Section 3,3,1.483431100845337,92.0,1.483431100845337,solid,sampled
A7-03,Section 3,3,1.3614205121994019,93.0,1.3614205121994019,solid,sampled
A7-03,Section 3,3,1.3227263689041138,94.0,1.3227263689041138,solid,sampled
A7-03,Section 3,3,1.2909352779388428,95.0,1.2909352779388428,solid,sampled
A7-03,Section 3,3,1.2516162395477295,96.0,1.2516162395477295,solid,sampled
A7-03,Section 3,3,1.199920415878296,97.0,1.199920415878296,solid,sampled
A7-03,Section 3,3,1.1740201711654663,98.0,1.1740201711654663,solid,sampled
A7-03,Section 3,3,1.120598316192627,99.0,1.120598316192627,solid,sampled
A7-03,Section 3,3,1.0843608379364014,100.0,1.0843608379364014,solid,sampled
A7-03,Section 3,3,1.0429307222366333,101.0,1.0429307222366333,solid,sampled
A7-03,Section 3,3,0.9976517558097839,102.0,0.9976517558097839,solid,sampled
A7-03,Section 3,3,0.9408692121505737,103.0,0.9408692121505737,solid,sampled
A7-03,Section 3,3,0.8725412487983704,104.0,0.8725412487983704,solid,sampled
A7-03,Section 3,3,0.8178080320358276,105.0,0.8178080320358276,solid,sampled
A7-03,Section 3,3,0.7554682493209839,106.0,0.7554682493209839,solid,sampled
A7-03,Section 3,3,0.6850011944770813,107.0,0.6850011944770813,solid,sampled
A7-03,Section 3,3,0.5940715074539185,108.0,0.5940715074539185,solid,sampled
A7-03,Section 3,3,0.5214182138442993,109.0,0.5214182138442993,solid,sampled
A7-03,Section 3,3,0.449229896068573,110.0,0.449229896068573,solid,sampled
A7-03,Section 3,3,0.3549728989601135,111.0,0.3549728989601135,solid,sampled
A7-03,Section 3,3,0.25223231315612793,112.0,0.25223231315612793,solid,sampled
A7-03,Section 3,3,0.12545329332351685,113.0,0.12545329332351685,solid,sampled
A7-03,Section 3,3,-0.008870169520378113,114.0,-0.008870169520378113,solid,sampled
A7-03,Section 3,3,-0.15430185198783875,115.0,-0.15430185198783875,solid,sampled
A7-03,Section 3,3,-0.27631446719169617,116.0,-0.27631446719169617,solid,sampled
A7-03,Section 3,3,-0.400054931640625,117.0,-0.400054931640625,solid,sampled
A7-03,Section 3,3,-0.5078859329223633,118.0,-0.5078859329223633,solid,sampled
A7-03,Section 3,3,-0.5852477550506592,119.0,-0.5852477550506592,solid,sampled
A7-03,Section 3,3,-0.6438096761703491,120.0,-0.6438096761703491,solid,sampled
A7-03,Section 3,3,-0.6932665109634399,121.0,-0.6932665109634399,solid,sampled
A7-03,Section 3,3,-0.6695359945297241,122.0,-0.6695359945297241,solid,sampled
A7-03,Section 3,3,-0.6267054080963135,123.0,-0.6267054080963135,solid,sampled
A7-03,Section 3,3,-0.664132833480835,124.0,-0.664132833480835,solid,sampled
A7-03,Section 3,3,-0.6567966341972351,125.0,-0.6567966341972351,solid,sampled
A7-03,Section 3,3,-0.5496570467948914,126.0,-0.5496570467948914,solid,sampled
A7-03,Section 3,3,-0.46244049072265625,127.0,-0.46244049072265625,solid,sampled
A7-03,Section 3,3,-0.46801090240478516,128.0,-0.46801090240478516,solid,sampled
A7-03,Section 3,3,-0.47603926062583923,129.0,-0.47603926062583923,solid,sampled
A7-03,Section 3,3,-0.6182783842086792,130.0,-0.6182783842086792,solid,sampled
A7-03,Section 3,3,-0.6545253992080688,131.0,-0.6545253992080688,solid,sampled
A7-03,Section 3,3,-0.6822922229766846,132.0,-0.6822922229766846,solid,sampled
A7-03,Section 3,3,-0.6035584807395935,133.0,-0.6035584807395935,solid,sampled
A7-03,Section 3,3,-0.6249760389328003,134.0,-0.6249760389328003,solid,sampled
A7-03,Section 3,3,-0.6794110536575317,135.0,-0.6794110536575317,solid,sampled
A7-03,Section 3,3,-0.6176302433013916,136.0,-0.6176302433013916,solid,sampled
A7-03,Section 3,3,-1.1544824838638306,137.0,-1.1544824838638306,solid,sampled
A7-03,Section 3,3,-1.301074504852295,138.0,-1.301074504852295,solid,sampled
A7-03,Section 3,3,-1.2605444192886353,139.0,-1.2605444192886353,solid,sampled
A7-03,Section 3,3,-1.1700105667114258,140.0,-1.1700105667114258,solid,sampled
A7-03,Section 3,3,-1.1825668811798096,141.0,-1.1825668811798096,solid,sampled
A7-03,Section 3,3,-0.9869480133056641,142.0,-0.9869480133056641,solid,sampled
A7-03,Section 3,3,-0.5429164171218872,143.0,-0.5429164171218872,solid,sampled
A7-03,Section 3,3,-0.33231252431869507,144.0,-0.33231252431869507,solid,sampled
A7-03,Section 3,3,-0.16698193550109863,145.0,-0.16698193550109863,solid,sampled
A7-03,Section 3,3,-0.05806814134120941,146.0,-0.05806814134120941,solid,sampled
A7-03,Section 3,3,0.02344869077205658,147.0,0.02344869077205658,solid,sampled
A7-03,Section 3,3,0.08337664604187012,148.0,0.08337664604187012,solid,sampled
A7-03,Section 3,3,0.12699154019355774,149.0,0.12699154019355774,solid,sampled
A7-03,Section 3,3,0.15689873695373535,150.0,0.15689873695373535,solid,sampled
A7-03,Section 3,3,0.17190787196159363,151.0,0.17190787196159363,solid,sampled
A7-03,Section 3,3,0.18144965171813965,152.0,0.18144965171813965,solid,sampled
A7-03,Section 3,3,0.19554440677165985,153.0,0.19554440677165985,solid,sampled
A7-03,Section 3,3,0.20115113258361816,154.0,0.20115113258361816,solid,sampled
A7-03,Section 3,3,0.2058286815881729,155.0,0.2058286815881729,solid,sampled
A7-03,Section 3,3,0.21550457179546356,156.0,0.21550457179546356,solid,sampled
A7-03,Section 3,3,0.20768390595912933,157.0,0.20768390595912933,solid,sampled
A7-03,Section 3,3,0.21581202745437622,158.0,0.21581202745437622,solid,sampled
A7-03,Section 3,3,0.21137893199920654,159.0,0.21137893199920654,solid,sampled
A7-03,Section 3,3,0.21375298500061035,160.0,0.21375298500061035,solid,sampled
A7-03,Section 3,3,0.2182028442621231,161.0,0.2182028442621231,solid,sampled
A7-03,Section 3,3,0.2232969105243683,162.0,0.2232969105243683,solid,sampled
A7-03,Section 3,3,0.23445726931095123,163.0,0.23445726931095123,solid,sampled
A7-03,Section 3,3,0.25367942452430725,164.0,0.25367942452430725,solid,sampled
A7-03,Section 3,3,0.2552904486656189,165.0,0.2552904486656189,solid,sampled
A7-03,Section 3,3,0.2602987289428711,166.0,0.2602987289428711,solid,sampled
A7-03,Section 3,3,0.318587064743042,167.0,0.318587064743042,solid,sampled
A7-03,Section 3,3,0.2926463484764099,168.0,0.2926463484764099,solid,sampled
A7-03,Section 3,3,0.27779555320739746,169.0,0.27779555320739746,solid,sampled
A7-03,Section 3,3,0.2748030722141266,170.0,0.2748030722141266,solid,sampled
A7-03,Section 3,3,0.27712273597717285,171.0,0.27712273597717285,solid,sampled
A7-03,Section 3,3,0.27474546432495117,172.0,0.27474546432495117,solid,sampled
A7-03,Section 3,3,0.28749924898147583,173.0,0.28749924898147583,solid,sampled
A7-03,Section 3,3,0.28425702452659607,174.0,0.28425702452659607,solid,sampled
A7-03,Section 3,3,0.2791353166103363,175.0,0.2791353166103363,solid,sampled
A7-03,Section 3,3,0.2756066918373108,176.0,0.2756066918373108,solid,sampled
A7-03,Section 3,3,0.26986759901046753,177.0,0.26986759901046753,solid,sampled
A7-03,Section 3,3,0.27378812432289124,178.0,0.27378812432289124,solid,sampled
A7-03,Section 3,3,0.2884957790374756,179.0,0.2884957790374756,solid,sampled
A7-03,Section 3,3,0.27977555990219116,180.0,0.27977555990219116,solid,sampled
A7-03,Section 3,3,0.27841272950172424,181.0,0.27841272950172424,solid,sampled
A7-03,Section 3,3,0.27939772605895996,182.0,0.27939772605895996,solid,sampled
A7-03,Section 3,3,0.2674521803855896,183.0,0.2674521803855896,solid,sampled
A7-03,Section 3,3,0.24171870946884155,184.0,0.24171870946884155,solid,sampled
A7-03,Section 3,3,0.25845637917518616,185.0,0.25845637917518616,solid,sampled
A7-03,Section 3,3,0.2563577890396118,186.0,0.2563577890396118,solid,sampled
A7-03,Section 3,3,0.2632126808166504,187.0,0.2632126808166504,solid,sampled
A7-03,Section 3,3,0.2566942870616913,188.0,0.2566942870616913,solid,sampled
A7-03,Section 3,3,0.25283539295196533,189.0,0.25283539295196533,solid,sampled
A7-03,Section 3,3,0.257312536239624,190.0,0.257312536239624,solid,sampled
A7-03,Section 3,3,0.25163835287094116,191.0,0.25163835287094116,solid,sampled
A7-03,Section 3,3,0.24376028776168823,192.0,0.24376028776168823,solid,sampled
A7-03,Section 3,3,0.24974578619003296,193.0,0.24974578619003296,solid,sampled
A7-03,Section 3,3,0.24163568019866943,194.0,0.24163568019866943,solid,sampled
A7-03,Section 3,3,0.24075926840305328,195.0,0.24075926840305328,solid,sampled
A7-03,Section 3,3,0.2404974102973938,196.0,0.2404974102973938,solid,sampled
A7-03,Section 3,3,0.23767152428627014,197.0,0.23767152428627014,solid,sampled
A7-03,Section 3,3,0.23281723260879517,198.0,0.23281723260879517,solid,sampled
A7-03,Section 3,3,0.2368101179599762,199.0,0.2368101179599762,solid,sampled
A7-03,Section 3,3,0.2250080108642578,200.0,0.2250080108642578,solid,sampled
A7-03,Section 3,3,0.22055375576019287,201.0,0.22055375576019287,solid,sampled
A7-03,Section 3,3,0.23114676773548126,202.0,0.23114676773548126,solid,sampled
A7-03,Section 3,3,0.21708136796951294,203.0,0.21708136796951294,solid,sampled
A7-03,Section 3,3,0.19667017459869385,204.0,0.19667017459869385,solid,sampled
A7-03,Section 3,3,0.20732003450393677,205.0,0.20732003450393677,solid,sampled
A7-03,Section 3,3,0.19301608204841614,206.0,0.19301608204841614,solid,sampled
A7-03,Section 3,3,0.18040969967842102,207.0,0.18040969967842102,solid,sampled
A7-03,Section 3,3,0.1879706084728241,208.0,0.1879706084728241,solid,sampled
A7-03,Section 3,3,0.21096432209014893,209.0,0.21096432209014893,solid,sampled
A7-03,Section 3,3,0.22425603866577148,210.0,0.22425603866577148,solid,sampled
A7-03,Section 3,3,0.24593952298164368,211.0,0.24593952298164368,solid,sampled
A7-03,Section 3,3,0.2556813061237335,212.0,0.2556813061237335,solid,sampled
A7-03,Section 3,3,0.26762527227401733,213.0,0.26762527227401733,solid,sampled
A7-03,Section 3,3,0.2559112310409546,214.0,0.2559112310409546,solid,sampled
A7-03,Section 3,3,0.2481512427330017,215.0,0.2481512427330017,solid,sampled
A7-03,Section 3,3,0.2398087978363037,216.0,0.2398087978363037,solid,sampled
A7-03,Section 3,3,0.24376943707466125,217.0,0.24376943707466125,solid,sampled
A7-03,Section 3,3,0.32242196798324585,218.0,0.32242196798324585,solid,sampled
A7-03,Section 3,3,0.3136642575263977,219.0,0.3136642575263977,solid,sampled
A7-03,Section 3,3,0.2745462954044342,220.0,0.2745462954044342,solid,sampled
A7-03,Section 3,3,0.27665233612060547,221.0,0.27665233612060547,solid,sampled
A7-03,Section 3,3,0.2801017463207245,222.0,0.2801017463207245,solid,sampled
A7-03,Section 3,3,0.27202653884887695,223.0,0.27202653884887695,solid,sampled
A7-03,Section 3,3,0.29893922805786133,224.0,0.29893922805786133,solid,sampled
A7-03,Section 3,3,0.31935977935791016,225.0,0.31935977935791016,solid,sampled
A7-03,Section 3,3,0.26747584342956543,226.0,0.26747584342956543,solid,sampled
A7-03,Section 3,3,0.2730076313018799,227.0,0.2730076313018799,solid,sampled
A7-03,Section 3,3,0.29753369092941284,228.0,0.29753369092941284,solid,sampled
A7-03,Section 3,3,0.15276239812374115,229.0,0.15276239812374115,solid,sampled
A7-03,Section 3,3,0.30561310052871704,230.0,0.30561310052871704,solid,sampled
A7-03,Section 3,3,0.2410709261894226,231.0,0.2410709261894226,solid,sampled
A7-03,Section 3,3,0.30357569456100464,232.0,0.30357569456100464,solid,sampled
A7-03,Section 3,3,0.3069266080856323,233.0,0.3069266080856323,solid,sampled
A7-03,Section 3,3,0.27443599700927734,234.0,0.27443599700927734,solid,sampled
A7-03,Section 3,3,0.25271832942962646,235.0,0.25271832942962646,solid,sampled
A7-03,Section 3,3,0.23499488830566406,236.0,0.23499488830566406,solid,sampled
A7-03,Section 3,3,0.1638721227645874,237.0,0.1638721227645874,solid,sampled
A7-03,Section 3,3,0.1496419608592987,238.0,0.1496419608592987,solid,sampled
A7-03,Section 3,3,0.1115226149559021,239.0,0.1115226149559021,solid,sampled
A7-03,Section 3,3,0.19765031337738037,240.0,0.19765031337738037,solid,sampled
A7-03,Section 3,3,0.24254614114761353,241.0,0.24254614114761353,solid,sampled
A7-03,Section 3,3,0.2611181437969208,242.0,0.2611181437969208,solid,sampled
A7-03,Section 3,3,0.2756556272506714,243.0,0.2756556272506714,solid,sampled
A7-03,Section 3,3,0.2871818244457245,244.0,0.2871818244457245,solid,sampled
A7-03,Section 3,3,0.28180623054504395,245.0,0.28180623054504395,solid,sampled
A7-03,Section 3,3,0.291400671005249,246.0,0.291400671005249,solid,sampled
A7-03,Section 3,3,0.29243117570877075,247.0,0.29243117570877075,solid,sampled
A7-03,Section 3,3,0.2708083391189575,248.0,0.2708083391189575,solid,sampled
A7-03,Section 3,3,0.2658032774925232,249.0,0.2658032774925232,solid,sampled
A7-03,Section 3,3,0.2565562427043915,250.0,0.2565562427043915,solid,sampled
A7-03,Section 3,3,0.2879112958908081,251.0,0.2879112958908081,solid,sampled
A7-03,Section 3,3,0.28294581174850464,252.0,0.28294581174850464,solid,sampled
A7-03,Section 3,3,0.28825390338897705,253.0,0.28825390338897705,solid,sampled
A7-03,Section 3,3,0.28793784976005554,254.0,0.28793784976005554,solid,sampled
A7-03,Section 3,3,0.27949368953704834,255.0,0.27949368953704834,solid,sampled
A7-03,Section 3,3,0.2794051170349121,256.0,0.2794051170349121,solid,sampled
A7-03,Section 3,3,0.274794340133667,257.0,0.274794340133667,solid,sampled
A7-03,Section 3,3,0.27616557478904724,258.0,0.27616557478904724,solid,sampled
A7-03,Section 3,3,0.28589820861816406,259.0,0.28589820861816406,solid,sampled
A7-03,Section 3,3,0.2996716797351837,260.0,0.2996716797351837,solid,sampled
A7-03,Section 3,3,0.3002341687679291,261.0,0.3002341687679291,solid,sampled
A7-03,Section 3,3,0.30329158902168274,262.0,0.30329158902168274,solid,sampled
A7-03,Section 3,3,0.30188173055648804,263.0,0.30188173055648804,solid,sampled
A7-03,Section 3,3,0.2925732135772705,264.0,0.2925732135772705,solid,sampled
A7-03,Section 3,3,0.3070473074913025,265.0,0.3070473074913025,solid,sampled
A7-03,Section 3,3,0.3438917398452759,266.0,0.3438917398452759,solid,sampled
A7-03,Section 3,3,0.3000054359436035,267.0,0.3000054359436035,solid,sampled
A7-03,Section 3,3,0.3033965826034546,268.0,0.3033965826034546,solid,sampled
A7-03,Section 3,3,0.29812192916870117,269.0,0.29812192916870117,solid,sampled
A7-03,Section 3,3,0.3050462305545807,270.0,0.3050462305545807,solid,sampled
A7-03,Section 3,3,0.288759708404541,271.0,0.288759708404541,solid,sampled
A7-03,Section 3,3,0.2893940210342407,272.0,0.2893940210342407,solid,sampled
A7-03,Section 3,3,0.2968387007713318,273.0,0.2968387007713318,solid,sampled
A7-03,Section 3,3,0.2916848957538605,274.0,0.2916848957538605,solid,sampled
A7-03,Section 3,3,0.30768072605133057,275.0,0.30768072605133057,solid,sampled
A7-03,Section 3,3,0.32383984327316284,276.0,0.32383984327316284,solid,sampled
A7-03,Section 3,3,0.34594857692718506,277.0,0.34594857692718506,solid,sampled
A7-03,Section 3,3,0.28022533655166626,278.0,0.28022533655166626,solid,sampled
A7-03,Section 3,3,0.2733812928199768,279.0,0.2733812928199768,solid,sampled
A7-03,Section 3,3,0.2957327365875244,280.0,0.2957327365875244,solid,sampled
A7-03,Section 3,3,0.35079705715179443,281.0,0.35079705715179443,solid,sampled
A7-03,Section 3,3,0.3017670512199402,282.0,0.3017670512199402,solid,sampled
A7-03,Section 3,3,0.3099489212036133,283.0,0.3099489212036133,solid,sampled
A7-03,Section 3,3,0.30590927600860596,284.0,0.30590927600860596,solid,sampled
A7-03,Section 3,3,0.2645765542984009,285.0,0.2645765542984009,solid,sampled
A7-03,Section 3,3,0.23787593841552734,286.0,0.23787593841552734,solid,sampled
A7-03,Section 3,3,0.2483198642730713,287.0,0.2483198642730713,solid,sampled
A7-03,Section 3,3,0.25093549489974976,288.0,0.25093549489974976,solid,sampled
A7-03,Section 3,3,0.24073517322540283,289.0,0.24073517322540283,solid,sampled
A7-03,Section 3,3,0.24538913369178772,290.0,0.24538913369178772,solid,sampled
A7-03,Section 3,3,0.23273241519927979,291.0,0.23273241519927979,solid,sampled
A7-03,Section 3,3,0.22646783292293549,292.0,0.22646783292293549,solid,sampled
A7-03,Section 3,3,0.2127821445465088,293.0,0.2127821445465088,solid,sampled
A7-03,Section 3,3,0.1938823163509369,294.0,0.1938823163509369,solid,sampled
A7-03,Section 3,3,0.18858617544174194,295.0,0.18858617544174194,solid,sampled
A7-03,Section 3,3,0.17880430817604065,296.0,0.17880430817604065,solid,sampled
A7-03,Section 3,3,0.1608872413635254,297.0,0.1608872413635254,solid,sampled
A7-03,Section 3,3,0.1536676287651062,298.0,0.1536676287651062,solid,sampled
A7-03,Section 3,3,0.14313524961471558,299.0,0.14313524961471558,solid,sampled
A7-03,Section 3,3,0.13966861367225647,300.0,0.13966861367225647,solid,sampled
A7-03,Section 3,3,0.1231648325920105,301.0,0.1231648325920105,solid,sampled
A7-03,Section 3,3,0.11520026624202728,302.0,0.11520026624202728,solid,sampled
A7-03,Section 3,3,0.09682443737983704,303.0,0.09682443737983704,solid,sampled
A7-03,Section 3,3,0.09757387638092041,304.0,0.09757387638092041,solid,sampled
A7-03,Section 3,3,0.07947921752929688,305.0,0.07947921752929688,solid,sampled
A7-03,Section 3,3,0.06944981217384338,306.0,0.06944981217384338,solid,sampled
A7-03,Section 3,3,0.06516766548156738,307.0,0.06516766548156738,solid,sampled
A7-03,Section 3,3,0.06639371067285538,308.0,0.06639371067285538,solid,sampled
A7-03,Section 3,3,0.041154853999614716,309.0,0.041154853999614716,solid,sampled
A7-03,Section 3,3,0.05673253536224365,310.0,0.05673253536224365,solid,sampled
A7-03,Section 3,3,0.05333566665649414,311.0,0.05333566665649414,solid,sampled
A7-03,Section 3,3,0.052402615547180176,312.0,0.052402615547180176,solid,sampled
A7-03,Section 3,3,0.056463971734046936,313.0,0.056463971734046936,solid,sampled
A7-03,Section 3,3,0.03726164996623993,314.0,0.03726164996623993,solid,sampled
A7-03,Section 3,3,0.033506035804748535,315.0,0.033506035804748535,solid,sampled
A7-03,Section 3,3,0.04201613366603851,316.0,0.04201613366603851,solid,sampled
A7-03,Section 3,3,0.038009703159332275,317.0,0.038009703159332275,solid,sampled
A7-03,Section 3,3,0.04160556197166443,318.0,0.04160556197166443,solid,sampled
A7-03,Section 3,3,0.04839754104614258,319.0,0.04839754104614258,solid,sampled
A7-03,Section 3,3,0.03634491562843323,320.0,0.03634491562843323,solid,sampled
A7-03,Section 3,3,0.02747887372970581,321.0,0.02747887372970581,solid,sampled
A7-03,Section 3,3,0.00915437936782837,322.0,0.00915437936782837,solid,sampled
A7-03,Section 3,3,-0.040842317044734955,323.0,-0.040842317044734955,solid,sampled
A7-03,Section 3,3,-0.12532910704612732,324.0,-0.12532910704612732,solid,sampled
A7-03,Section 3,3,-0.2131793051958084,325.0,-0.2131793051958084,solid,sampled
A7-03,Section 3,3,-0.2697308659553528,326.0,-0.2697308659553528,solid,sampled
A7-03,Section 3,3,-0.32627952098846436,327.0,-0.32627952098846436,solid,sampled
A7-03,Section 3,3,-0.40098655223846436,328.0,-0.40098655223846436,solid,sampled
A7-03,Section 3,3,-0.45394742488861084,329.0,-0.45394742488861084,solid,sampled
A7-03,Section 3,3,-0.5145569443702698,330.0,-0.5145569443702698,solid,sampled
A7-03,Section 3,3,-0.5855379104614258,331.0,-0.5855379104614258,solid,sampled
A7-03,Section 3,3,-0.627997875213623,332.0,-0.627997875213623,solid,sampled
A7-03,Section 3,3,-0.7031509876251221,333.0,-0.7031509876251221,solid,sampled
A7-03,Section 3,3,-0.7161960601806641,334.0,-0.7161960601806641,solid,sampled
A7-03,Section 3,3,-0.7815299034118652,335.0,-0.7815299034118652,solid,sampled
A7-03,Section 3,3,-0.8731111288070679,336.0,-0.8731111288070679,solid,sampled
A7-03,Section 3,3,-3.0,337.0,-3.1317503452301025,solid,water_floor
A7-03,Section 3,3,-3.0,338.0,-8.282354354858398,solid,water_floor
A7-03,Section 3,3,-3.0,339.0,-8.918328285217285,solid,water_floor
A7-03,Section 3,3,-3.0,340.0,-7.958255767822266,solid,water_floor
A7-03,Section 3,3,-3.0,341.0,-9.015912055969238,solid,water_floor
A7-03,Section 3,3,-3.0,342.0,-8.565662384033203,solid,water_floor
A7-03,Section 3,3,-3.0,343.0,-14.086902618408203,solid,water_floor
A7-03,Section 3,3,-3.0,344.0,-22.320751190185547,solid,water_floor
A7-03,Section 3,3,-3.0,345.0,-23.14621353149414,solid,water_floor
A7-03,Section 3,3,-3.0,346.0,-20.327655792236328,solid,water_floor
A7-03,Section 3,3,-3.0,347.0,-25.235254287719727,solid,water_floor
A7-03,Section 3,3,-3.0,348.0,-23.67579460144043,solid,water_floor
A7-03,Section 3,3,-3.0,349.0,-26.960899353027344,solid,water_floor
A7-03,Section 3,3,-3.0,350.0,-29.60962677001953,solid,water_floor
A7-03,Section 3,3,-3.0,351.0,-32.75373840332031,solid,water_floor
A7-03,Section 3,3,-3.0,352.0,-46.62710952758789,solid,water_floor
A7-03,Section 3,3,-3.0,353.0,-33.15154266357422,solid,water_floor
A7-03,Section 3,3,-3.0,354.0,-43.04998779296875,solid,water_floor
A7-03,Section 3,3,-3.0,355.0,-41.7821044921875,solid,water_floor
A7-03,Section 3,3,-3.0,356.0,-51.416683197021484,solid,water_floor
A7-03,Section 3,3,-3.0,357.0,-49.47276306152344,solid,water_floor
A7-03,Section 3,3,-3.0,358.0,-43.830841064453125,solid,water_floor
A7-03,Section 3,3,-3.0,359.0,-45.51633071899414,solid,water_floor
A7-03,Section 3,3,-3.0,360.0,-50.04690933227539,solid,water_floor
A7-03,Section 3,3,-3.0,361.0,-47.21080780029297,solid,water_floor
A7-03,Section 3,3,-3.0,362.0,-47.51940155029297,solid,water_floor
A7-03,Section 3,3,-3.0,363.0,-46.27922821044922,solid,water_floor
A7-03,Section 3,3,-3.0,364.0,-41.25043487548828,solid,water_floor
A7-03,Section 3,3,-3.0,365.0,-42.7771110534668,solid,water_floor
A7-03,Section 3,3,-3.0,366.0,-46.69449996948242,solid,water_floor
A7-03,Section 3,3,-3.0,367.0,-50.38414001464844,solid,water_floor
A7-03,Section 3,3,-3.0,368.0,-50.08008575439453,solid,water_floor
A7-03,Section 3,3,-3.0,369.0,-49.394840240478516,solid,water_floor
A7-03,Section 3,3,-3.0,370.0,-50.23383712768555,solid,water_floor
A7-03,Section 3,3,-3.0,371.0,-50.19893264770508,solid,water_floor
A7-03,Section 3,3,-3.0,372.0,-49.40589141845703,solid,water_floor
A7-03,Section 3,3,-3.0,373.0,-44.09278106689453,solid,water_floor
A7-03,Section 3,3,-3.0,374.0,-52.88271713256836,solid,water_floor
A7-03,Section 3,3,-3.0,375.0,-48.7545280456543,solid,water_floor
A7-03,Section 3,3,-3.0,376.0,-41.413360595703125,solid,water_floor
A7-03,Section 3,3,-3.0,377.0,-42.2914924621582,solid,water_floor
A7-03,Section 3,3,-3.0,378.0,-44.813541412353516,solid,water_floor
A7-03,Section 3,3,-3.0,379.0,-37.0108528137207,solid,water_floor
A7-03,Section 3,3,-3.0,380.0,-43.385677337646484,solid,water_floor
A7-03,Section 3,3,-3.0,381.0,-51.928680419921875,solid,water_floor
A7-03,Section 3,3,-3.0,382.0,-44.558250427246094,solid,water_floor
A7-03,Section 3,3,-3.0,383.0,-39.26922607421875,solid,water_floor
A7-03,Section 3,3,-3.0,384.0,-46.507041931152344,solid,water_floor
A7-03,Section 3,3,-3.0,385.0,-43.51939392089844,solid,water_floor
A7-03,Section 3,3,-3.0,386.0,-47.88738250732422,solid,water_floor
A7-03,Section 3,3,-3.0,387.0,-35.393043518066406,solid,water_floor
A7-03,Section 3,3,-3.0,388.0,-40.77479934692383,solid,water_floor
A7-03,Section 3,3,-3.0,389.0,-42.513450622558594,solid,water_floor
A7-03,Section 3,3,-3.0,390.0,-38.678707122802734,solid,water_floor
A7-03,Section 3,3,-3.0,391.0,-26.621829986572266,solid,water_floor
A7-03,Section 3,3,-3.0,392.0,-20.919971466064453,solid,water_floor
A7-03,Section 3,3,-3.0,393.0,-6.196318626403809,solid,water_floor
A7-03,Section 3,3,-1.38334321975708,394.0,-1.38334321975708,solid,sampled
A7-03,Section 3,3,-0.9483523964881897,395.0,-0.9483523964881897,solid,sampled
A7-03,Section 3,3,-0.7424364686012268,396.0,-0.7424364686012268,solid,sampled
A7-03,Section 3,3,-0.6500186920166016,397.0,-0.6500186920166016,solid,sampled
A7-03,Section 3,3,-0.6832953095436096,398.0,-0.6832953095436096,solid,sampled
A7-03,Section 3,3,-0.6753167510032654,399.0,-0.6753167510032654,solid,sampled
A7-03,Section 3,3,-0.6333150267601013,400.0,-0.6333150267601013,solid,sampled
A7-03,Section 3,3,-0.6302589178085327,401.0,-0.6302589178085327,solid,sampled
A7-03,Section 3,3,-0.6077636480331421,402.0,-0.6077636480331421,solid,sampled
A7-03,Section 3,3,-0.5642557740211487,403.0,-0.5642557740211487,solid,sampled
A7-03,Section 3,3,-0.5307582020759583,404.0,-0.5307582020759583,solid,sampled
A7-03,Section 3,3,-0.5242961645126343,405.0,-0.5242961645126343,solid,sampled
A7-03,Section 3,3,-0.5377064943313599,406.0,-0.5377064943313599,solid,sampled
A7-03,Section 3,3,-0.5408608913421631,407.0,-0.5408608913421631,solid,sampled
A7-03,Section 3,3,-0.5153681039810181,408.0,-0.5153681039810181,solid,sampled
A7-03,Section 3,3,-0.49192047119140625,409.0,-0.49192047119140625,solid,sampled
A7-03,Section 3,3,-0.48061639070510864,410.0,-0.48061639070510864,solid,sampled
A7-03,Section 3,3,-0.4661675691604614,411.0,-0.4661675691604614,solid,sampled
A7-03,Section 3,3,-0.45168113708496094,412.0,-0.45168113708496094,solid,sampled
A7-03,Section 3,3,-0.4285067319869995,413.0,-0.4285067319869995,solid,sampled
A7-03,Section 3,3,-0.4217880964279175,414.0,-0.4217880964279175,solid,sampled
A7-03,Section 3,3,-0.3912883698940277,415.0,-0.3912883698940277,solid,sampled
A7-03,Section 3,3,-0.3650503158569336,416.0,-0.3650503158569336,solid,sampled
A7-03,Section 3,3,-0.364967405796051,417.0,-0.364967405796051,solid,sampled
A7-03,Section 3,3,-0.3693828582763672,418.0,-0.3693828582763672,solid,sampled
A7-03,Section 3,3,-0.3673367500305176,419.0,-0.3673367500305176,solid,sampled
A7-03,Section 3,3,-0.35734954476356506,420.0,-0.35734954476356506,solid,sampled
A7-03,Section 3,3,-0.34072259068489075,421.0,-0.34072259068489075,solid,sampled
A7-03,Section 3,3,-0.3369154930114746,422.0,-0.3369154930114746,solid,sampled
A7-03,Section 3,3,-0.33915790915489197,423.0,-0.33915790915489197,solid,sampled
A7-03,Section 3,3,-0.32910990715026855,424.0,-0.32910990715026855,solid,sampled
A7-03,Section 3,3,-0.3205139636993408,425.0,-0.3205139636993408,solid,sampled
A7-03,Section 3,3,-0.31507331132888794,426.0,-0.31507331132888794,solid,sampled
A7-03,Section 3,3,-0.31968623399734497,427.0,-0.31968623399734497,solid,sampled
A7-03,Section 3,3,-0.29763269424438477,428.0,-0.29763269424438477,solid,sampled
A7-03,Section 3,3,-0.2959708571434021,429.0,-0.2959708571434021,solid,sampled
A7-03,Section 3,3,-0.29607895016670227,430.0,-0.29607895016670227,solid,sampled
A7-03,Section 3,3,-0.2937828600406647,431.0,-0.2937828600406647,solid,sampled
A7-03,Section 3,3,-0.29100501537323,432.0,-0.29100501537323,solid,sampled
A7-03,Section 3,3,-0.2930026054382324,433.0,-0.2930026054382324,solid,sampled
A7-03,Section 3,3,-0.28300195932388306,434.0,-0.28300195932388306,solid,sampled
A7-03,Section 3,3,-0.28396832942962646,435.0,-0.28396832942962646,solid,sampled
A7-03,Section 3,3,-0.2624034881591797,436.0,-0.2624034881591797,solid,sampled
A7-03,Section 3,3,-0.2539353370666504,437.0,-0.2539353370666504,solid,sampled
A7-03,Section 3,3,-0.2420952469110489,438.0,-0.2420952469110489,solid,sampled
A7-03,Section 3,3,-0.23307271301746368,439.0,-0.23307271301746368,solid,sampled
A7-03,Section 3,3,-0.22913575172424316,440.0,-0.22913575172424316,solid,sampled
A7-03,Section 3,3,-0.22469303011894226,441.0,-0.22469303011894226,solid,sampled
A7-03,Section 3,3,-0.22144252061843872,442.0,-0.22144252061843872,solid,sampled
A7-03,Section 3,3,-0.20991000533103943,443.0,-0.20991000533103943,solid,sampled
A7-03,Section 3,3,-0.1998864710330963,444.0,-0.1998864710330963,solid,sampled
A7-03,Section 3,3,-0.19332724809646606,445.0,-0.19332724809646606,solid,sampled
A7-03,Section 3,3,-0.19351205229759216,446.0,-0.19351205229759216,solid,sampled
A7-03,Section 3,3,-0.18436762690544128,447.0,-0.18436762690544128,solid,sampled
A7-03,Section 3,3,-0.17765069007873535,448.0,-0.17765069007873535,solid,sampled
A7-03,Section 3,3,-0.18266573548316956,449.0,-0.18266573548316956,solid,sampled
A7-03,Section 3,3,-0.17788314819335938,450.0,-0.17788314819335938,solid,sampled
A7-03,Section 3,3,-0.16885441541671753,451.0,-0.16885441541671753,solid,sampled
A7-03,Section 3,3,-0.15104804933071136,452.0,-0.15104804933071136,solid,sampled
A7-03,Section 3,3,-0.1501171886920929,453.0,-0.1501171886920929,solid,sampled
A7-03,Section 3,3,-0.15174752473831177,454.0,-0.15174752473831177,solid,sampled
A7-03,Section 3,3,-0.15805545449256897,455.0,-0.15805545449256897,solid,sampled
A7-03,Section 3,3,-0.164598748087883,456.0,-0.164598748087883,solid,sampled
A7-03,Section 3,3,-0.17766091227531433,457.0,-0.17766091227531433,solid,sampled
A7-03,Section 3,3,-0.18979352712631226,458.0,-0.18979352712631226,solid,sampled
A7-03,Section 3,3,-0.21079814434051514,459.0,-0.21079814434051514,solid,sampled
A7-03,Section 3,3,-0.2184765338897705,460.0,-0.2184765338897705,solid,sampled
A7-03,Section 3,3,-0.23890841007232666,461.0,-0.23890841007232666,solid,sampled
A7-03,Section 3,3,-0.2515166401863098,462.0,-0.2515166401863098,solid,sampled
A7-03,Section 3,3,-0.27764466404914856,463.0,-0.27764466404914856,solid,sampled
A7-03,Section 3,3,-0.3008548617362976,464.0,-0.3008548617362976,solid,sampled
A7-03,Section 3,3,-0.3135370910167694,465.0,-0.3135370910167694,solid,sampled
A7-03,Section 3,3,-0.330188512802124,466.0,-0.330188512802124,solid,sampled
A7-03,Section 3,3,-0.3419314920902252,467.0,-0.3419314920902252,solid,sampled
A7-03,Section 3,3,-0.3644167184829712,468.0,-0.3644167184829712,solid,sampled
A7-03,Section 3,3,-0.370083212852478,469.0,-0.370083212852478,solid,sampled
A7-03,Section 3,3,-0.3816039562225342,470.0,-0.3816039562225342,solid,sampled
A7-03,Section 3,3,-0.3952415883541107,471.0,-0.3952415883541107,solid,sampled
A7-03,Section 3,3,-0.40174829959869385,472.0,-0.40174829959869385,solid,sampled
A7-03,Section 3,3,-0.40025079250335693,473.0,-0.40025079250335693,solid,sampled
A7-03,Section 3,3,-0.41226494312286377,474.0,-0.41226494312286377,solid,sampled
A7-03,Section 3,3,-0.41836899518966675,475.0,-0.41836899518966675,solid,sampled
A7-03,Section 3,3,-0.4146293103694916,476.0,-0.4146293103694916,solid,sampled
A7-03,Section 3,3,-0.4240485429763794,477.0,-0.4240485429763794,solid,sampled
A7-03,Section 3,3,-0.42964446544647217,478.0,-0.42964446544647217,solid,sampled
A7-03,Section 3,3,-0.4350174069404602,479.0,-0.4350174069404602,solid,sampled
A7-03,Section 3,3,-0.4420795440673828,480.0,-0.4420795440673828,solid,sampled
A7-03,Section 3,3,-0.44818878173828125,481.0,-0.44818878173828125,solid,sampled
A7-03,Section 3,3,-0.4632992744445801,482.0,-0.4632992744445801,solid,sampled
A7-03,Section 3,3,-0.4768502712249756,483.0,-0.4768502712249756,solid,sampled
A7-03,Section 3,3,-0.4983825981616974,484.0,-0.4983825981616974,solid,sampled
A7-03,Section 3,3,-0.5259127616882324,485.0,-0.5259127616882324,solid,sampled
A7-03,Section 3,3,-0.5573737025260925,486.0,-0.5573737025260925,solid,sampled
A7-03,Section 3,3,-0.6016644835472107,487.0,-0.6016644835472107,solid,sampled
A7-03,Section 3,3,-0.6300060749053955,488.0,-0.6300060749053955,solid,sampled
A7-03,Section 3,3,-0.6657223105430603,489.0,-0.6657223105430603,solid,sampled
A7-03,Section 3,3,-0.7115781307220459,490.0,-0.7115781307220459,solid,sampled
A7-03,Section 3,3,-0.7328715324401855,491.0,-0.7328715324401855,solid,sampled
A7-03,Section 3,3,-0.9036523103713989,492.0,-0.9036523103713989,solid,sampled
A7-03,Section 3,3,-0.9557116031646729,493.0,-0.9557116031646729,solid,sampled
A7-03,Section 3,3,-1.0970094203948975,494.0,-1.0970094203948975,solid,sampled
A7-03,Section 3,3,-2.2729578018188477,495.0,-2.2729578018188477,solid,sampled
A7-03,Section 3,3,-3.0,496.0,-13.730268478393555,solid,water_floor
A7-03,Section 3,3,-3.0,497.0,-9.071290969848633,solid,water_floor
A7-03,Section 3,3,-3.0,498.0,-6.920233726501465,solid,water_floor
A7-03,Section 3,3,-3.0,499.0,-13.428963661193848,solid,water_floor
A7-03,Section 3,3,-3.0,500.0,-9.390104293823242,solid,water_floor
A7-03,Section 3,3,-3.0,501.0,-14.559988975524902,solid,water_floor
A7-03,Section 3,3,-3.0,502.0,-15.180035591125488,solid,water_floor
A7-03,Section 3,3,-3.0,503.0,-16.04885482788086,solid,water_floor
A7-03,Section 3,3,-3.0,504.0,-8.939299583435059,solid,water_floor
A7-03,Section 3,3,-3.0,505.0,-12.402849197387695,solid,water_floor
A7-03,Section 3,3,-3.0,506.0,-14.027114868164062,solid,water_floor
A7-03,Section 3,3,-3.0,507.0,-11.190555572509766,solid,water_floor
A7-03,Section 3,3,-3.0,508.0,-15.65939998626709,solid,water_floor
A7-03,Section 3,3,-3.0,509.0,-18.131744384765625,solid,water_floor
A7-03,Section 3,3,-3.0,510.0,-24.616147994995117,solid,water_floor
A7-03,Section 3,3,-3.0,511.0,-14.030694007873535,solid,water_floor
A7-03,Section 3,3,-3.0,512.0,-9.41092300415039,solid,water_floor
A7-03,Section 3,3,-3.0,513.0,-7.730426788330078,solid,water_floor
A7-03,Section 3,3,-3.0,514.0,-5.404796600341797,solid,water_floor
A7-03,Section 3,3,-2.7711830139160156,515.0,-2.7711830139160156,solid,sampled
A7-03,Section 3,3,-2.6803970336914062,516.0,-2.6803970336914062,solid,sampled
A7-03,Section 3,3,-0.9072604179382324,517.0,-0.9072604179382324,solid,sampled
A7-03,Section 3,3,-0.5833044052124023,518.0,-0.5833044052124023,solid,sampled
A7-03,Section 3,3,-0.34686559438705444,519.0,-0.34686559438705444,solid,sampled
A7-03,Section 3,3,0.08110305666923523,520.0,0.08110305666923523,solid,sampled
A7-03,Section 3,3,0.5508120656013489,521.0,0.5508120656013489,solid,sampled
A7-03,Section 3,3,0.8912877440452576,522.0,0.8912877440452576,solid,sampled
A7-03,Section 3,3,1.2184538841247559,523.0,1.2184538841247559,solid,sampled
A7-03,Section 3,3,1.2482736110687256,524.0,1.2482736110687256,solid,sampled
A7-03,Section 3,3,1.3124959468841553,525.0,1.3124959468841553,solid,sampled
A7-03,Section 3,3,1.3581621646881104,526.0,1.3581621646881104,solid,sampled
A7-03,Section 3,3,1.399956464767456,527.0,1.399956464767456,solid,sampled
A7-03,Section 3,3,1.4234102964401245,528.0,1.4234102964401245,solid,sampled
A7-03,Section 3,3,1.4295331239700317,529.0,1.4295331239700317,solid,sampled
A7-03,Section 3,3,1.4386873245239258,530.0,1.4386873245239258,solid,sampled
A7-03,Section 3,3,1.436543583869934,531.0,1.436543583869934,solid,sampled
A7-03,Section 3,3,1.4343894720077515,532.0,1.4343894720077515,solid,sampled
A7-03,Section 3,3,1.4650403261184692,533.0,1.4650403261184692,solid,sampled
A7-03,Section 3,3,1.4528053998947144,534.0,1.4528053998947144,solid,sampled
A7-03,Section 3,3,1.4706578254699707,535.0,1.4706578254699707,solid,sampled
A7-03,Section 3,3,1.4642266035079956,536.0,1.4642266035079956,solid,sampled
A7-03,Section 3,3,1.464059829711914,537.0,1.464059829711914,solid,sampled
A7-03,Section 3,3,1.4680061340332031,538.0,1.4680061340332031,solid,sampled
A7-03,Section 3,3,1.4710052013397217,539.0,1.4710052013397217,solid,sampled
A7-03,Section 3,3,1.4716222286224365,540.0,1.4716222286224365,solid,sampled
A7-03,Section 3,3,1.4766991138458252,541.0,1.4766991138458252,solid,sampled
A7-03,Section 3,3,1.4748132228851318,542.0,1.4748132228851318,solid,sampled
A7-03,Section 3,3,1.4811065196990967,543.0,1.4811065196990967,solid,sampled
A7-03,Section 3,3,1.4745433330535889,544.0,1.4745433330535889,solid,sampled
A7-03,Section 3,3,1.4828786849975586,545.0,1.4828786849975586,solid,sampled
A7-03,Section 3,3,1.4814820289611816,546.0,1.4814820289611816,solid,sampled
A7-03,Section 3,3,1.491270899772644,547.0,1.491270899772644,solid,sampled
A7-03,Section 3,3,1.495108962059021,548.0,1.495108962059021,solid,sampled
A7-03,Section 3,3,1.495609998703003,549.0,1.495609998703003,solid,sampled
A7-03,Section 3,3,1.4908983707427979,550.0,1.4908983707427979,solid,sampled
A7-03,Section 3,3,1.4990549087524414,551.0,1.4990549087524414,solid,sampled
A7-03,Section 3,3,1.5046055316925049,552.0,1.5046055316925049,solid,sampled
A7-03,Section 3,3,1.505448818206787,553.0,1.505448818206787,solid,sampled
A7-03,Section 3,3,1.5171139240264893,554.0,1.5171139240264893,solid,sampled
A7-03,Section 3,3,1.5184420347213745,555.0,1.5184420347213745,solid,sampled
A7-03,Section 3,3,1.5163466930389404,556.0,1.5163466930389404,solid,sampled
A7-03,Section 3,3,1.5267794132232666,557.0,1.5267794132232666,solid,sampled
A7-03,Section 3,3,1.5333199501037598,558.0,1.5333199501037598,solid,sampled
A7-03,Section 3,3,1.537454605102539,559.0,1.537454605102539,solid,sampled
A7-03,Section 3,3,1.5449978113174438,560.0,1.5449978113174438,solid,sampled
A7-03,Section 3,3,1.5500624179840088,561.0,1.5500624179840088,solid,sampled
A7-03,Section 3,3,1.5629444122314453,562.0,1.5629444122314453,solid,sampled
A7-03,Section 3,3,1.559743881225586,563.0,1.559743881225586,solid,sampled
A7-03,Section 3,3,1.5746667385101318,564.0,1.5746667385101318,solid,sampled
A7-03,Section 3,3,1.5753142833709717,565.0,1.5753142833709717,solid,sampled
A7-03,Section 3,3,1.5858769416809082,566.0,1.5858769416809082,solid,sampled
A7-03,Section 3,3,1.5949645042419434,567.0,1.5949645042419434,solid,sampled
A7-03,Section 3,3,1.604453444480896,568.0,1.604453444480896,solid,sampled
A7-03,Section 3,3,1.611209511756897,569.0,1.611209511756897,solid,sampled
A7-03,Section 3,3,1.6189625263214111,570.0,1.6189625263214111,solid,sampled
A7-03,Section 3,3,1.6225495338439941,571.0,1.6225495338439941,solid,sampled
A7-03,Section 3,3,1.6324362754821777,572.0,1.6324362754821777,solid,sampled
A7-03,Section 3,3,1.6408272981643677,573.0,1.6408272981643677,solid,sampled
A7-03,Section 3,3,1.6384985446929932,574.0,1.6384985446929932,solid,sampled
A7-03,Section 3,3,1.6445664167404175,575.0,1.6445664167404175,solid,sampled
A7-03,Section 3,3,1.650655746459961,576.0,1.650655746459961,solid,sampled
A7-03,Section 3,3,1.6596705913543701,577.0,1.6596705913543701,solid,sampled
A7-03,Section 3,3,1.6647839546203613,578.0,1.6647839546203613,solid,sampled
A7-03,Section 3,3,1.6604664325714111,579.0,1.6604664325714111,solid,sampled
A7-03,Section 3,3,1.6676279306411743,580.0,1.6676279306411743,solid,sampled
A7-03,Section 3,3,1.6457065343856812,581.0,1.6457065343856812,solid,sampled
A7-03,Section 3,3,1.6628608703613281,582.0,1.6628608703613281,solid,sampled
A7-03,Section 3,3,1.6697068214416504,583.0,1.6697068214416504,solid,sampled
A7-03,Section 3,3,1.6732155084609985,584.0,1.6732155084609985,solid,sampled
A7-03,Section 3,3,1.6709071397781372,585.0,1.6709071397781372,solid,sampled
A7-03,Section 3,3,1.676634669303894,586.0,1.676634669303894,solid,sampled
A7-03,Section 3,3,1.6739623546600342,587.0,1.6739623546600342,solid,sampled
A7-03,Section 3,3,1.6886744499206543,588.0,1.6886744499206543,solid,sampled
A7-03,Section 3,3,1.69552743434906,589.0,1.69552743434906,solid,sampled
A7-03,Section 3,3,1.6952089071273804,590.0,1.6952089071273804,solid,sampled
A7-03,Section 3,3,1.697526216506958,591.0,1.697526216506958,solid,sampled
A7-03,Section 3,3,1.6897220611572266,592.0,1.6897220611572266,solid,sampled
A7-03,Section 3,3,1.700763463973999,593.0,1.700763463973999,solid,sampled
A7-03,Section 3,3,1.710524320602417,594.0,1.710524320602417,solid,sampled
A7-03,Section 3,3,1.7117027044296265,595.0,1.7117027044296265,solid,sampled
A7-03,Section 3,3,1.7115898132324219,596.0,1.7115898132324219,solid,sampled
A7-03,Section 3,3,1.716757893562317,597.0,1.716757893562317,solid,sampled
A7-03,Section 3,3,1.7241079807281494,598.0,1.7241079807281494,solid,sampled
A7-03,Section 3,3,1.7297486066818237,599.0,1.7297486066818237,solid,sampled
A7-03,Section 3,3,1.732623815536499,600.0,1.732623815536499,solid,sampled
A7-03,Section 3,3,1.735548973083496,601.0,1.735548973083496,solid,sampled
A7-03,Section 3,3,1.7400329113006592,602.0,1.7400329113006592,solid,sampled
A7-03,Section 3,3,1.7457166910171509,603.0,1.7457166910171509,solid,sampled
A7-03,Section 3,3,1.7475476264953613,604.0,1.7475476264953613,solid,sampled
A7-03,Section 3,3,1.7584154605865479,605.0,1.7584154605865479,solid,sampled
A7-03,Section 3,3,1.76621413230896,606.0,1.76621413230896,solid,sampled
A7-03,Section 3,3,1.7662469148635864,607.0,1.7662469148635864,solid,sampled
A7-03,Section 3,3,1.7776572704315186,608.0,1.7776572704315186,solid,sampled
A7-03,Section 3,3,1.7798025608062744,609.0,1.7798025608062744,solid,sampled
A7-03,Section 3,3,1.7751121520996094,610.0,1.7751121520996094,solid,sampled
A7-03,Section 3,3,1.7869420051574707,611.0,1.7869420051574707,solid,sampled
A7-03,Section 3,3,1.7989170551300049,612.0,1.7989170551300049,solid,sampled
A7-03,Section 3,3,1.8020087480545044,613.0,1.8020087480545044,solid,sampled
A7-03,Section 3,3,1.8060128688812256,614.0,1.8060128688812256,solid,sampled
A7-03,Section 3,3,1.8084434270858765,615.0,1.8084434270858765,solid,sampled
A7-03,Section 3,3,1.8175981044769287,616.0,1.8175981044769287,solid,sampled
A7-03,Section 3,3,1.8293640613555908,617.0,1.8293640613555908,solid,sampled
A7-03,Section 3,3,1.8267295360565186,618.0,1.8267295360565186,solid,sampled
A7-03,Section 3,3,1.8338186740875244,619.0,1.8338186740875244,solid,sampled
A7-03,Section 3,3,1.83976411819458,620.0,1.83976411819458,solid,sampled
A7-03,Section 3,3,1.8442564010620117,621.0,1.8442564010620117,solid,sampled
A7-03,Section 3,3,1.8505828380584717,622.0,1.8505828380584717,solid,sampled
A7-03,Section 3,3,1.8624911308288574,623.0,1.8624911308288574,solid,sampled
A7-03,Section 3,3,1.8723231554031372,624.0,1.8723231554031372,solid,sampled
A7-03,Section 3,3,1.874476432800293,625.0,1.874476432800293,solid,sampled
A7-03,Section 3,3,1.8888599872589111,626.0,1.8888599872589111,solid,sampled
A7-03,Section 3,3,1.8861759901046753,627.0,1.8861759901046753,solid,sampled
A7-03,Section 3,3,1.9001832008361816,628.0,1.9001832008361816,solid,sampled
A7-03,Section 3,3,1.9006813764572144,629.0,1.9006813764572144,solid,sampled
A7-03,Section 3,3,1.9054930210113525,630.0,1.9054930210113525,solid,sampled
A7-03,Section 3,3,1.917648434638977,631.0,1.917648434638977,solid,sampled
A7-03,Section 3,3,1.9292064905166626,632.0,1.9292064905166626,solid,sampled
A7-03,Section 3,3,1.9453017711639404,633.0,1.9453017711639404,solid,sampled
A7-03,Section 3,3,1.9364460706710815,634.0,1.9364460706710815,solid,sampled
A7-03,Section 3,3,1.9676066637039185,635.0,1.9676066637039185,solid,sampled
A7-03,Section 3,3,2.062208414077759,636.0,2.062208414077759,solid,sampled
A7-03,Section 3,3,2.35166072845459,637.0,2.35166072845459,solid,sampled
A7-03,Section 3,3,11.946563720703125,638.0,11.946563720703125,solid,sampled
A7-03,Section 3,3,12.749213218688965,639.0,12.749213218688965,solid,sampled
A7-03,Section 3,3,13.395304679870605,640.0,13.395304679870605,solid,sampled
A7-03,Section 3,3,13.922441482543945,641.0,13.922441482543945,solid,sampled
A7-03,Section 3,3,13.090581893920898,642.0,13.090581893920898,solid,sampled
A7-03,Section 3,3,13.869474411010742,643.0,13.869474411010742,solid,sampled
A7-03,Section 3,3,14.324357986450195,644.0,14.324357986450195,solid,sampled
A7-03,Section 3,3,13.464107513427734,645.0,13.464107513427734,solid,sampled
A7-03,Section 3,3,12.007833480834961,646.0,12.007833480834961,solid,sampled
A7-03,Section 3,3,6.106670379638672,647.0,6.106670379638672,solid,sampled
A7-03,Section 3,3,6.127782344818115,648.0,6.127782344818115,solid,sampled
A7-03,Section 3,3,6.159333229064941,649.0,6.159333229064941,solid,sampled
A7-03,Section 3,3,6.070432662963867,650.0,6.070432662963867,solid,sampled
A7-03,Section 3,3,10.37143325805664,651.0,10.37143325805664,solid,sampled
A7-03,Section 3,3,9.759883880615234,652.0,9.759883880615234,solid,sampled
A7-03,Section 3,3,9.801856994628906,653.0,9.801856994628906,solid,sampled
A7-03,Section 3,3,8.977646827697754,654.0,8.977646827697754,solid,sampled
A7-03,Section 3,3,7.051230430603027,655.0,7.051230430603027,solid,sampled
A7-03,Section 3,3,6.2869439125061035,656.0,6.2869439125061035,solid,sampled
A7-03,Section 3,3,8.315519332885742,657.0,8.315519332885742,solid,sampled
A7-03,Section 3,3,8.457906723022461,658.0,8.457906723022461,solid,sampled
A7-03,Section 3,3,8.595693588256836,659.0,8.595693588256836,solid,sampled
A7-03,Section 3,3,9.186546325683594,660.0,9.186546325683594,solid,sampled
A7-03,Section 3,3,9.133770942687988,661.0,9.133770942687988,solid,sampled
A7-03,Section 3,3,7.430425643920898,662.0,7.430425643920898,solid,sampled
A7-03,Section 3,3,7.604960918426514,663.0,7.604960918426514,solid,sampled
A7-03,Section 3,3,7.808032989501953,664.0,7.808032989501953,solid,sampled
A7-03,Section 3,3,8.017912864685059,665.0,8.017912864685059,solid,sampled
A7-03,Section 3,3,8.056058883666992,666.0,8.056058883666992,solid,sampled
A7-03,Section 3,3,8.179824829101562,667.0,8.179824829101562,solid,sampled
A7-03,Section 3,3,8.322077751159668,668.0,8.322077751159668,solid,sampled
A7-03,Section 3,3,8.380566596984863,669.0,8.380566596984863,solid,sampled
A7-03,Section 3,3,8.441479682922363,670.0,8.441479682922363,solid,sampled
A7-03,Section 3,3,8.504298210144043,671.0,8.504298210144043,solid,sampled
A7-03,Section 3,3,8.451108932495117,672.0,8.451108932495117,solid,sampled
A7-03,Section 3,3,8.488892555236816,673.0,8.488892555236816,solid,sampled
A7-03,Section 3,3,8.550468444824219,674.0,8.550468444824219,solid,sampled
A7-03,Section 3,3,8.63299560546875,675.0,8.63299560546875,solid,sampled
A7-03,Section 3,3,8.682868003845215,676.0,8.682868003845215,solid,sampled
A7-03,Section 3,3,8.734283447265625,677.0,8.734283447265625,solid,sampled
A7-03,Section 3,3,8.83593463897705,678.0,8.83593463897705,solid,sampled
A7-03,Section 3,3,8.846405029296875,679.0,8.846405029296875,solid,sampled
A7-03,Section 3,3,8.893872261047363,680.0,8.893872261047363,solid,sampled
A7-03,Section 3,3,8.977872848510742,681.0,8.977872848510742,solid,sampled
A7-03,Section 3,3,0.0,682.0,,dotted,null_fill
A7-03,Section 3,3,0.0,683.0,,dotted,null_fill
A7-03,Section 3,3,0.0,684.0,,dotted,null_fill
A7-03,Section 3,3,0.0,685.0,,dotted,null_fill
A7-03,Section 3,3,0.0,686.0,,dotted,null_fill
A7-03,Section 3,3,0.0,687.0,,dotted,null_fill
A7-03,Section 3,3,0.0,688.0,,dotted,null_fill
A7-03,Section 3,3,0.0,689.0,,dotted,null_fill
A7-03,Section 3,3,0.0,690.0,,dotted,null_fill
A7-03,Section 3,3,0.0,691.0,,dotted,null_fill
A7-03,Section 3,3,0.0,692.0,,dotted,null_fill
A7-03,Section 3,3,0.0,693.0,,dotted,null_fill
A7-03,Section 3,3,0.0,694.0,,dotted,null_fill
A7-03,Section 3,3,0.0,695.0,,dotted,null_fill
A7-03,Section 3,3,0.0,696.0,,dotted,null_fill
A7-03,Section 3,3,0.0,697.0,,dotted,null_fill
